{
"type": "FeatureCollection",
"features": [
{ "type": "Feature", "properties": { "raster_val": 2 }, "geometry": { "type": "Polygon", "coordinates": [ [ [ 8555121.320701895281672, 1059151.992569144116715 ], [ 8555121.320701895281672, 1059120.983912245137617 ], [ 8555586.450555378571153, 1059120.983912245137617 ], [ 8555586.450555378571153, 1059151.992569144116715 ], [ 8555121.320701895281672, 1059151.992569144116715 ] ] ] } },
{ "type": "Feature", "properties": { "raster_val": 3 }, "geometry": { "type": "Polygon", "coordinates": [ [ [ 8555586.450555378571153, 1059151.992569144116715 ], [ 8555586.450555378571153, 1059120.983912245137617 ], [ 8555958.554438164457679, 1059120.983912245137617 ], [ 8555958.554438164457679, 1059058.966598447645083 ], [ 8555989.563095062971115, 1059058.966598447645083 ], [ 8555989.563095062971115, 1059151.992569144116715 ], [ 8555586.450555378571153, 1059151.992569144116715 ] ] ] } },
{ "type": "Feature", "properties": { "raster_val": 5 }, "geometry": { "type": "Polygon", "coordinates": [ [ [ 8556330.658320950344205, 1059151.992569144116715 ], [ 8556330.658320950344205, 1059120.983912245137617 ], [ 8556795.78817443177104, 1059120.983912245137617 ], [ 8556795.78817443177104, 1059151.992569144116715 ], [ 8556330.658320950344205, 1059151.992569144116715 ] ] ] } },
{ "type": "Feature", "properties": { "raster_val": 6 }, "geometry": { "type": "Polygon", "coordinates": [ [ [ 8556795.78817443177104, 1059151.992569144116715 ], [ 8556795.78817443177104, 1059120.983912245137617 ], [ 8557260.91802791506052, 1059120.983912245137617 ], [ 8557260.91802791506052, 1059151.992569144116715 ], [ 8556795.78817443177104, 1059151.992569144116715 ] ] ] } },
{ "type": "Feature", "properties": { "raster_val": 7 }, "geometry": { "type": "Polygon", "coordinates": [ [ [ 8557260.91802791506052, 1059151.992569144116715 ], [ 8557260.91802791506052, 1059120.983912245137617 ], [ 8557726.047881396487355, 1059120.983912245137617 ], [ 8557726.047881396487355, 1059151.992569144116715 ], [ 8557260.91802791506052, 1059151.992569144116715 ] ] ] } },
{ "type": "Feature", "properties": { "raster_val": 8 }, "geometry": { "type": "Polygon", "coordinates": [ [ [ 8557726.047881396487355, 1059151.992569144116715 ], [ 8557726.047881396487355, 1059120.983912245137617 ], [ 8558191.17773487791419, 1059120.983912245137617 ], [ 8558191.17773487791419, 1059151.992569144116715 ], [ 8557726.047881396487355, 1059151.992569144116715 ] ] ] } },
{ "type": "Feature", "properties": { "raster_val": 9 }, "geometry": { "type": "Polygon", "coordinates": [ [ [ 8558191.17773487791419, 1059151.992569144116715 ], [ 8558191.17773487791419, 1059120.983912245137617 ], [ 8558656.307588361203671, 1059120.983912245137617 ], [ 8558656.307588361203671, 1059151.992569144116715 ], [ 8558191.17773487791419, 1059151.992569144116715 ] ] ] } },
{ "type": "Feature", "properties": { "raster_val": 10 }, "geometry": { "type": "Polygon", "coordinates": [ [ [ 8558656.307588361203671, 1059151.992569144116715 ], [ 8558656.307588361203671, 1059120.983912245137617 ], [ 8559121.437441842630506, 1059120.983912245137617 ], [ 8559121.437441842630506, 1059151.992569144116715 ], [ 8558656.307588361203671, 1059151.992569144116715 ] ] ] } },
{ "type": "Feature", "properties": { "raster_val": 11 }, "geometry": { "type": "Polygon", "coordinates": [ [ [ 8559121.437441842630506, 1059151.992569144116715 ], [ 8559121.437441842630506, 1059120.983912245137617 ], [ 8559431.524010831490159, 1059120.983912245137617 ], [ 8559431.524010831490159, 1059027.957941548665985 ], [ 8559493.541324628517032, 1059027.957941548665985 ], [ 8559493.541324628517032, 1059058.966598447645083 ], [ 8559462.532667730003595, 1059058.966598447645083 ], [ 8559462.532667730003595, 1059151.992569144116715 ], [ 8559121.437441842630506, 1059151.992569144116715 ] ] ] } },
{ "type": "Feature", "properties": { "raster_val": 1 }, "geometry": { "type": "Polygon", "coordinates": [ [ [ 8554873.251446705311537, 1059151.992569144116715 ], [ 8555121.320701895281672, 1059151.992569144116715 ], [ 8555121.320701895281672, 1059120.983912245137617 ], [ 8554904.260103603824973, 1059120.983912245137617 ], [ 8554904.260103603824973, 1059027.957941548665985 ], [ 8554749.216819109395146, 1059027.957941548665985 ], [ 8554749.216819109395146, 1059058.966598447645083 ], [ 8554873.251446705311537, 1059058.966598447645083 ], [ 8554873.251446705311537, 1059151.992569144116715 ] ] ] } },
{ "type": "Feature", "properties": { "raster_val": 12 }, "geometry": { "type": "Polygon", "coordinates": [ [ [ 8559524.549981528893113, 1059151.992569144116715 ], [ 8559865.645207414403558, 1059151.992569144116715 ], [ 8559865.645207414403558, 1059120.983912245137617 ], [ 8559555.558638427406549, 1059120.983912245137617 ], [ 8559555.558638427406549, 1059027.957941548665985 ], [ 8559493.541324628517032, 1059027.957941548665985 ], [ 8559493.541324628517032, 1059058.966598447645083 ], [ 8559524.549981528893113, 1059058.966598447645083 ], [ 8559524.549981528893113, 1059151.992569144116715 ] ] ] } },
{ "type": "Feature", "properties": { "raster_val": 4 }, "geometry": { "type": "Polygon", "coordinates": [ [ [ 8556082.589065758511424, 1059151.992569144116715 ], [ 8556082.589065758511424, 1059027.957941548665985 ], [ 8556175.615036455914378, 1059027.957941548665985 ], [ 8556175.615036455914378, 1058996.949284649919719 ], [ 8556206.623693354427814, 1058996.949284649919719 ], [ 8556206.623693354427814, 1059058.966598447645083 ], [ 8556113.59772265702486, 1059058.966598447645083 ], [ 8556113.59772265702486, 1059120.983912245137617 ], [ 8556330.658320950344205, 1059120.983912245137617 ], [ 8556330.658320950344205, 1059151.992569144116715 ], [ 8556082.589065758511424, 1059151.992569144116715 ] ] ] } },
{ "type": "Feature", "properties": { "raster_val": 14 }, "geometry": { "type": "Polygon", "coordinates": [ [ [ 8555803.511153670027852, 1059058.966598447645083 ], [ 8555803.511153670027852, 1058748.880029459483922 ], [ 8555834.519810568541288, 1058748.880029459483922 ], [ 8555834.519810568541288, 1059027.957941548665985 ], [ 8555989.563095062971115, 1059027.957941548665985 ], [ 8555989.563095062971115, 1059058.966598447645083 ], [ 8555803.511153670027852, 1059058.966598447645083 ] ] ] } },
{ "type": "Feature", "properties": { "raster_val": 15 }, "geometry": { "type": "Polygon", "coordinates": [ [ [ 8554749.216819109395146, 1059027.957941548665985 ], [ 8554749.216819109395146, 1058562.828088066540658 ], [ 8554780.225476007908583, 1058562.828088066540658 ], [ 8554780.225476007908583, 1059027.957941548665985 ], [ 8554749.216819109395146, 1059027.957941548665985 ] ] ] } },
{ "type": "Feature", "properties": { "raster_val": 16 }, "geometry": { "type": "Polygon", "coordinates": [ [ [ 8556082.589065758511424, 1058996.949284649919719 ], [ 8556206.623693354427814, 1058996.949284649919719 ], [ 8556206.623693354427814, 1058965.940627751173452 ], [ 8556113.59772265702486, 1058965.940627751173452 ], [ 8556113.59772265702486, 1058810.897343256976455 ], [ 8555989.563095062971115, 1058810.897343256976455 ], [ 8555989.563095062971115, 1058748.880029459483922 ], [ 8555958.554438164457679, 1058748.880029459483922 ], [ 8555958.554438164457679, 1058841.906000155722722 ], [ 8556082.589065758511424, 1058841.906000155722722 ], [ 8556082.589065758511424, 1058996.949284649919719 ] ] ] } },
{ "type": "Feature", "properties": { "raster_val": 17 }, "geometry": { "type": "Polygon", "coordinates": [ [ [ 8555803.511153670027852, 1058748.880029459483922 ], [ 8555803.511153670027852, 1058717.871372560504824 ], [ 8555989.563095062971115, 1058717.871372560504824 ], [ 8555989.563095062971115, 1058748.880029459483922 ], [ 8555803.511153670027852, 1058748.880029459483922 ] ] ] } },
{ "type": "Feature", "properties": { "raster_val": 13 }, "geometry": { "type": "Polygon", "coordinates": [ [ [ 8559834.636550515890121, 1059120.983912245137617 ], [ 8559865.645207414403558, 1059120.983912245137617 ], [ 8559865.645207414403558, 1058717.871372560504824 ], [ 8559772.619236718863249, 1058717.871372560504824 ], [ 8559772.619236718863249, 1058748.880029459483922 ], [ 8559834.636550515890121, 1058748.880029459483922 ], [ 8559834.636550515890121, 1059120.983912245137617 ] ] ] } },
{ "type": "Feature", "properties": { "raster_val": 18 }, "geometry": { "type": "Polygon", "coordinates": [ [ [ 8559741.610579820349813, 1058748.880029459483922 ], [ 8559772.619236718863249, 1058748.880029459483922 ], [ 8559772.619236718863249, 1058655.85405876301229 ], [ 8559648.584609122946858, 1058655.85405876301229 ], [ 8559648.584609122946858, 1058407.784803572343662 ], [ 8559617.575952224433422, 1058407.784803572343662 ], [ 8559617.575952224433422, 1058686.862715661758557 ], [ 8559741.610579820349813, 1058686.862715661758557 ], [ 8559741.610579820349813, 1058748.880029459483922 ] ] ] } },
{ "type": "Feature", "properties": { "raster_val": 20 }, "geometry": { "type": "Polygon", "coordinates": [ [ [ 8559307.489383235573769, 1058438.793460471089929 ], [ 8559307.489383235573769, 1058345.767489774618298 ], [ 8559431.524010831490159, 1058345.767489774618298 ], [ 8559431.524010831490159, 1058314.758832875872031 ], [ 8559462.532667730003595, 1058314.758832875872031 ], [ 8559462.532667730003595, 1058376.776146673597395 ], [ 8559338.49804013594985, 1058376.776146673597395 ], [ 8559338.49804013594985, 1058407.784803572343662 ], [ 8559555.558638427406549, 1058407.784803572343662 ], [ 8559555.558638427406549, 1058438.793460471089929 ], [ 8559307.489383235573769, 1058438.793460471089929 ] ] ] } },
{ "type": "Feature", "properties": { "raster_val": 21 }, "geometry": { "type": "Polygon", "coordinates": [ [ [ 8559648.584609122946858, 1058438.793460471089929 ], [ 8559772.619236718863249, 1058438.793460471089929 ], [ 8559772.619236718863249, 1058345.767489774618298 ], [ 8559524.549981528893113, 1058345.767489774618298 ], [ 8559524.549981528893113, 1058407.784803572343662 ], [ 8559555.558638427406549, 1058407.784803572343662 ], [ 8559555.558638427406549, 1058376.776146673597395 ], [ 8559741.610579820349813, 1058376.776146673597395 ], [ 8559741.610579820349813, 1058407.784803572343662 ], [ 8559648.584609122946858, 1058407.784803572343662 ], [ 8559648.584609122946858, 1058438.793460471089929 ] ] ] } },
{ "type": "Feature", "properties": { "raster_val": 19 }, "geometry": { "type": "Polygon", "coordinates": [ [ [ 8554749.216819109395146, 1058562.828088066540658 ], [ 8554749.216819109395146, 1058097.698234584182501 ], [ 8554780.225476007908583, 1058097.698234584182501 ], [ 8554780.225476007908583, 1058562.828088066540658 ], [ 8554749.216819109395146, 1058562.828088066540658 ] ] ] } },
{ "type": "Feature", "properties": { "raster_val": 22 }, "geometry": { "type": "Polygon", "coordinates": [ [ [ 8559431.524010831490159, 1058314.758832875872031 ], [ 8559431.524010831490159, 1058221.732862179400399 ], [ 8559524.549981528893113, 1058221.732862179400399 ], [ 8559524.549981528893113, 1058097.698234584182501 ], [ 8559617.575952224433422, 1058097.698234584182501 ], [ 8559617.575952224433422, 1058035.680920786457136 ], [ 8559648.584609122946858, 1058035.680920786457136 ], [ 8559648.584609122946858, 1058128.706891482928768 ], [ 8559555.558638427406549, 1058128.706891482928768 ], [ 8559555.558638427406549, 1058252.741519078146666 ], [ 8559462.532667730003595, 1058252.741519078146666 ], [ 8559462.532667730003595, 1058314.758832875872031 ], [ 8559431.524010831490159, 1058314.758832875872031 ] ] ] } },
{ "type": "Feature", "properties": { "raster_val": 23 }, "geometry": { "type": "Polygon", "coordinates": [ [ [ 8554749.216819109395146, 1058097.698234584182501 ], [ 8554749.216819109395146, 1058035.680920786457136 ], [ 8554873.251446705311537, 1058035.680920786457136 ], [ 8554873.251446705311537, 1057911.646293191239238 ], [ 8554935.268760502338409, 1057911.646293191239238 ], [ 8554935.268760502338409, 1057818.620322494767606 ], [ 8554966.277417400851846, 1057818.620322494767606 ], [ 8554966.277417400851846, 1057942.654950089985505 ], [ 8554904.260103603824973, 1057942.654950089985505 ], [ 8554904.260103603824973, 1058066.689577685436234 ], [ 8554780.225476007908583, 1058066.689577685436234 ], [ 8554780.225476007908583, 1058097.698234584182501 ], [ 8554749.216819109395146, 1058097.698234584182501 ] ] ] } },
{ "type": "Feature", "properties": { "raster_val": 24 }, "geometry": { "type": "Polygon", "coordinates": [ [ [ 8558997.40281424857676, 1058066.689577685436234 ], [ 8558997.40281424857676, 1057818.620322494767606 ], [ 8559028.411471147090197, 1057818.620322494767606 ], [ 8559028.411471147090197, 1058035.680920786457136 ], [ 8559245.472069438546896, 1058035.680920786457136 ], [ 8559245.472069438546896, 1058066.689577685436234 ], [ 8558997.40281424857676, 1058066.689577685436234 ] ] ] } },
{ "type": "Feature", "properties": { "raster_val": 25 }, "geometry": { "type": "Polygon", "coordinates": [ [ [ 8559245.472069438546896, 1058066.689577685436234 ], [ 8559245.472069438546896, 1058035.680920786457136 ], [ 8559307.489383235573769, 1058035.680920786457136 ], [ 8559307.489383235573769, 1057911.646293191239238 ], [ 8559431.524010831490159, 1057911.646293191239238 ], [ 8559431.524010831490159, 1057818.620322494767606 ], [ 8559493.541324628517032, 1057818.620322494767606 ], [ 8559493.541324628517032, 1057849.628979393513873 ], [ 8559462.532667730003595, 1057849.628979393513873 ], [ 8559462.532667730003595, 1057942.654950089985505 ], [ 8559338.49804013594985, 1057942.654950089985505 ], [ 8559338.49804013594985, 1058066.689577685436234 ], [ 8559245.472069438546896, 1058066.689577685436234 ] ] ] } },
{ "type": "Feature", "properties": { "raster_val": 28 }, "geometry": { "type": "Polygon", "coordinates": [ [ [ 8559493.541324628517032, 1057849.628979393513873 ], [ 8559493.541324628517032, 1057818.620322494767606 ], [ 8559617.575952224433422, 1057818.620322494767606 ], [ 8559617.575952224433422, 1057849.628979393513873 ], [ 8559493.541324628517032, 1057849.628979393513873 ] ] ] } },
{ "type": "Feature", "properties": { "raster_val": 26 }, "geometry": { "type": "Polygon", "coordinates": [ [ [ 8559617.575952224433422, 1058035.680920786457136 ], [ 8559648.584609122946858, 1058035.680920786457136 ], [ 8559648.584609122946858, 1057942.654950089985505 ], [ 8559772.619236718863249, 1057942.654950089985505 ], [ 8559772.619236718863249, 1057818.620322494767606 ], [ 8559617.575952224433422, 1057818.620322494767606 ], [ 8559617.575952224433422, 1057849.628979393513873 ], [ 8559741.610579820349813, 1057849.628979393513873 ], [ 8559741.610579820349813, 1057911.646293191239238 ], [ 8559617.575952224433422, 1057911.646293191239238 ], [ 8559617.575952224433422, 1058035.680920786457136 ] ] ] } },
{ "type": "Feature", "properties": { "raster_val": 27 }, "geometry": { "type": "Polygon", "coordinates": [ [ [ 8554966.277417400851846, 1057849.628979393513873 ], [ 8554966.277417400851846, 1057818.620322494767606 ], [ 8555090.312044996768236, 1057818.620322494767606 ], [ 8555090.312044996768236, 1057725.594351798295975 ], [ 8555183.338015692308545, 1057725.594351798295975 ], [ 8555183.338015692308545, 1057601.559724203078076 ], [ 8555214.346672592684627, 1057601.559724203078076 ], [ 8555214.346672592684627, 1057756.603008697042242 ], [ 8555121.320701895281672, 1057756.603008697042242 ], [ 8555121.320701895281672, 1057849.628979393513873 ], [ 8554966.277417400851846, 1057849.628979393513873 ] ] ] } },
{ "type": "Feature", "properties": { "raster_val": 30 }, "geometry": { "type": "Polygon", "coordinates": [ [ [ 8558842.359529754146934, 1057632.568381101824343 ], [ 8558842.359529754146934, 1057446.51643970888108 ], [ 8558935.385500449687243, 1057446.51643970888108 ], [ 8558935.385500449687243, 1057477.525096607627347 ], [ 8558873.36818665266037, 1057477.525096607627347 ], [ 8558873.36818665266037, 1057601.559724203078076 ], [ 8558997.40281424857676, 1057601.559724203078076 ], [ 8558997.40281424857676, 1057539.542410405352712 ], [ 8559028.411471147090197, 1057539.542410405352712 ], [ 8559028.411471147090197, 1057632.568381101824343 ], [ 8558842.359529754146934, 1057632.568381101824343 ] ] ] } },
{ "type": "Feature", "properties": { "raster_val": 32 }, "geometry": { "type": "Polygon", "coordinates": [ [ [ 8558997.40281424857676, 1057539.542410405352712 ], [ 8558997.40281424857676, 1057508.533753506606445 ], [ 8559090.428784944117069, 1057508.533753506606445 ], [ 8559090.428784944117069, 1057539.542410405352712 ], [ 8558997.40281424857676, 1057539.542410405352712 ] ] ] } },
{ "type": "Feature", "properties": { "raster_val": 29 }, "geometry": { "type": "Polygon", "coordinates": [ [ [ 8558997.40281424857676, 1057818.620322494767606 ], [ 8559028.411471147090197, 1057818.620322494767606 ], [ 8559028.411471147090197, 1057756.603008697042242 ], [ 8559152.446098743006587, 1057756.603008697042242 ], [ 8559152.446098743006587, 1057508.533753506606445 ], [ 8559090.428784944117069, 1057508.533753506606445 ], [ 8559090.428784944117069, 1057539.542410405352712 ], [ 8559121.437441842630506, 1057539.542410405352712 ], [ 8559121.437441842630506, 1057725.594351798295975 ], [ 8558997.40281424857676, 1057725.594351798295975 ], [ 8558997.40281424857676, 1057818.620322494767606 ] ] ] } },
{ "type": "Feature", "properties": { "raster_val": 31 }, "geometry": { "type": "Polygon", "coordinates": [ [ [ 8555183.338015692308545, 1057601.559724203078076 ], [ 8555214.346672592684627, 1057601.559724203078076 ], [ 8555214.346672592684627, 1057446.51643970888108 ], [ 8555121.320701895281672, 1057446.51643970888108 ], [ 8555121.320701895281672, 1057322.481812113663182 ], [ 8555183.338015692308545, 1057322.481812113663182 ], [ 8555183.338015692308545, 1057291.473155214916915 ], [ 8555090.312044996768236, 1057291.473155214916915 ], [ 8555090.312044996768236, 1057477.525096607627347 ], [ 8555183.338015692308545, 1057477.525096607627347 ], [ 8555183.338015692308545, 1057601.559724203078076 ] ] ] } },
{ "type": "Feature", "properties": { "raster_val": 33 }, "geometry": { "type": "Polygon", "coordinates": [ [ [ 8558935.385500449687243, 1057477.525096607627347 ], [ 8558935.385500449687243, 1057446.51643970888108 ], [ 8559121.437441842630506, 1057446.51643970888108 ], [ 8559121.437441842630506, 1057198.447184518445283 ], [ 8559152.446098743006587, 1057198.447184518445283 ], [ 8559152.446098743006587, 1057477.525096607627347 ], [ 8558935.385500449687243, 1057477.525096607627347 ] ] ] } },
{ "type": "Feature", "properties": { "raster_val": 35 }, "geometry": { "type": "Polygon", "coordinates": [ [ [ 8559152.446098743006587, 1057229.45584141719155 ], [ 8559152.446098743006587, 1057198.447184518445283 ], [ 8559214.46341254003346, 1057198.447184518445283 ], [ 8559214.46341254003346, 1057136.429870720719919 ], [ 8559431.524010831490159, 1057136.429870720719919 ], [ 8559431.524010831490159, 1057043.403900024248287 ], [ 8559462.532667730003595, 1057043.403900024248287 ], [ 8559462.532667730003595, 1057167.438527619466186 ], [ 8559245.472069438546896, 1057167.438527619466186 ], [ 8559245.472069438546896, 1057229.45584141719155 ], [ 8559152.446098743006587, 1057229.45584141719155 ] ] ] } },
{ "type": "Feature", "properties": { "raster_val": 34 }, "geometry": { "type": "Polygon", "coordinates": [ [ [ 8555183.338015692308545, 1057322.481812113663182 ], [ 8555214.346672592684627, 1057322.481812113663182 ], [ 8555214.346672592684627, 1057198.447184518445283 ], [ 8555121.320701895281672, 1057198.447184518445283 ], [ 8555121.320701895281672, 1057136.429870720719919 ], [ 8554966.277417400851846, 1057136.429870720719919 ], [ 8554966.277417400851846, 1057105.421213821973652 ], [ 8554935.268760502338409, 1057105.421213821973652 ], [ 8554935.268760502338409, 1057167.438527619466186 ], [ 8555090.312044996768236, 1057167.438527619466186 ], [ 8555090.312044996768236, 1057229.45584141719155 ], [ 8555183.338015692308545, 1057229.45584141719155 ], [ 8555183.338015692308545, 1057322.481812113663182 ] ] ] } },
{ "type": "Feature", "properties": { "raster_val": 36 }, "geometry": { "type": "Polygon", "coordinates": [ [ [ 8554935.268760502338409, 1057105.421213821973652 ], [ 8554935.268760502338409, 1056826.343301732558757 ], [ 8555090.312044996768236, 1056826.343301732558757 ], [ 8555090.312044996768236, 1056795.334644833579659 ], [ 8555121.320701895281672, 1056795.334644833579659 ], [ 8555121.320701895281672, 1056857.351958631305024 ], [ 8554966.277417400851846, 1056857.351958631305024 ], [ 8554966.277417400851846, 1057105.421213821973652 ], [ 8554935.268760502338409, 1057105.421213821973652 ] ] ] } },
{ "type": "Feature", "properties": { "raster_val": 37 }, "geometry": { "type": "Polygon", "coordinates": [ [ [ 8559431.524010831490159, 1057043.403900024248287 ], [ 8559431.524010831490159, 1057012.39524312550202 ], [ 8559617.575952224433422, 1057012.39524312550202 ], [ 8559617.575952224433422, 1056826.343301732558757 ], [ 8559710.601922921836376, 1056826.343301732558757 ], [ 8559710.601922921836376, 1056857.351958631305024 ], [ 8559648.584609122946858, 1056857.351958631305024 ], [ 8559648.584609122946858, 1057043.403900024248287 ], [ 8559431.524010831490159, 1057043.403900024248287 ] ] ] } },
{ "type": "Feature", "properties": { "raster_val": 38 }, "geometry": { "type": "Polygon", "coordinates": [ [ [ 8559710.601922921836376, 1056857.351958631305024 ], [ 8559710.601922921836376, 1056826.343301732558757 ], [ 8559834.636550515890121, 1056826.343301732558757 ], [ 8559834.636550515890121, 1056516.256732744397596 ], [ 8559865.645207414403558, 1056516.256732744397596 ], [ 8559865.645207414403558, 1056857.351958631305024 ], [ 8559710.601922921836376, 1056857.351958631305024 ] ] ] } },
{ "type": "Feature", "properties": { "raster_val": 40 }, "geometry": { "type": "Polygon", "coordinates": [ [ [ 8559865.645207414403558, 1056547.265389643143862 ], [ 8559865.645207414403558, 1056516.256732744397596 ], [ 8560051.697148807346821, 1056516.256732744397596 ], [ 8560051.697148807346821, 1056392.222105148946866 ], [ 8560206.740433301776648, 1056392.222105148946866 ], [ 8560206.740433301776648, 1056423.230762047925964 ], [ 8560082.705805705860257, 1056423.230762047925964 ], [ 8560082.705805705860257, 1056547.265389643143862 ], [ 8559865.645207414403558, 1056547.265389643143862 ] ] ] } },
{ "type": "Feature", "properties": { "raster_val": 39 }, "geometry": { "type": "Polygon", "coordinates": [ [ [ 8555090.312044996768236, 1056795.334644833579659 ], [ 8555121.320701895281672, 1056795.334644833579659 ], [ 8555121.320701895281672, 1056392.222105148946866 ], [ 8555028.294731199741364, 1056392.222105148946866 ], [ 8555028.294731199741364, 1056423.230762047925964 ], [ 8555090.312044996768236, 1056423.230762047925964 ], [ 8555090.312044996768236, 1056795.334644833579659 ] ] ] } },
{ "type": "Feature", "properties": { "raster_val": 42 }, "geometry": { "type": "Polygon", "coordinates": [ [ [ 8560206.740433301776648, 1056423.230762047925964 ], [ 8560206.740433301776648, 1056299.196134452475235 ], [ 8560423.801031593233347, 1056299.196134452475235 ], [ 8560423.801031593233347, 1056206.170163756003603 ], [ 8560485.818345392122865, 1056206.170163756003603 ], [ 8560485.818345392122865, 1056237.178820654982701 ], [ 8560454.809688491746783, 1056237.178820654982701 ], [ 8560454.809688491746783, 1056330.204791351454332 ], [ 8560237.749090200290084, 1056330.204791351454332 ], [ 8560237.749090200290084, 1056423.230762047925964 ], [ 8560206.740433301776648, 1056423.230762047925964 ] ] ] } },
{ "type": "Feature", "properties": { "raster_val": 41 }, "geometry": { "type": "Polygon", "coordinates": [ [ [ 8554935.268760502338409, 1056423.230762047925964 ], [ 8555028.294731199741364, 1056423.230762047925964 ], [ 8555028.294731199741364, 1056392.222105148946866 ], [ 8554966.277417400851846, 1056392.222105148946866 ], [ 8554966.277417400851846, 1056299.196134452475235 ], [ 8554780.225476007908583, 1056299.196134452475235 ], [ 8554780.225476007908583, 1056206.170163756003603 ], [ 8554749.216819109395146, 1056206.170163756003603 ], [ 8554749.216819109395146, 1056330.204791351454332 ], [ 8554935.268760502338409, 1056330.204791351454332 ], [ 8554935.268760502338409, 1056423.230762047925964 ] ] ] } },
{ "type": "Feature", "properties": { "raster_val": 45 }, "geometry": { "type": "Polygon", "coordinates": [ [ [ 8560144.723119504749775, 1056020.11822236306034 ], [ 8560144.723119504749775, 1055927.092251666588709 ], [ 8560392.792374694719911, 1055927.092251666588709 ], [ 8560392.792374694719911, 1055958.100908565567806 ], [ 8560175.731776403263211, 1055958.100908565567806 ], [ 8560175.731776403263211, 1055989.109565464314073 ], [ 8560330.775060897693038, 1055989.109565464314073 ], [ 8560330.775060897693038, 1056020.11822236306034 ], [ 8560144.723119504749775, 1056020.11822236306034 ] ] ] } },
{ "type": "Feature", "properties": { "raster_val": 43 }, "geometry": { "type": "Polygon", "coordinates": [ [ [ 8560485.818345392122865, 1056237.178820654982701 ], [ 8560547.835659189149737, 1056237.178820654982701 ], [ 8560547.835659189149737, 1056082.135536160785705 ], [ 8560392.792374694719911, 1056082.135536160785705 ], [ 8560392.792374694719911, 1055989.109565464314073 ], [ 8560330.775060897693038, 1055989.109565464314073 ], [ 8560330.775060897693038, 1056020.11822236306034 ], [ 8560361.783717796206474, 1056020.11822236306034 ], [ 8560361.783717796206474, 1056113.144193059531972 ], [ 8560516.827002290636301, 1056113.144193059531972 ], [ 8560516.827002290636301, 1056206.170163756003603 ], [ 8560485.818345392122865, 1056206.170163756003603 ], [ 8560485.818345392122865, 1056237.178820654982701 ] ] ] } },
{ "type": "Feature", "properties": { "raster_val": 47 }, "geometry": { "type": "Polygon", "coordinates": [ [ [ 8560795.904914379119873, 1056020.11822236306034 ], [ 8560795.904914379119873, 1055989.109565464314073 ], [ 8560826.913571277633309, 1055989.109565464314073 ], [ 8560826.913571277633309, 1055927.092251666588709 ], [ 8561137.000140266492963, 1055927.092251666588709 ], [ 8561137.000140266492963, 1055896.083594767842442 ], [ 8561168.008797165006399, 1055896.083594767842442 ], [ 8561168.008797165006399, 1055958.100908565567806 ], [ 8560857.922228178009391, 1055958.100908565567806 ], [ 8560857.922228178009391, 1056020.11822236306034 ], [ 8560795.904914379119873, 1056020.11822236306034 ] ] ] } },
{ "type": "Feature", "properties": { "raster_val": 46 }, "geometry": { "type": "Polygon", "coordinates": [ [ [ 8560423.801031593233347, 1056020.11822236306034 ], [ 8560795.904914379119873, 1056020.11822236306034 ], [ 8560795.904914379119873, 1055989.109565464314073 ], [ 8560454.809688491746783, 1055989.109565464314073 ], [ 8560454.809688491746783, 1055927.092251666588709 ], [ 8560392.792374694719911, 1055927.092251666588709 ], [ 8560392.792374694719911, 1055958.100908565567806 ], [ 8560423.801031593233347, 1055958.100908565567806 ], [ 8560423.801031593233347, 1056020.11822236306034 ] ] ] } },
{ "type": "Feature", "properties": { "raster_val": 44 }, "geometry": { "type": "Polygon", "coordinates": [ [ [ 8554749.216819109395146, 1056206.170163756003603 ], [ 8554749.216819109395146, 1055741.040310273878276 ], [ 8554780.225476007908583, 1055741.040310273878276 ], [ 8554780.225476007908583, 1056206.170163756003603 ], [ 8554749.216819109395146, 1056206.170163756003603 ] ] ] } },
{ "type": "Feature", "properties": { "raster_val": 49 }, "geometry": { "type": "Polygon", "coordinates": [ [ [ 8564175.848516350612044, 1055803.05762407137081 ], [ 8564175.848516350612044, 1055554.988368880935013 ], [ 8564206.857173249125481, 1055554.988368880935013 ], [ 8564206.857173249125481, 1055772.048967172624543 ], [ 8564299.883143946528435, 1055772.048967172624543 ], [ 8564299.883143946528435, 1055679.022996476152912 ], [ 8564330.891800845041871, 1055679.022996476152912 ], [ 8564330.891800845041871, 1055803.05762407137081 ], [ 8564175.848516350612044, 1055803.05762407137081 ] ] ] } },
{ "type": "Feature", "properties": { "raster_val": 53 }, "geometry": { "type": "Polygon", "coordinates": [ [ [ 8564330.891800845041871, 1055710.031653374899179 ], [ 8564330.891800845041871, 1055679.022996476152912 ], [ 8564640.978369833901525, 1055679.022996476152912 ], [ 8564640.978369833901525, 1055710.031653374899179 ], [ 8564330.891800845041871, 1055710.031653374899179 ] ] ] } },
{ "type": "Feature", "properties": { "raster_val": 50 }, "geometry": { "type": "Polygon", "coordinates": [ [ [ 8564765.01299742795527, 1055803.05762407137081 ], [ 8565013.082252619788051, 1055803.05762407137081 ], [ 8565013.082252619788051, 1055772.048967172624543 ], [ 8564796.021654328331351, 1055772.048967172624543 ], [ 8564796.021654328331351, 1055679.022996476152912 ], [ 8564640.978369833901525, 1055679.022996476152912 ], [ 8564640.978369833901525, 1055710.031653374899179 ], [ 8564765.01299742795527, 1055710.031653374899179 ], [ 8564765.01299742795527, 1055803.05762407137081 ] ] ] } },
{ "type": "Feature", "properties": { "raster_val": 48 }, "geometry": { "type": "Polygon", "coordinates": [ [ [ 8561137.000140266492963, 1055896.083594767842442 ], [ 8561137.000140266492963, 1055461.962398184463382 ], [ 8561199.017454063519835, 1055461.962398184463382 ], [ 8561199.017454063519835, 1055492.971055083209649 ], [ 8561168.008797165006399, 1055492.971055083209649 ], [ 8561168.008797165006399, 1055896.083594767842442 ], [ 8561137.000140266492963, 1055896.083594767842442 ] ] ] } },
{ "type": "Feature", "properties": { "raster_val": 51 }, "geometry": { "type": "Polygon", "coordinates": [ [ [ 8565013.082252619788051, 1055803.05762407137081 ], [ 8565013.082252619788051, 1055679.022996476152912 ], [ 8565075.099566416814923, 1055679.022996476152912 ], [ 8565075.099566416814923, 1055399.945084386738017 ], [ 8565106.10822331532836, 1055399.945084386738017 ], [ 8565106.10822331532836, 1055710.031653374899179 ], [ 8565044.090909518301487, 1055710.031653374899179 ], [ 8565044.090909518301487, 1055803.05762407137081 ], [ 8565013.082252619788051, 1055803.05762407137081 ] ] ] } },
{ "type": "Feature", "properties": { "raster_val": 55 }, "geometry": { "type": "Polygon", "coordinates": [ [ [ 8561199.017454063519835, 1055492.971055083209649 ], [ 8561199.017454063519835, 1055461.962398184463382 ], [ 8561261.034767862409353, 1055461.962398184463382 ], [ 8561261.034767862409353, 1055368.93642748799175 ], [ 8561447.086709255352616, 1055368.93642748799175 ], [ 8561447.086709255352616, 1055306.919113690266386 ], [ 8561509.104023052379489, 1055306.919113690266386 ], [ 8561509.104023052379489, 1055337.927770589012653 ], [ 8561478.095366153866053, 1055337.927770589012653 ], [ 8561478.095366153866053, 1055399.945084386738017 ], [ 8561292.04342476092279, 1055399.945084386738017 ], [ 8561292.04342476092279, 1055492.971055083209649 ], [ 8561199.017454063519835, 1055492.971055083209649 ] ] ] } },
{ "type": "Feature", "properties": { "raster_val": 52 }, "geometry": { "type": "Polygon", "coordinates": [ [ [ 8554749.216819109395146, 1055741.040310273878276 ], [ 8554749.216819109395146, 1055275.910456791520119 ], [ 8554780.225476007908583, 1055275.910456791520119 ], [ 8554780.225476007908583, 1055741.040310273878276 ], [ 8554749.216819109395146, 1055741.040310273878276 ] ] ] } },
{ "type": "Feature", "properties": { "raster_val": 54 }, "geometry": { "type": "Polygon", "coordinates": [ [ [ 8564175.848516350612044, 1055554.988368880935013 ], [ 8564175.848516350612044, 1055368.93642748799175 ], [ 8564299.883143946528435, 1055368.93642748799175 ], [ 8564299.883143946528435, 1055213.893142993794754 ], [ 8564330.891800845041871, 1055213.893142993794754 ], [ 8564330.891800845041871, 1055399.945084386738017 ], [ 8564206.857173249125481, 1055399.945084386738017 ], [ 8564206.857173249125481, 1055554.988368880935013 ], [ 8564175.848516350612044, 1055554.988368880935013 ] ] ] } },
{ "type": "Feature", "properties": { "raster_val": 57 }, "geometry": { "type": "Polygon", "coordinates": [ [ [ 8561509.104023052379489, 1055337.927770589012653 ], [ 8561509.104023052379489, 1055306.919113690266386 ], [ 8561571.121336849406362, 1055306.919113690266386 ], [ 8561571.121336849406362, 1055213.893142993794754 ], [ 8561664.147307546809316, 1055213.893142993794754 ], [ 8561664.147307546809316, 1055058.849858499830589 ], [ 8561726.164621343836188, 1055058.849858499830589 ], [ 8561726.164621343836188, 1055089.858515398576856 ], [ 8561695.155964445322752, 1055089.858515398576856 ], [ 8561695.155964445322752, 1055244.901799892541021 ], [ 8561602.129993749782443, 1055244.901799892541021 ], [ 8561602.129993749782443, 1055337.927770589012653 ], [ 8561509.104023052379489, 1055337.927770589012653 ] ] ] } },
{ "type": "Feature", "properties": { "raster_val": 56 }, "geometry": { "type": "Polygon", "coordinates": [ [ [ 8565075.099566416814923, 1055399.945084386738017 ], [ 8565199.134194012731314, 1055399.945084386738017 ], [ 8565199.134194012731314, 1055337.927770589012653 ], [ 8565292.160164708271623, 1055337.927770589012653 ], [ 8565292.160164708271623, 1055306.919113690266386 ], [ 8565199.134194012731314, 1055306.919113690266386 ], [ 8565199.134194012731314, 1055213.893142993794754 ], [ 8565168.125537112355232, 1055213.893142993794754 ], [ 8565168.125537112355232, 1055306.919113690266386 ], [ 8565075.099566416814923, 1055306.919113690266386 ], [ 8565075.099566416814923, 1055337.927770589012653 ], [ 8565168.125537112355232, 1055337.927770589012653 ], [ 8565168.125537112355232, 1055368.93642748799175 ], [ 8565075.099566416814923, 1055368.93642748799175 ], [ 8565075.099566416814923, 1055399.945084386738017 ] ] ] } },
{ "type": "Feature", "properties": { "raster_val": 59 }, "geometry": { "type": "Polygon", "coordinates": [ [ [ 8565075.099566416814923, 1055306.919113690266386 ], [ 8565075.099566416814923, 1055213.893142993794754 ], [ 8565168.125537112355232, 1055213.893142993794754 ], [ 8565168.125537112355232, 1055244.901799892541021 ], [ 8565106.10822331532836, 1055244.901799892541021 ], [ 8565106.10822331532836, 1055306.919113690266386 ], [ 8565075.099566416814923, 1055306.919113690266386 ] ] ] } },
{ "type": "Feature", "properties": { "raster_val": 61 }, "geometry": { "type": "Polygon", "coordinates": [ [ [ 8565199.134194012731314, 1055244.901799892541021 ], [ 8565199.134194012731314, 1055213.893142993794754 ], [ 8565230.14285091124475, 1055213.893142993794754 ], [ 8565230.14285091124475, 1055244.901799892541021 ], [ 8565199.134194012731314, 1055244.901799892541021 ] ] ] } },
{ "type": "Feature", "properties": { "raster_val": 58 }, "geometry": { "type": "Polygon", "coordinates": [ [ [ 8565292.160164708271623, 1055337.927770589012653 ], [ 8565354.177478505298495, 1055337.927770589012653 ], [ 8565354.177478505298495, 1055244.901799892541021 ], [ 8565416.194792304188013, 1055244.901799892541021 ], [ 8565416.194792304188013, 1055182.884486095048487 ], [ 8565385.186135405674577, 1055182.884486095048487 ], [ 8565385.186135405674577, 1055213.893142993794754 ], [ 8565354.177478505298495, 1055213.893142993794754 ], [ 8565354.177478505298495, 1055089.858515398576856 ], [ 8565323.168821606785059, 1055089.858515398576856 ], [ 8565323.168821606785059, 1055213.893142993794754 ], [ 8565230.14285091124475, 1055213.893142993794754 ], [ 8565230.14285091124475, 1055244.901799892541021 ], [ 8565323.168821606785059, 1055244.901799892541021 ], [ 8565323.168821606785059, 1055306.919113690266386 ], [ 8565292.160164708271623, 1055306.919113690266386 ], [ 8565292.160164708271623, 1055337.927770589012653 ] ] ] } },
{ "type": "Feature", "properties": { "raster_val": 64 }, "geometry": { "type": "Polygon", "coordinates": [ [ [ 8565385.186135405674577, 1055182.884486095048487 ], [ 8565385.186135405674577, 1055089.858515398576856 ], [ 8565416.194792304188013, 1055089.858515398576856 ], [ 8565416.194792304188013, 1055182.884486095048487 ], [ 8565385.186135405674577, 1055182.884486095048487 ] ] ] } },
{ "type": "Feature", "properties": { "raster_val": 60 }, "geometry": { "type": "Polygon", "coordinates": [ [ [ 8554749.216819109395146, 1055275.910456791520119 ], [ 8554749.216819109395146, 1054810.780603309161961 ], [ 8554780.225476007908583, 1054810.780603309161961 ], [ 8554780.225476007908583, 1055275.910456791520119 ], [ 8554749.216819109395146, 1055275.910456791520119 ] ] ] } },
{ "type": "Feature", "properties": { "raster_val": 63 }, "geometry": { "type": "Polygon", "coordinates": [ [ [ 8565168.125537112355232, 1055213.893142993794754 ], [ 8565168.125537112355232, 1055058.849858499830589 ], [ 8565323.168821606785059, 1055058.849858499830589 ], [ 8565323.168821606785059, 1054996.832544702105224 ], [ 8565385.186135405674577, 1054996.832544702105224 ], [ 8565385.186135405674577, 1055027.841201600851491 ], [ 8565354.177478505298495, 1055027.841201600851491 ], [ 8565354.177478505298495, 1055058.849858499830589 ], [ 8565416.194792304188013, 1055058.849858499830589 ], [ 8565416.194792304188013, 1055089.858515398576856 ], [ 8565199.134194012731314, 1055089.858515398576856 ], [ 8565199.134194012731314, 1055213.893142993794754 ], [ 8565168.125537112355232, 1055213.893142993794754 ] ] ] } },
{ "type": "Feature", "properties": { "raster_val": 65 }, "geometry": { "type": "Polygon", "coordinates": [ [ [ 8561726.164621343836188, 1055089.858515398576856 ], [ 8561726.164621343836188, 1054996.832544702105224 ], [ 8562129.277161028236151, 1054996.832544702105224 ], [ 8562129.277161028236151, 1055027.841201600851491 ], [ 8561757.173278242349625, 1055027.841201600851491 ], [ 8561757.173278242349625, 1055089.858515398576856 ], [ 8561726.164621343836188, 1055089.858515398576856 ] ] ] } },
{ "type": "Feature", "properties": { "raster_val": 66 }, "geometry": { "type": "Polygon", "coordinates": [ [ [ 8565416.194792304188013, 1055089.858515398576856 ], [ 8565416.194792304188013, 1055058.849858499830589 ], [ 8565509.220762999728322, 1055058.849858499830589 ], [ 8565509.220762999728322, 1054872.797917106887326 ], [ 8565633.255390595644712, 1054872.797917106887326 ], [ 8565633.255390595644712, 1054965.823887803358957 ], [ 8565602.246733697131276, 1054965.823887803358957 ], [ 8565602.246733697131276, 1054903.806574005633593 ], [ 8565540.229419898241758, 1054903.806574005633593 ], [ 8565540.229419898241758, 1055089.858515398576856 ], [ 8565416.194792304188013, 1055089.858515398576856 ] ] ] } },
{ "type": "Feature", "properties": { "raster_val": 68 }, "geometry": { "type": "Polygon", "coordinates": [ [ [ 8565974.350616483017802, 1055089.858515398576856 ], [ 8565974.350616483017802, 1055058.849858499830589 ], [ 8566284.437185470014811, 1055058.849858499830589 ], [ 8566284.437185470014811, 1054996.832544702105224 ], [ 8566377.463156167417765, 1054996.832544702105224 ], [ 8566377.463156167417765, 1055027.841201600851491 ], [ 8566315.445842370390892, 1055027.841201600851491 ], [ 8566315.445842370390892, 1055089.858515398576856 ], [ 8565974.350616483017802, 1055089.858515398576856 ] ] ] } },
{ "type": "Feature", "properties": { "raster_val": 69 }, "geometry": { "type": "Polygon", "coordinates": [ [ [ 8565385.186135405674577, 1055058.849858499830589 ], [ 8565385.186135405674577, 1054996.832544702105224 ], [ 8565416.194792304188013, 1054996.832544702105224 ], [ 8565416.194792304188013, 1055058.849858499830589 ], [ 8565385.186135405674577, 1055058.849858499830589 ] ] ] } },
{ "type": "Feature", "properties": { "raster_val": 62 }, "geometry": { "type": "Polygon", "coordinates": [ [ [ 8564299.883143946528435, 1055213.893142993794754 ], [ 8564330.891800845041871, 1055213.893142993794754 ], [ 8564330.891800845041871, 1054996.832544702105224 ], [ 8564113.831202553585172, 1054996.832544702105224 ], [ 8564113.831202553585172, 1054965.823887803358957 ], [ 8564082.822545655071735, 1054965.823887803358957 ], [ 8564082.822545655071735, 1055027.841201600851491 ], [ 8564299.883143946528435, 1055027.841201600851491 ], [ 8564299.883143946528435, 1055213.893142993794754 ] ] ] } },
{ "type": "Feature", "properties": { "raster_val": 67 }, "geometry": { "type": "Polygon", "coordinates": [ [ [ 8565695.272704392671585, 1055089.858515398576856 ], [ 8565974.350616483017802, 1055089.858515398576856 ], [ 8565974.350616483017802, 1055058.849858499830589 ], [ 8565726.281361291185021, 1055058.849858499830589 ], [ 8565726.281361291185021, 1054996.832544702105224 ], [ 8565633.255390595644712, 1054996.832544702105224 ], [ 8565633.255390595644712, 1054965.823887803358957 ], [ 8565602.246733697131276, 1054965.823887803358957 ], [ 8565602.246733697131276, 1055027.841201600851491 ], [ 8565695.272704392671585, 1055027.841201600851491 ], [ 8565695.272704392671585, 1055089.858515398576856 ] ] ] } },
{ "type": "Feature", "properties": { "raster_val": 73 }, "geometry": { "type": "Polygon", "coordinates": [ [ [ 8563989.796574957668781, 1054965.823887803358957 ], [ 8563989.796574957668781, 1054872.797917106887326 ], [ 8564113.831202553585172, 1054872.797917106887326 ], [ 8564113.831202553585172, 1054965.823887803358957 ], [ 8564082.822545655071735, 1054965.823887803358957 ], [ 8564082.822545655071735, 1054903.806574005633593 ], [ 8564020.805231856182218, 1054903.806574005633593 ], [ 8564020.805231856182218, 1054965.823887803358957 ], [ 8563989.796574957668781, 1054965.823887803358957 ] ] ] } },
{ "type": "Feature", "properties": { "raster_val": 71 }, "geometry": { "type": "Polygon", "coordinates": [ [ [ 8563803.744633564725518, 1055027.841201600851491 ], [ 8564020.805231856182218, 1055027.841201600851491 ], [ 8564020.805231856182218, 1054965.823887803358957 ], [ 8563989.796574957668781, 1054965.823887803358957 ], [ 8563989.796574957668781, 1054996.832544702105224 ], [ 8563834.753290463238955, 1054996.832544702105224 ], [ 8563834.753290463238955, 1054872.797917106887326 ], [ 8563710.718662869185209, 1054872.797917106887326 ], [ 8563710.718662869185209, 1054903.806574005633593 ], [ 8563803.744633564725518, 1054903.806574005633593 ], [ 8563803.744633564725518, 1055027.841201600851491 ] ] ] } },
{ "type": "Feature", "properties": { "raster_val": 70 }, "geometry": { "type": "Polygon", "coordinates": [ [ [ 8562129.277161028236151, 1055027.841201600851491 ], [ 8562129.277161028236151, 1054996.832544702105224 ], [ 8562346.337759321555495, 1054996.832544702105224 ], [ 8562346.337759321555495, 1054779.771946410415694 ], [ 8562377.346416220068932, 1054779.771946410415694 ], [ 8562377.346416220068932, 1055027.841201600851491 ], [ 8562129.277161028236151, 1055027.841201600851491 ] ] ] } },
{ "type": "Feature", "properties": { "raster_val": 72 }, "geometry": { "type": "Polygon", "coordinates": [ [ [ 8566377.463156167417765, 1055027.841201600851491 ], [ 8566377.463156167417765, 1054996.832544702105224 ], [ 8566439.480469964444637, 1054996.832544702105224 ], [ 8566439.480469964444637, 1054779.771946410415694 ], [ 8566532.506440661847591, 1054779.771946410415694 ], [ 8566532.506440661847591, 1054717.75463261269033 ], [ 8566563.515097560361028, 1054717.75463261269033 ], [ 8566563.515097560361028, 1054810.780603309161961 ], [ 8566470.489126862958074, 1054810.780603309161961 ], [ 8566470.489126862958074, 1055027.841201600851491 ], [ 8566377.463156167417765, 1055027.841201600851491 ] ] ] } },
{ "type": "Feature", "properties": { "raster_val": 76 }, "geometry": { "type": "Polygon", "coordinates": [ [ [ 8567989.913314905017614, 1054903.806574005633593 ], [ 8567989.913314905017614, 1054872.797917106887326 ], [ 8568113.947942500934005, 1054872.797917106887326 ], [ 8568113.947942500934005, 1054779.771946410415694 ], [ 8568206.973913198336959, 1054779.771946410415694 ], [ 8568206.973913198336959, 1054686.745975713944063 ], [ 8568268.991226995363832, 1054686.745975713944063 ], [ 8568268.991226995363832, 1054717.75463261269033 ], [ 8568237.982570096850395, 1054717.75463261269033 ], [ 8568237.982570096850395, 1054810.780603309161961 ], [ 8568144.956599399447441, 1054810.780603309161961 ], [ 8568144.956599399447441, 1054903.806574005633593 ], [ 8567989.913314905017614, 1054903.806574005633593 ] ] ] } },
{ "type": "Feature", "properties": { "raster_val": 75 }, "geometry": { "type": "Polygon", "coordinates": [ [ [ 8567741.844059715047479, 1054903.806574005633593 ], [ 8567989.913314905017614, 1054903.806574005633593 ], [ 8567989.913314905017614, 1054872.797917106887326 ], [ 8567772.852716613560915, 1054872.797917106887326 ], [ 8567772.852716613560915, 1054779.771946410415694 ], [ 8567617.809432119131088, 1054779.771946410415694 ], [ 8567617.809432119131088, 1054810.780603309161961 ], [ 8567741.844059715047479, 1054810.780603309161961 ], [ 8567741.844059715047479, 1054903.806574005633593 ] ] ] } },
{ "type": "Feature", "properties": { "raster_val": 74 }, "geometry": { "type": "Polygon", "coordinates": [ [ [ 8563679.710005970671773, 1054903.806574005633593 ], [ 8563710.718662869185209, 1054903.806574005633593 ], [ 8563710.718662869185209, 1054779.771946410415694 ], [ 8563586.684035273268819, 1054779.771946410415694 ], [ 8563586.684035273268819, 1054686.745975713944063 ], [ 8563431.640750778838992, 1054686.745975713944063 ], [ 8563431.640750778838992, 1054717.75463261269033 ], [ 8563555.675378374755383, 1054717.75463261269033 ], [ 8563555.675378374755383, 1054810.780603309161961 ], [ 8563679.710005970671773, 1054810.780603309161961 ], [ 8563679.710005970671773, 1054903.806574005633593 ] ] ] } },
{ "type": "Feature", "properties": { "raster_val": 78 }, "geometry": { "type": "Polygon", "coordinates": [ [ [ 8565323.168821606785059, 1054810.780603309161961 ], [ 8565571.23807679861784, 1054810.780603309161961 ], [ 8565571.23807679861784, 1054779.771946410415694 ], [ 8565354.177478505298495, 1054779.771946410415694 ], [ 8565354.177478505298495, 1054686.745975713944063 ], [ 8565199.134194012731314, 1054686.745975713944063 ], [ 8565199.134194012731314, 1054717.75463261269033 ], [ 8565323.168821606785059, 1054717.75463261269033 ], [ 8565323.168821606785059, 1054810.780603309161961 ] ] ] } },
{ "type": "Feature", "properties": { "raster_val": 79 }, "geometry": { "type": "Polygon", "coordinates": [ [ [ 8565571.23807679861784, 1054810.780603309161961 ], [ 8565726.281361291185021, 1054810.780603309161961 ], [ 8565726.281361291185021, 1054686.745975713944063 ], [ 8565633.255390595644712, 1054686.745975713944063 ], [ 8565633.255390595644712, 1054562.711348118493333 ], [ 8565602.246733697131276, 1054562.711348118493333 ], [ 8565602.246733697131276, 1054717.75463261269033 ], [ 8565695.272704392671585, 1054717.75463261269033 ], [ 8565695.272704392671585, 1054779.771946410415694 ], [ 8565571.23807679861784, 1054779.771946410415694 ], [ 8565571.23807679861784, 1054810.780603309161961 ] ] ] } },
{ "type": "Feature", "properties": { "raster_val": 80 }, "geometry": { "type": "Polygon", "coordinates": [ [ [ 8567524.783461423590779, 1054810.780603309161961 ], [ 8567617.809432119131088, 1054810.780603309161961 ], [ 8567617.809432119131088, 1054779.771946410415694 ], [ 8567555.792118322104216, 1054779.771946410415694 ], [ 8567555.792118322104216, 1054686.745975713944063 ], [ 8567245.705549335107207, 1054686.745975713944063 ], [ 8567245.705549335107207, 1054717.75463261269033 ], [ 8567524.783461423590779, 1054717.75463261269033 ], [ 8567524.783461423590779, 1054810.780603309161961 ] ] ] } },
{ "type": "Feature", "properties": { "raster_val": 88 }, "geometry": { "type": "Polygon", "coordinates": [ [ [ 8562966.510897297412157, 1054655.737318814964965 ], [ 8562966.510897297412157, 1054562.711348118493333 ], [ 8563090.545524891465902, 1054562.711348118493333 ], [ 8563090.545524891465902, 1054593.720005017472431 ], [ 8562997.519554195925593, 1054593.720005017472431 ], [ 8562997.519554195925593, 1054655.737318814964965 ], [ 8562966.510897297412157, 1054655.737318814964965 ] ] ] } },
{ "type": "Feature", "properties": { "raster_val": 83 }, "geometry": { "type": "Polygon", "coordinates": [ [ [ 8563400.632093880325556, 1054717.75463261269033 ], [ 8563431.640750778838992, 1054717.75463261269033 ], [ 8563431.640750778838992, 1054562.711348118493333 ], [ 8563090.545524891465902, 1054562.711348118493333 ], [ 8563090.545524891465902, 1054593.720005017472431 ], [ 8563400.632093880325556, 1054593.720005017472431 ], [ 8563400.632093880325556, 1054717.75463261269033 ] ] ] } },
{ "type": "Feature", "properties": { "raster_val": 77 }, "geometry": { "type": "Polygon", "coordinates": [ [ [ 8554749.216819109395146, 1054810.780603309161961 ], [ 8554749.216819109395146, 1054345.650749826803803 ], [ 8554780.225476007908583, 1054345.650749826803803 ], [ 8554780.225476007908583, 1054810.780603309161961 ], [ 8554749.216819109395146, 1054810.780603309161961 ] ] ] } },
{ "type": "Feature", "properties": { "raster_val": 81 }, "geometry": { "type": "Polygon", "coordinates": [ [ [ 8562346.337759321555495, 1054779.771946410415694 ], [ 8562346.337759321555495, 1054562.711348118493333 ], [ 8562470.372386915609241, 1054562.711348118493333 ], [ 8562470.372386915609241, 1054469.685377422021702 ], [ 8562532.389700712636113, 1054469.685377422021702 ], [ 8562532.389700712636113, 1054500.6940343210008 ], [ 8562501.381043814122677, 1054500.6940343210008 ], [ 8562501.381043814122677, 1054593.720005017472431 ], [ 8562377.346416220068932, 1054593.720005017472431 ], [ 8562377.346416220068932, 1054779.771946410415694 ], [ 8562346.337759321555495, 1054779.771946410415694 ] ] ] } },
{ "type": "Feature", "properties": { "raster_val": 82 }, "geometry": { "type": "Polygon", "coordinates": [ [ [ 8562780.458955904468894, 1054717.75463261269033 ], [ 8562780.458955904468894, 1054469.685377422021702 ], [ 8562811.46761280298233, 1054469.685377422021702 ], [ 8562811.46761280298233, 1054686.745975713944063 ], [ 8562966.510897297412157, 1054686.745975713944063 ], [ 8562966.510897297412157, 1054655.737318814964965 ], [ 8562997.519554195925593, 1054655.737318814964965 ], [ 8562997.519554195925593, 1054717.75463261269033 ], [ 8562780.458955904468894, 1054717.75463261269033 ] ] ] } },
{ "type": "Feature", "properties": { "raster_val": 86 }, "geometry": { "type": "Polygon", "coordinates": [ [ [ 8567214.696892434731126, 1054717.75463261269033 ], [ 8567214.696892434731126, 1054562.711348118493333 ], [ 8567431.75749072805047, 1054562.711348118493333 ], [ 8567431.75749072805047, 1054469.685377422021702 ], [ 8567462.766147626563907, 1054469.685377422021702 ], [ 8567462.766147626563907, 1054593.720005017472431 ], [ 8567245.705549335107207, 1054593.720005017472431 ], [ 8567245.705549335107207, 1054717.75463261269033 ], [ 8567214.696892434731126, 1054717.75463261269033 ] ] ] } },
{ "type": "Feature", "properties": { "raster_val": 84 }, "geometry": { "type": "Polygon", "coordinates": [ [ [ 8565075.099566416814923, 1054717.75463261269033 ], [ 8565199.134194012731314, 1054717.75463261269033 ], [ 8565199.134194012731314, 1054686.745975713944063 ], [ 8565106.10822331532836, 1054686.745975713944063 ], [ 8565106.10822331532836, 1054562.711348118493333 ], [ 8564951.064938820898533, 1054562.711348118493333 ], [ 8564951.064938820898533, 1054500.6940343210008 ], [ 8564920.056281922385097, 1054500.6940343210008 ], [ 8564920.056281922385097, 1054593.720005017472431 ], [ 8565075.099566416814923, 1054593.720005017472431 ], [ 8565075.099566416814923, 1054717.75463261269033 ] ] ] } },
{ "type": "Feature", "properties": { "raster_val": 87 }, "geometry": { "type": "Polygon", "coordinates": [ [ [ 8568268.991226995363832, 1054717.75463261269033 ], [ 8568393.025854591280222, 1054717.75463261269033 ], [ 8568393.025854591280222, 1054562.711348118493333 ], [ 8568237.982570096850395, 1054562.711348118493333 ], [ 8568237.982570096850395, 1054500.6940343210008 ], [ 8568206.973913198336959, 1054500.6940343210008 ], [ 8568206.973913198336959, 1054593.720005017472431 ], [ 8568362.01719769090414, 1054593.720005017472431 ], [ 8568362.01719769090414, 1054686.745975713944063 ], [ 8568268.991226995363832, 1054686.745975713944063 ], [ 8568268.991226995363832, 1054717.75463261269033 ] ] ] } },
{ "type": "Feature", "properties": { "raster_val": 90 }, "geometry": { "type": "Polygon", "coordinates": [ [ [ 8562532.389700712636113, 1054500.6940343210008 ], [ 8562532.389700712636113, 1054469.685377422021702 ], [ 8562563.398357613012195, 1054469.685377422021702 ], [ 8562563.398357613012195, 1054407.668063624529168 ], [ 8562811.46761280298233, 1054407.668063624529168 ], [ 8562811.46761280298233, 1054469.685377422021702 ], [ 8562780.458955904468894, 1054469.685377422021702 ], [ 8562780.458955904468894, 1054438.676720523275435 ], [ 8562594.407014511525631, 1054438.676720523275435 ], [ 8562594.407014511525631, 1054500.6940343210008 ], [ 8562532.389700712636113, 1054500.6940343210008 ] ] ] } },
{ "type": "Feature", "properties": { "raster_val": 94 }, "geometry": { "type": "Polygon", "coordinates": [ [ [ 8566222.419871672987938, 1054500.6940343210008 ], [ 8566222.419871672987938, 1054407.668063624529168 ], [ 8566439.480469964444637, 1054407.668063624529168 ], [ 8566439.480469964444637, 1054314.642092928057536 ], [ 8566470.489126862958074, 1054314.642092928057536 ], [ 8566470.489126862958074, 1054438.676720523275435 ], [ 8566253.428528571501374, 1054438.676720523275435 ], [ 8566253.428528571501374, 1054469.685377422021702 ], [ 8566315.445842370390892, 1054469.685377422021702 ], [ 8566315.445842370390892, 1054500.6940343210008 ], [ 8566222.419871672987938, 1054500.6940343210008 ] ] ] } },
{ "type": "Feature", "properties": { "raster_val": 85 }, "geometry": { "type": "Polygon", "coordinates": [ [ [ 8566532.506440661847591, 1054717.75463261269033 ], [ 8566563.515097560361028, 1054717.75463261269033 ], [ 8566563.515097560361028, 1054562.711348118493333 ], [ 8566470.489126862958074, 1054562.711348118493333 ], [ 8566470.489126862958074, 1054469.685377422021702 ], [ 8566315.445842370390892, 1054469.685377422021702 ], [ 8566315.445842370390892, 1054500.6940343210008 ], [ 8566439.480469964444637, 1054500.6940343210008 ], [ 8566439.480469964444637, 1054593.720005017472431 ], [ 8566532.506440661847591, 1054593.720005017472431 ], [ 8566532.506440661847591, 1054717.75463261269033 ] ] ] } },
{ "type": "Feature", "properties": { "raster_val": 92 }, "geometry": { "type": "Polygon", "coordinates": [ [ [ 8565509.220762999728322, 1054500.6940343210008 ], [ 8565633.255390595644712, 1054500.6940343210008 ], [ 8565633.255390595644712, 1054469.685377422021702 ], [ 8565540.229419898241758, 1054469.685377422021702 ], [ 8565540.229419898241758, 1054407.668063624529168 ], [ 8565354.177478505298495, 1054407.668063624529168 ], [ 8565354.177478505298495, 1054314.642092928057536 ], [ 8565323.168821606785059, 1054314.642092928057536 ], [ 8565323.168821606785059, 1054438.676720523275435 ], [ 8565509.220762999728322, 1054438.676720523275435 ], [ 8565509.220762999728322, 1054500.6940343210008 ] ] ] } },
{ "type": "Feature", "properties": { "raster_val": 89 }, "geometry": { "type": "Polygon", "coordinates": [ [ [ 8565633.255390595644712, 1054593.720005017472431 ], [ 8565726.281361291185021, 1054593.720005017472431 ], [ 8565726.281361291185021, 1054500.6940343210008 ], [ 8565788.298675090074539, 1054500.6940343210008 ], [ 8565788.298675090074539, 1054469.685377422021702 ], [ 8565726.281361291185021, 1054469.685377422021702 ], [ 8565726.281361291185021, 1054438.676720523275435 ], [ 8565757.290018191561103, 1054438.676720523275435 ], [ 8565757.290018191561103, 1054407.668063624529168 ], [ 8565726.281361291185021, 1054407.668063624529168 ], [ 8565726.281361291185021, 1054376.659406725782901 ], [ 8565695.272704392671585, 1054376.659406725782901 ], [ 8565695.272704392671585, 1054407.668063624529168 ], [ 8565664.264047494158149, 1054407.668063624529168 ], [ 8565664.264047494158149, 1054438.676720523275435 ], [ 8565695.272704392671585, 1054438.676720523275435 ], [ 8565695.272704392671585, 1054469.685377422021702 ], [ 8565633.255390595644712, 1054469.685377422021702 ], [ 8565633.255390595644712, 1054500.6940343210008 ], [ 8565695.272704392671585, 1054500.6940343210008 ], [ 8565695.272704392671585, 1054562.711348118493333 ], [ 8565633.255390595644712, 1054562.711348118493333 ], [ 8565633.255390595644712, 1054593.720005017472431 ] ] ] } },
{ "type": "Feature", "properties": { "raster_val": 93 }, "geometry": { "type": "Polygon", "coordinates": [ [ [ 8565788.298675090074539, 1054500.6940343210008 ], [ 8565850.315988887101412, 1054500.6940343210008 ], [ 8565850.315988887101412, 1054407.668063624529168 ], [ 8565757.290018191561103, 1054407.668063624529168 ], [ 8565757.290018191561103, 1054438.676720523275435 ], [ 8565819.307331988587976, 1054438.676720523275435 ], [ 8565819.307331988587976, 1054469.685377422021702 ], [ 8565788.298675090074539, 1054469.685377422021702 ], [ 8565788.298675090074539, 1054500.6940343210008 ] ] ] } },
{ "type": "Feature", "properties": { "raster_val": 91 }, "geometry": { "type": "Polygon", "coordinates": [ [ [ 8564765.01299742795527, 1054500.6940343210008 ], [ 8564765.01299742795527, 1054190.607465332839638 ], [ 8564796.021654328331351, 1054190.607465332839638 ], [ 8564796.021654328331351, 1054469.685377422021702 ], [ 8564951.064938820898533, 1054469.685377422021702 ], [ 8564951.064938820898533, 1054500.6940343210008 ], [ 8564765.01299742795527, 1054500.6940343210008 ] ] ] } },
{ "type": "Feature", "properties": { "raster_val": 95 }, "geometry": { "type": "Polygon", "coordinates": [ [ [ 8568206.973913198336959, 1054500.6940343210008 ], [ 8568237.982570096850395, 1054500.6940343210008 ], [ 8568237.982570096850395, 1054407.668063624529168 ], [ 8568144.956599399447441, 1054407.668063624529168 ], [ 8568144.956599399447441, 1054283.63343602931127 ], [ 8568237.982570096850395, 1054283.63343602931127 ], [ 8568237.982570096850395, 1054221.616122231585905 ], [ 8568206.973913198336959, 1054221.616122231585905 ], [ 8568206.973913198336959, 1054252.624779130332172 ], [ 8568113.947942500934005, 1054252.624779130332172 ], [ 8568113.947942500934005, 1054438.676720523275435 ], [ 8568206.973913198336959, 1054438.676720523275435 ], [ 8568206.973913198336959, 1054500.6940343210008 ] ] ] } },
{ "type": "Feature", "properties": { "raster_val": 98 }, "geometry": { "type": "Polygon", "coordinates": [ [ [ 8565695.272704392671585, 1054376.659406725782901 ], [ 8565695.272704392671585, 1054252.624779130332172 ], [ 8566005.359273381531239, 1054252.624779130332172 ], [ 8566005.359273381531239, 1054221.616122231585905 ], [ 8566036.367930280044675, 1054221.616122231585905 ], [ 8566036.367930280044675, 1054283.63343602931127 ], [ 8565726.281361291185021, 1054283.63343602931127 ], [ 8565726.281361291185021, 1054376.659406725782901 ], [ 8565695.272704392671585, 1054376.659406725782901 ] ] ] } },
{ "type": "Feature", "properties": { "raster_val": 102 }, "geometry": { "type": "Polygon", "coordinates": [ [ [ 8566284.437185470014811, 1054283.63343602931127 ], [ 8566284.437185470014811, 1054159.59880843386054 ], [ 8566377.463156167417765, 1054159.59880843386054 ], [ 8566377.463156167417765, 1054190.607465332839638 ], [ 8566315.445842370390892, 1054190.607465332839638 ], [ 8566315.445842370390892, 1054283.63343602931127 ], [ 8566284.437185470014811, 1054283.63343602931127 ] ] ] } },
{ "type": "Feature", "properties": { "raster_val": 103 }, "geometry": { "type": "Polygon", "coordinates": [ [ [ 8566594.523754458874464, 1054283.63343602931127 ], [ 8566594.523754458874464, 1054159.59880843386054 ], [ 8566842.5930096488446, 1054159.59880843386054 ], [ 8566842.5930096488446, 1054097.581494636368006 ], [ 8566904.610323447734118, 1054097.581494636368006 ], [ 8566904.610323447734118, 1054128.590151535114273 ], [ 8566873.601666549220681, 1054128.590151535114273 ], [ 8566873.601666549220681, 1054190.607465332839638 ], [ 8566625.5324113573879, 1054190.607465332839638 ], [ 8566625.5324113573879, 1054283.63343602931127 ], [ 8566594.523754458874464, 1054283.63343602931127 ] ] ] } },
{ "type": "Feature", "properties": { "raster_val": 105 }, "geometry": { "type": "Polygon", "coordinates": [ [ [ 8568206.973913198336959, 1054221.616122231585905 ], [ 8568206.973913198336959, 1054159.59880843386054 ], [ 8568517.060482185333967, 1054159.59880843386054 ], [ 8568517.060482185333967, 1054097.581494636368006 ], [ 8568579.077795984223485, 1054097.581494636368006 ], [ 8568579.077795984223485, 1054128.590151535114273 ], [ 8568548.069139083847404, 1054128.590151535114273 ], [ 8568548.069139083847404, 1054190.607465332839638 ], [ 8568237.982570096850395, 1054190.607465332839638 ], [ 8568237.982570096850395, 1054221.616122231585905 ], [ 8568206.973913198336959, 1054221.616122231585905 ] ] ] } },
{ "type": "Feature", "properties": { "raster_val": 101 }, "geometry": { "type": "Polygon", "coordinates": [ [ [ 8566439.480469964444637, 1054314.642092928057536 ], [ 8566470.489126862958074, 1054314.642092928057536 ], [ 8566470.489126862958074, 1054283.63343602931127 ], [ 8566594.523754458874464, 1054283.63343602931127 ], [ 8566594.523754458874464, 1054252.624779130332172 ], [ 8566470.489126862958074, 1054252.624779130332172 ], [ 8566470.489126862958074, 1054159.59880843386054 ], [ 8566377.463156167417765, 1054159.59880843386054 ], [ 8566377.463156167417765, 1054190.607465332839638 ], [ 8566439.480469964444637, 1054190.607465332839638 ], [ 8566439.480469964444637, 1054252.624779130332172 ], [ 8566315.445842370390892, 1054252.624779130332172 ], [ 8566315.445842370390892, 1054283.63343602931127 ], [ 8566439.480469964444637, 1054283.63343602931127 ], [ 8566439.480469964444637, 1054314.642092928057536 ] ] ] } },
{ "type": "Feature", "properties": { "raster_val": 96 }, "geometry": { "type": "Polygon", "coordinates": [ [ [ 8567431.75749072805047, 1054469.685377422021702 ], [ 8567462.766147626563907, 1054469.685377422021702 ], [ 8567462.766147626563907, 1054438.676720523275435 ], [ 8567555.792118322104216, 1054438.676720523275435 ], [ 8567555.792118322104216, 1054159.59880843386054 ], [ 8567462.766147626563907, 1054159.59880843386054 ], [ 8567462.766147626563907, 1054190.607465332839638 ], [ 8567524.783461423590779, 1054190.607465332839638 ], [ 8567524.783461423590779, 1054407.668063624529168 ], [ 8567431.75749072805047, 1054407.668063624529168 ], [ 8567431.75749072805047, 1054469.685377422021702 ] ] ] } },
{ "type": "Feature", "properties": { "raster_val": 109 }, "geometry": { "type": "Polygon", "coordinates": [ [ [ 8568579.077795984223485, 1054128.590151535114273 ], [ 8568579.077795984223485, 1054097.581494636368006 ], [ 8569044.20764946565032, 1054097.581494636368006 ], [ 8569044.20764946565032, 1054128.590151535114273 ], [ 8568579.077795984223485, 1054128.590151535114273 ] ] ] } },
{ "type": "Feature", "properties": { "raster_val": 97 }, "geometry": { "type": "Polygon", "coordinates": [ [ [ 8565602.246733697131276, 1054438.676720523275435 ], [ 8565602.246733697131276, 1054004.555523939896375 ], [ 8565633.255390595644712, 1054004.555523939896375 ], [ 8565633.255390595644712, 1054407.668063624529168 ], [ 8565664.264047494158149, 1054407.668063624529168 ], [ 8565664.264047494158149, 1054438.676720523275435 ], [ 8565602.246733697131276, 1054438.676720523275435 ] ] ] } },
{ "type": "Feature", "properties": { "raster_val": 99 }, "geometry": { "type": "Polygon", "coordinates": [ [ [ 8554749.216819109395146, 1054345.650749826803803 ], [ 8554749.216819109395146, 1053880.520896344445646 ], [ 8554780.225476007908583, 1053880.520896344445646 ], [ 8554780.225476007908583, 1054345.650749826803803 ], [ 8554749.216819109395146, 1054345.650749826803803 ] ] ] } },
{ "type": "Feature", "properties": { "raster_val": 100 }, "geometry": { "type": "Polygon", "coordinates": [ [ [ 8565323.168821606785059, 1054314.642092928057536 ], [ 8565323.168821606785059, 1054097.581494636368006 ], [ 8565385.186135405674577, 1054097.581494636368006 ], [ 8565385.186135405674577, 1053942.53821014217101 ], [ 8565447.203449202701449, 1053942.53821014217101 ], [ 8565447.203449202701449, 1053973.546867040917277 ], [ 8565416.194792304188013, 1053973.546867040917277 ], [ 8565416.194792304188013, 1054128.590151535114273 ], [ 8565354.177478505298495, 1054128.590151535114273 ], [ 8565354.177478505298495, 1054314.642092928057536 ], [ 8565323.168821606785059, 1054314.642092928057536 ] ] ] } },
{ "type": "Feature", "properties": { "raster_val": 108 }, "geometry": { "type": "Polygon", "coordinates": [ [ [ 8566904.610323447734118, 1054128.590151535114273 ], [ 8566904.610323447734118, 1054097.581494636368006 ], [ 8567121.670921739190817, 1054097.581494636368006 ], [ 8567121.670921739190817, 1053942.53821014217101 ], [ 8567214.696892434731126, 1053942.53821014217101 ], [ 8567214.696892434731126, 1053973.546867040917277 ], [ 8567152.679578637704253, 1053973.546867040917277 ], [ 8567152.679578637704253, 1054128.590151535114273 ], [ 8566904.610323447734118, 1054128.590151535114273 ] ] ] } },
{ "type": "Feature", "properties": { "raster_val": 110 }, "geometry": { "type": "Polygon", "coordinates": [ [ [ 8569044.20764946565032, 1054128.590151535114273 ], [ 8569044.20764946565032, 1054097.581494636368006 ], [ 8569261.268247757107019, 1054097.581494636368006 ], [ 8569261.268247757107019, 1053942.53821014217101 ], [ 8569354.294218454509974, 1053942.53821014217101 ], [ 8569354.294218454509974, 1053973.546867040917277 ], [ 8569292.276904655620456, 1053973.546867040917277 ], [ 8569292.276904655620456, 1054128.590151535114273 ], [ 8569044.20764946565032, 1054128.590151535114273 ] ] ] } },
{ "type": "Feature", "properties": { "raster_val": 111 }, "geometry": { "type": "Polygon", "coordinates": [ [ [ 8565602.246733697131276, 1054004.555523939896375 ], [ 8565633.255390595644712, 1054004.555523939896375 ], [ 8565633.255390595644712, 1053942.53821014217101 ], [ 8565447.203449202701449, 1053942.53821014217101 ], [ 8565447.203449202701449, 1053973.546867040917277 ], [ 8565602.246733697131276, 1053973.546867040917277 ], [ 8565602.246733697131276, 1054004.555523939896375 ] ] ] } },
{ "type": "Feature", "properties": { "raster_val": 104 }, "geometry": { "type": "Polygon", "coordinates": [ [ [ 8566005.359273381531239, 1054221.616122231585905 ], [ 8566036.367930280044675, 1054221.616122231585905 ], [ 8566036.367930280044675, 1054190.607465332839638 ], [ 8566160.402557875961065, 1054190.607465332839638 ], [ 8566160.402557875961065, 1053942.53821014217101 ], [ 8566067.376587178558111, 1053942.53821014217101 ], [ 8566067.376587178558111, 1053973.546867040917277 ], [ 8566129.393900977447629, 1053973.546867040917277 ], [ 8566129.393900977447629, 1054159.59880843386054 ], [ 8566005.359273381531239, 1054159.59880843386054 ], [ 8566005.359273381531239, 1054221.616122231585905 ] ] ] } },
{ "type": "Feature", "properties": { "raster_val": 113 }, "geometry": { "type": "Polygon", "coordinates": [ [ [ 8567214.696892434731126, 1053973.546867040917277 ], [ 8567214.696892434731126, 1053849.512239445699379 ], [ 8567307.72286313213408, 1053849.512239445699379 ], [ 8567307.72286313213408, 1053880.520896344445646 ], [ 8567245.705549335107207, 1053880.520896344445646 ], [ 8567245.705549335107207, 1053973.546867040917277 ], [ 8567214.696892434731126, 1053973.546867040917277 ] ] ] } },
{ "type": "Feature", "properties": { "raster_val": 107 }, "geometry": { "type": "Polygon", "coordinates": [ [ [ 8567431.75749072805047, 1054190.607465332839638 ], [ 8567462.766147626563907, 1054190.607465332839638 ], [ 8567462.766147626563907, 1053849.512239445699379 ], [ 8567307.72286313213408, 1053849.512239445699379 ], [ 8567307.72286313213408, 1053880.520896344445646 ], [ 8567431.75749072805047, 1053880.520896344445646 ], [ 8567431.75749072805047, 1054190.607465332839638 ] ] ] } },
{ "type": "Feature", "properties": { "raster_val": 106 }, "geometry": { "type": "Polygon", "coordinates": [ [ [ 8564765.01299742795527, 1054190.607465332839638 ], [ 8564765.01299742795527, 1053787.494925647974014 ], [ 8564858.038968125358224, 1053787.494925647974014 ], [ 8564858.038968125358224, 1053818.503582546953112 ], [ 8564796.021654328331351, 1053818.503582546953112 ], [ 8564796.021654328331351, 1054190.607465332839638 ], [ 8564765.01299742795527, 1054190.607465332839638 ] ] ] } },
{ "type": "Feature", "properties": { "raster_val": 114 }, "geometry": { "type": "Polygon", "coordinates": [ [ [ 8569354.294218454509974, 1053973.546867040917277 ], [ 8569354.294218454509974, 1053942.53821014217101 ], [ 8569447.320189150050282, 1053942.53821014217101 ], [ 8569447.320189150050282, 1053849.512239445699379 ], [ 8569633.372130542993546, 1053849.512239445699379 ], [ 8569633.372130542993546, 1053787.494925647974014 ], [ 8569664.380787441506982, 1053787.494925647974014 ], [ 8569664.380787441506982, 1053880.520896344445646 ], [ 8569478.328846048563719, 1053880.520896344445646 ], [ 8569478.328846048563719, 1053973.546867040917277 ], [ 8569354.294218454509974, 1053973.546867040917277 ] ] ] } },
{ "type": "Feature", "properties": { "raster_val": 112 }, "geometry": { "type": "Polygon", "coordinates": [ [ [ 8566005.359273381531239, 1053973.546867040917277 ], [ 8566005.359273381531239, 1053539.425670457538217 ], [ 8566036.367930280044675, 1053539.425670457538217 ], [ 8566036.367930280044675, 1053942.53821014217101 ], [ 8566067.376587178558111, 1053942.53821014217101 ], [ 8566067.376587178558111, 1053973.546867040917277 ], [ 8566005.359273381531239, 1053973.546867040917277 ] ] ] } },
{ "type": "Feature", "properties": { "raster_val": 115 }, "geometry": { "type": "Polygon", "coordinates": [ [ [ 8554749.216819109395146, 1053880.520896344445646 ], [ 8554749.216819109395146, 1053415.391042862320319 ], [ 8554780.225476007908583, 1053415.391042862320319 ], [ 8554780.225476007908583, 1053880.520896344445646 ], [ 8554749.216819109395146, 1053880.520896344445646 ] ] ] } },
{ "type": "Feature", "properties": { "raster_val": 116 }, "geometry": { "type": "Polygon", "coordinates": [ [ [ 8564858.038968125358224, 1053818.503582546953112 ], [ 8564858.038968125358224, 1053787.494925647974014 ], [ 8564920.056281922385097, 1053787.494925647974014 ], [ 8564920.056281922385097, 1053415.391042862320319 ], [ 8564951.064938820898533, 1053415.391042862320319 ], [ 8564951.064938820898533, 1053818.503582546953112 ], [ 8564858.038968125358224, 1053818.503582546953112 ] ] ] } },
{ "type": "Feature", "properties": { "raster_val": 119 }, "geometry": { "type": "Polygon", "coordinates": [ [ [ 8569323.285561555996537, 1053570.434327356284484 ], [ 8569323.285561555996537, 1053477.408356659812853 ], [ 8569664.380787441506982, 1053477.408356659812853 ], [ 8569664.380787441506982, 1053508.41701355879195 ], [ 8569354.294218454509974, 1053508.41701355879195 ], [ 8569354.294218454509974, 1053539.425670457538217 ], [ 8569416.311532251536846, 1053539.425670457538217 ], [ 8569416.311532251536846, 1053570.434327356284484 ], [ 8569323.285561555996537, 1053570.434327356284484 ] ] ] } },
{ "type": "Feature", "properties": { "raster_val": 117 }, "geometry": { "type": "Polygon", "coordinates": [ [ [ 8569633.372130542993546, 1053787.494925647974014 ], [ 8569664.380787441506982, 1053787.494925647974014 ], [ 8569664.380787441506982, 1053539.425670457538217 ], [ 8569416.311532251536846, 1053539.425670457538217 ], [ 8569416.311532251536846, 1053570.434327356284484 ], [ 8569633.372130542993546, 1053570.434327356284484 ], [ 8569633.372130542993546, 1053787.494925647974014 ] ] ] } },
{ "type": "Feature", "properties": { "raster_val": 120 }, "geometry": { "type": "Polygon", "coordinates": [ [ [ 8569664.380787441506982, 1053508.41701355879195 ], [ 8569664.380787441506982, 1053477.408356659812853 ], [ 8570129.510640924796462, 1053477.408356659812853 ], [ 8570129.510640924796462, 1053508.41701355879195 ], [ 8569664.380787441506982, 1053508.41701355879195 ] ] ] } },
{ "type": "Feature", "properties": { "raster_val": 118 }, "geometry": { "type": "Polygon", "coordinates": [ [ [ 8565819.307331988587976, 1053570.434327356284484 ], [ 8566005.359273381531239, 1053570.434327356284484 ], [ 8566005.359273381531239, 1053539.425670457538217 ], [ 8565850.315988887101412, 1053539.425670457538217 ], [ 8565850.315988887101412, 1053384.382385963341221 ], [ 8565695.272704392671585, 1053384.382385963341221 ], [ 8565695.272704392671585, 1053415.391042862320319 ], [ 8565819.307331988587976, 1053415.391042862320319 ], [ 8565819.307331988587976, 1053570.434327356284484 ] ] ] } },
{ "type": "Feature", "properties": { "raster_val": 121 }, "geometry": { "type": "Polygon", "coordinates": [ [ [ 8570129.510640924796462, 1053508.41701355879195 ], [ 8570129.510640924796462, 1053477.408356659812853 ], [ 8570191.527954721823335, 1053477.408356659812853 ], [ 8570191.527954721823335, 1053384.382385963341221 ], [ 8570253.545268518850207, 1053384.382385963341221 ], [ 8570253.545268518850207, 1053167.321787671651691 ], [ 8570284.553925419226289, 1053167.321787671651691 ], [ 8570284.553925419226289, 1053415.391042862320319 ], [ 8570222.536611620336771, 1053415.391042862320319 ], [ 8570222.536611620336771, 1053508.41701355879195 ], [ 8570129.510640924796462, 1053508.41701355879195 ] ] ] } },
{ "type": "Feature", "properties": { "raster_val": 124 }, "geometry": { "type": "Polygon", "coordinates": [ [ [ 8565695.272704392671585, 1053384.382385963341221 ], [ 8565695.272704392671585, 1053260.347758368123323 ], [ 8566005.359273381531239, 1053260.347758368123323 ], [ 8566005.359273381531239, 1053229.339101469377056 ], [ 8566036.367930280044675, 1053229.339101469377056 ], [ 8566036.367930280044675, 1053291.35641526686959 ], [ 8565726.281361291185021, 1053291.35641526686959 ], [ 8565726.281361291185021, 1053384.382385963341221 ], [ 8565695.272704392671585, 1053384.382385963341221 ] ] ] } },
{ "type": "Feature", "properties": { "raster_val": 125 }, "geometry": { "type": "Polygon", "coordinates": [ [ [ 8560051.697148807346821, 1053291.35641526686959 ], [ 8560051.697148807346821, 1053074.29581697518006 ], [ 8560113.714462606236339, 1053074.29581697518006 ], [ 8560113.714462606236339, 1053105.304473873926327 ], [ 8560082.705805705860257, 1053105.304473873926327 ], [ 8560082.705805705860257, 1053260.347758368123323 ], [ 8560144.723119504749775, 1053260.347758368123323 ], [ 8560144.723119504749775, 1053167.321787671651691 ], [ 8560206.740433301776648, 1053167.321787671651691 ], [ 8560206.740433301776648, 1053198.330444570397958 ], [ 8560175.731776403263211, 1053198.330444570397958 ], [ 8560175.731776403263211, 1053291.35641526686959 ], [ 8560051.697148807346821, 1053291.35641526686959 ] ] ] } },
{ "type": "Feature", "properties": { "raster_val": 129 }, "geometry": { "type": "Polygon", "coordinates": [ [ [ 8564423.917771542444825, 1053198.330444570397958 ], [ 8564423.917771542444825, 1053167.321787671651691 ], [ 8564702.995683630928397, 1053167.321787671651691 ], [ 8564702.995683630928397, 1053198.330444570397958 ], [ 8564423.917771542444825, 1053198.330444570397958 ] ] ] } },
{ "type": "Feature", "properties": { "raster_val": 123 }, "geometry": { "type": "Polygon", "coordinates": [ [ [ 8564920.056281922385097, 1053415.391042862320319 ], [ 8564951.064938820898533, 1053415.391042862320319 ], [ 8564951.064938820898533, 1053167.321787671651691 ], [ 8564702.995683630928397, 1053167.321787671651691 ], [ 8564702.995683630928397, 1053198.330444570397958 ], [ 8564920.056281922385097, 1053198.330444570397958 ], [ 8564920.056281922385097, 1053415.391042862320319 ] ] ] } },
{ "type": "Feature", "properties": { "raster_val": 135 }, "geometry": { "type": "Polygon", "coordinates": [ [ [ 8565633.255390595644712, 1053105.304473873926327 ], [ 8565633.255390595644712, 1053074.29581697518006 ], [ 8565695.272704392671585, 1053074.29581697518006 ], [ 8565695.272704392671585, 1053105.304473873926327 ], [ 8565633.255390595644712, 1053105.304473873926327 ] ] ] } },
{ "type": "Feature", "properties": { "raster_val": 126 }, "geometry": { "type": "Polygon", "coordinates": [ [ [ 8566005.359273381531239, 1053229.339101469377056 ], [ 8566036.367930280044675, 1053229.339101469377056 ], [ 8566036.367930280044675, 1053074.29581697518006 ], [ 8565695.272704392671585, 1053074.29581697518006 ], [ 8565695.272704392671585, 1053105.304473873926327 ], [ 8566005.359273381531239, 1053105.304473873926327 ], [ 8566005.359273381531239, 1053229.339101469377056 ] ] ] } },
{ "type": "Feature", "properties": { "raster_val": 122 }, "geometry": { "type": "Polygon", "coordinates": [ [ [ 8554749.216819109395146, 1053415.391042862320319 ], [ 8554749.216819109395146, 1052950.261189379962161 ], [ 8554780.225476007908583, 1052950.261189379962161 ], [ 8554780.225476007908583, 1053415.391042862320319 ], [ 8554749.216819109395146, 1053415.391042862320319 ] ] ] } },
{ "type": "Feature", "properties": { "raster_val": 128 }, "geometry": { "type": "Polygon", "coordinates": [ [ [ 8564175.848516350612044, 1053198.330444570397958 ], [ 8564175.848516350612044, 1052950.261189379962161 ], [ 8564206.857173249125481, 1052950.261189379962161 ], [ 8564206.857173249125481, 1053167.321787671651691 ], [ 8564423.917771542444825, 1053167.321787671651691 ], [ 8564423.917771542444825, 1053198.330444570397958 ], [ 8564175.848516350612044, 1053198.330444570397958 ] ] ] } },
{ "type": "Feature", "properties": { "raster_val": 131 }, "geometry": { "type": "Polygon", "coordinates": [ [ [ 8560113.714462606236339, 1053105.304473873926327 ], [ 8560113.714462606236339, 1053074.29581697518006 ], [ 8560144.723119504749775, 1053074.29581697518006 ], [ 8560144.723119504749775, 1052981.269846278708428 ], [ 8560175.731776403263211, 1052981.269846278708428 ], [ 8560175.731776403263211, 1053105.304473873926327 ], [ 8560113.714462606236339, 1053105.304473873926327 ] ] ] } },
{ "type": "Feature", "properties": { "raster_val": 136 }, "geometry": { "type": "Polygon", "coordinates": [ [ [ 8565168.125537112355232, 1053012.278503177454695 ], [ 8565168.125537112355232, 1052950.261189379962161 ], [ 8565292.160164708271623, 1052950.261189379962161 ], [ 8565292.160164708271623, 1052981.269846278708428 ], [ 8565199.134194012731314, 1052981.269846278708428 ], [ 8565199.134194012731314, 1053012.278503177454695 ], [ 8565168.125537112355232, 1053012.278503177454695 ] ] ] } },
{ "type": "Feature", "properties": { "raster_val": 127 }, "geometry": { "type": "Polygon", "coordinates": [ [ [ 8560206.740433301776648, 1053198.330444570397958 ], [ 8560237.749090200290084, 1053198.330444570397958 ], [ 8560237.749090200290084, 1052981.269846278708428 ], [ 8560299.766403999179602, 1052981.269846278708428 ], [ 8560299.766403999179602, 1052950.261189379962161 ], [ 8560237.749090200290084, 1052950.261189379962161 ], [ 8560237.749090200290084, 1052919.252532481215894 ], [ 8560268.75774709880352, 1052919.252532481215894 ], [ 8560268.75774709880352, 1052888.243875582236797 ], [ 8560206.740433301776648, 1052888.243875582236797 ], [ 8560206.740433301776648, 1052950.261189379962161 ], [ 8560144.723119504749775, 1052950.261189379962161 ], [ 8560144.723119504749775, 1052981.269846278708428 ], [ 8560206.740433301776648, 1052981.269846278708428 ], [ 8560206.740433301776648, 1053198.330444570397958 ] ] ] } },
{ "type": "Feature", "properties": { "raster_val": 137 }, "geometry": { "type": "Polygon", "coordinates": [ [ [ 8560299.766403999179602, 1052981.269846278708428 ], [ 8560299.766403999179602, 1052950.261189379962161 ], [ 8560330.775060897693038, 1052950.261189379962161 ], [ 8560330.775060897693038, 1052981.269846278708428 ], [ 8560299.766403999179602, 1052981.269846278708428 ] ] ] } },
{ "type": "Feature", "properties": { "raster_val": 132 }, "geometry": { "type": "Polygon", "coordinates": [ [ [ 8560423.801031593233347, 1053105.304473873926327 ], [ 8560547.835659189149737, 1053105.304473873926327 ], [ 8560547.835659189149737, 1052950.261189379962161 ], [ 8560516.827002290636301, 1052950.261189379962161 ], [ 8560516.827002290636301, 1053074.29581697518006 ], [ 8560454.809688491746783, 1053074.29581697518006 ], [ 8560454.809688491746783, 1052950.261189379962161 ], [ 8560330.775060897693038, 1052950.261189379962161 ], [ 8560330.775060897693038, 1052981.269846278708428 ], [ 8560423.801031593233347, 1052981.269846278708428 ], [ 8560423.801031593233347, 1053105.304473873926327 ] ] ] } },
{ "type": "Feature", "properties": { "raster_val": 133 }, "geometry": { "type": "Polygon", "coordinates": [ [ [ 8565013.082252619788051, 1053105.304473873926327 ], [ 8565199.134194012731314, 1053105.304473873926327 ], [ 8565199.134194012731314, 1053012.278503177454695 ], [ 8565168.125537112355232, 1053012.278503177454695 ], [ 8565168.125537112355232, 1053074.29581697518006 ], [ 8565044.090909518301487, 1053074.29581697518006 ], [ 8565044.090909518301487, 1052950.261189379962161 ], [ 8564920.056281922385097, 1052950.261189379962161 ], [ 8564920.056281922385097, 1052981.269846278708428 ], [ 8565013.082252619788051, 1052981.269846278708428 ], [ 8565013.082252619788051, 1053105.304473873926327 ] ] ] } },
{ "type": "Feature", "properties": { "raster_val": 134 }, "geometry": { "type": "Polygon", "coordinates": [ [ [ 8565385.186135405674577, 1053105.304473873926327 ], [ 8565633.255390595644712, 1053105.304473873926327 ], [ 8565633.255390595644712, 1053074.29581697518006 ], [ 8565416.194792304188013, 1053074.29581697518006 ], [ 8565416.194792304188013, 1052950.261189379962161 ], [ 8565292.160164708271623, 1052950.261189379962161 ], [ 8565292.160164708271623, 1052981.269846278708428 ], [ 8565385.186135405674577, 1052981.269846278708428 ], [ 8565385.186135405674577, 1053105.304473873926327 ] ] ] } },
{ "type": "Feature", "properties": { "raster_val": 130 }, "geometry": { "type": "Polygon", "coordinates": [ [ [ 8570253.545268518850207, 1053167.321787671651691 ], [ 8570284.553925419226289, 1053167.321787671651691 ], [ 8570284.553925419226289, 1052950.261189379962161 ], [ 8570222.536611620336771, 1052950.261189379962161 ], [ 8570222.536611620336771, 1052764.209247987018898 ], [ 8570191.527954721823335, 1052764.209247987018898 ], [ 8570191.527954721823335, 1052981.269846278708428 ], [ 8570253.545268518850207, 1052981.269846278708428 ], [ 8570253.545268518850207, 1053167.321787671651691 ] ] ] } },
{ "type": "Feature", "properties": { "raster_val": 140 }, "geometry": { "type": "Polygon", "coordinates": [ [ [ 8560516.827002290636301, 1052950.261189379962161 ], [ 8560516.827002290636301, 1052888.243875582236797 ], [ 8560640.861629884690046, 1052888.243875582236797 ], [ 8560640.861629884690046, 1052764.209247987018898 ], [ 8560733.887600582093, 1052764.209247987018898 ], [ 8560733.887600582093, 1052702.191934189293534 ], [ 8560764.896257480606437, 1052702.191934189293534 ], [ 8560764.896257480606437, 1052795.217904885765165 ], [ 8560671.870286785066128, 1052795.217904885765165 ], [ 8560671.870286785066128, 1052919.252532481215894 ], [ 8560547.835659189149737, 1052919.252532481215894 ], [ 8560547.835659189149737, 1052950.261189379962161 ], [ 8560516.827002290636301, 1052950.261189379962161 ] ] ] } },
{ "type": "Feature", "properties": { "raster_val": 142 }, "geometry": { "type": "Polygon", "coordinates": [ [ [ 8560268.75774709880352, 1052919.252532481215894 ], [ 8560268.75774709880352, 1052888.243875582236797 ], [ 8560361.783717796206474, 1052888.243875582236797 ], [ 8560361.783717796206474, 1052640.174620391801 ], [ 8560423.801031593233347, 1052640.174620391801 ], [ 8560423.801031593233347, 1052609.165963492821902 ], [ 8560454.809688491746783, 1052609.165963492821902 ], [ 8560454.809688491746783, 1052671.183277290547267 ], [ 8560392.792374694719911, 1052671.183277290547267 ], [ 8560392.792374694719911, 1052919.252532481215894 ], [ 8560268.75774709880352, 1052919.252532481215894 ] ] ] } },
{ "type": "Feature", "properties": { "raster_val": 143 }, "geometry": { "type": "Polygon", "coordinates": [ [ [ 8562780.458955904468894, 1052919.252532481215894 ], [ 8562780.458955904468894, 1052671.183277290547267 ], [ 8562811.46761280298233, 1052671.183277290547267 ], [ 8562811.46761280298233, 1052888.243875582236797 ], [ 8562873.484926600009203, 1052888.243875582236797 ], [ 8562873.484926600009203, 1052764.209247987018898 ], [ 8562904.493583498522639, 1052764.209247987018898 ], [ 8562904.493583498522639, 1052919.252532481215894 ], [ 8562780.458955904468894, 1052919.252532481215894 ] ] ] } },
{ "type": "Feature", "properties": { "raster_val": 138 }, "geometry": { "type": "Polygon", "coordinates": [ [ [ 8564082.822545655071735, 1052981.269846278708428 ], [ 8564175.848516350612044, 1052981.269846278708428 ], [ 8564175.848516350612044, 1052950.261189379962161 ], [ 8564113.831202553585172, 1052950.261189379962161 ], [ 8564113.831202553585172, 1052888.243875582236797 ], [ 8563896.770604262128472, 1052888.243875582236797 ], [ 8563896.770604262128472, 1052795.217904885765165 ], [ 8563865.761947363615036, 1052795.217904885765165 ], [ 8563865.761947363615036, 1052919.252532481215894 ], [ 8564082.822545655071735, 1052919.252532481215894 ], [ 8564082.822545655071735, 1052981.269846278708428 ] ] ] } },
{ "type": "Feature", "properties": { "raster_val": 145 }, "geometry": { "type": "Polygon", "coordinates": [ [ [ 8559772.619236718863249, 1052795.217904885765165 ], [ 8559772.619236718863249, 1052764.209247987018898 ], [ 8559927.662521213293076, 1052764.209247987018898 ], [ 8559927.662521213293076, 1052640.174620391801 ], [ 8560051.697148807346821, 1052640.174620391801 ], [ 8560051.697148807346821, 1052609.165963492821902 ], [ 8560082.705805705860257, 1052609.165963492821902 ], [ 8560082.705805705860257, 1052671.183277290547267 ], [ 8559958.671178111806512, 1052671.183277290547267 ], [ 8559958.671178111806512, 1052795.217904885765165 ], [ 8559772.619236718863249, 1052795.217904885765165 ] ] ] } },
{ "type": "Feature", "properties": { "raster_val": 147 }, "geometry": { "type": "Polygon", "coordinates": [ [ [ 8563803.744633564725518, 1052795.217904885765165 ], [ 8563803.744633564725518, 1052764.209247987018898 ], [ 8563896.770604262128472, 1052764.209247987018898 ], [ 8563896.770604262128472, 1052795.217904885765165 ], [ 8563803.744633564725518, 1052795.217904885765165 ] ] ] } },
{ "type": "Feature", "properties": { "raster_val": 141 }, "geometry": { "type": "Polygon", "coordinates": [ [ [ 8564920.056281922385097, 1052950.261189379962161 ], [ 8564951.064938820898533, 1052950.261189379962161 ], [ 8564951.064938820898533, 1052764.209247987018898 ], [ 8564796.021654328331351, 1052764.209247987018898 ], [ 8564796.021654328331351, 1052640.174620391801 ], [ 8564765.01299742795527, 1052640.174620391801 ], [ 8564765.01299742795527, 1052795.217904885765165 ], [ 8564920.056281922385097, 1052795.217904885765165 ], [ 8564920.056281922385097, 1052950.261189379962161 ] ] ] } },
{ "type": "Feature", "properties": { "raster_val": 150 }, "geometry": { "type": "Polygon", "coordinates": [ [ [ 8560733.887600582093, 1052702.191934189293534 ], [ 8560733.887600582093, 1052640.174620391801 ], [ 8560826.913571277633309, 1052640.174620391801 ], [ 8560826.913571277633309, 1052578.157306594075635 ], [ 8561105.991483367979527, 1052578.157306594075635 ], [ 8561105.991483367979527, 1052609.165963492821902 ], [ 8560857.922228178009391, 1052609.165963492821902 ], [ 8560857.922228178009391, 1052671.183277290547267 ], [ 8560764.896257480606437, 1052671.183277290547267 ], [ 8560764.896257480606437, 1052702.191934189293534 ], [ 8560733.887600582093, 1052702.191934189293534 ] ] ] } },
{ "type": "Feature", "properties": { "raster_val": 144 }, "geometry": { "type": "Polygon", "coordinates": [ [ [ 8559524.549981528893113, 1052795.217904885765165 ], [ 8559772.619236718863249, 1052795.217904885765165 ], [ 8559772.619236718863249, 1052764.209247987018898 ], [ 8559555.558638427406549, 1052764.209247987018898 ], [ 8559555.558638427406549, 1052640.174620391801 ], [ 8559431.524010831490159, 1052640.174620391801 ], [ 8559431.524010831490159, 1052671.183277290547267 ], [ 8559524.549981528893113, 1052671.183277290547267 ], [ 8559524.549981528893113, 1052795.217904885765165 ] ] ] } },
{ "type": "Feature", "properties": { "raster_val": 146 }, "geometry": { "type": "Polygon", "coordinates": [ [ [ 8563555.675378374755383, 1052795.217904885765165 ], [ 8563803.744633564725518, 1052795.217904885765165 ], [ 8563803.744633564725518, 1052764.209247987018898 ], [ 8563586.684035273268819, 1052764.209247987018898 ], [ 8563586.684035273268819, 1052640.174620391801 ], [ 8563462.649407677352428, 1052640.174620391801 ], [ 8563462.649407677352428, 1052671.183277290547267 ], [ 8563555.675378374755383, 1052671.183277290547267 ], [ 8563555.675378374755383, 1052795.217904885765165 ] ] ] } },
{ "type": "Feature", "properties": { "raster_val": 157 }, "geometry": { "type": "Polygon", "coordinates": [ [ [ 8560268.75774709880352, 1052609.165963492821902 ], [ 8560268.75774709880352, 1052578.157306594075635 ], [ 8560454.809688491746783, 1052578.157306594075635 ], [ 8560454.809688491746783, 1052609.165963492821902 ], [ 8560268.75774709880352, 1052609.165963492821902 ] ] ] } },
{ "type": "Feature", "properties": { "raster_val": 159 }, "geometry": { "type": "Polygon", "coordinates": [ [ [ 8562966.510897297412157, 1052609.165963492821902 ], [ 8562966.510897297412157, 1052578.157306594075635 ], [ 8563059.536867992952466, 1052578.157306594075635 ], [ 8563059.536867992952466, 1052609.165963492821902 ], [ 8562966.510897297412157, 1052609.165963492821902 ] ] ] } },
{ "type": "Feature", "properties": { "raster_val": 151 }, "geometry": { "type": "Polygon", "coordinates": [ [ [ 8563400.632093880325556, 1052671.183277290547267 ], [ 8563462.649407677352428, 1052671.183277290547267 ], [ 8563462.649407677352428, 1052640.174620391801 ], [ 8563431.640750778838992, 1052640.174620391801 ], [ 8563431.640750778838992, 1052578.157306594075635 ], [ 8563059.536867992952466, 1052578.157306594075635 ], [ 8563059.536867992952466, 1052609.165963492821902 ], [ 8563400.632093880325556, 1052609.165963492821902 ], [ 8563400.632093880325556, 1052671.183277290547267 ] ] ] } },
{ "type": "Feature", "properties": { "raster_val": 139 }, "geometry": { "type": "Polygon", "coordinates": [ [ [ 8554749.216819109395146, 1052950.261189379962161 ], [ 8554749.216819109395146, 1052485.131335897604004 ], [ 8554780.225476007908583, 1052485.131335897604004 ], [ 8554780.225476007908583, 1052950.261189379962161 ], [ 8554749.216819109395146, 1052950.261189379962161 ] ] ] } },
{ "type": "Feature", "properties": { "raster_val": 149 }, "geometry": { "type": "Polygon", "coordinates": [ [ [ 8562873.484926600009203, 1052764.209247987018898 ], [ 8562904.493583498522639, 1052764.209247987018898 ], [ 8562904.493583498522639, 1052671.183277290547267 ], [ 8562997.519554195925593, 1052671.183277290547267 ], [ 8562997.519554195925593, 1052609.165963492821902 ], [ 8562966.510897297412157, 1052609.165963492821902 ], [ 8562966.510897297412157, 1052640.174620391801 ], [ 8562904.493583498522639, 1052640.174620391801 ], [ 8562904.493583498522639, 1052516.139992796350271 ], [ 8562873.484926600009203, 1052516.139992796350271 ], [ 8562873.484926600009203, 1052640.174620391801 ], [ 8562780.458955904468894, 1052640.174620391801 ], [ 8562780.458955904468894, 1052671.183277290547267 ], [ 8562873.484926600009203, 1052671.183277290547267 ], [ 8562873.484926600009203, 1052764.209247987018898 ] ] ] } },
{ "type": "Feature", "properties": { "raster_val": 152 }, "geometry": { "type": "Polygon", "coordinates": [ [ [ 8566222.419871672987938, 1052671.183277290547267 ], [ 8566222.419871672987938, 1052454.122678998857737 ], [ 8566284.437185470014811, 1052454.122678998857737 ], [ 8566284.437185470014811, 1052485.131335897604004 ], [ 8566253.428528571501374, 1052485.131335897604004 ], [ 8566253.428528571501374, 1052640.174620391801 ], [ 8566470.489126862958074, 1052640.174620391801 ], [ 8566470.489126862958074, 1052671.183277290547267 ], [ 8566222.419871672987938, 1052671.183277290547267 ] ] ] } },
{ "type": "Feature", "properties": { "raster_val": 148 }, "geometry": { "type": "Polygon", "coordinates": [ [ [ 8570036.484670227393508, 1052795.217904885765165 ], [ 8570191.527954721823335, 1052795.217904885765165 ], [ 8570191.527954721823335, 1052764.209247987018898 ], [ 8570067.493327125906944, 1052764.209247987018898 ], [ 8570067.493327125906944, 1052640.174620391801 ], [ 8569974.467356430366635, 1052640.174620391801 ], [ 8569974.467356430366635, 1052547.148649695329368 ], [ 8569943.458699531853199, 1052547.148649695329368 ], [ 8569943.458699531853199, 1052671.183277290547267 ], [ 8570036.484670227393508, 1052671.183277290547267 ], [ 8570036.484670227393508, 1052795.217904885765165 ] ] ] } },
{ "type": "Feature", "properties": { "raster_val": 153 }, "geometry": { "type": "Polygon", "coordinates": [ [ [ 8559431.524010831490159, 1052640.174620391801 ], [ 8559431.524010831490159, 1052578.157306594075635 ], [ 8559524.549981528893113, 1052578.157306594075635 ], [ 8559524.549981528893113, 1052454.122678998857737 ], [ 8559617.575952224433422, 1052454.122678998857737 ], [ 8559617.575952224433422, 1052361.096708302386105 ], [ 8559648.584609122946858, 1052361.096708302386105 ], [ 8559648.584609122946858, 1052485.131335897604004 ], [ 8559555.558638427406549, 1052485.131335897604004 ], [ 8559555.558638427406549, 1052609.165963492821902 ], [ 8559462.532667730003595, 1052609.165963492821902 ], [ 8559462.532667730003595, 1052640.174620391801 ], [ 8559431.524010831490159, 1052640.174620391801 ] ] ] } },
{ "type": "Feature", "properties": { "raster_val": 154 }, "geometry": { "type": "Polygon", "coordinates": [ [ [ 8564765.01299742795527, 1052640.174620391801 ], [ 8564765.01299742795527, 1052578.157306594075635 ], [ 8565075.099566416814923, 1052578.157306594075635 ], [ 8565075.099566416814923, 1052485.131335897604004 ], [ 8565106.10822331532836, 1052485.131335897604004 ], [ 8565106.10822331532836, 1052609.165963492821902 ], [ 8564796.021654328331351, 1052609.165963492821902 ], [ 8564796.021654328331351, 1052640.174620391801 ], [ 8564765.01299742795527, 1052640.174620391801 ] ] ] } },
{ "type": "Feature", "properties": { "raster_val": 155 }, "geometry": { "type": "Polygon", "coordinates": [ [ [ 8566439.480469964444637, 1052640.174620391801 ], [ 8566439.480469964444637, 1052454.122678998857737 ], [ 8566718.558382054790854, 1052454.122678998857737 ], [ 8566718.558382054790854, 1052516.139992796350271 ], [ 8566687.549725156277418, 1052516.139992796350271 ], [ 8566687.549725156277418, 1052485.131335897604004 ], [ 8566470.489126862958074, 1052485.131335897604004 ], [ 8566470.489126862958074, 1052640.174620391801 ], [ 8566439.480469964444637, 1052640.174620391801 ] ] ] } },
{ "type": "Feature", "properties": { "raster_val": 156 }, "geometry": { "type": "Polygon", "coordinates": [ [ [ 8560051.697148807346821, 1052609.165963492821902 ], [ 8560051.697148807346821, 1052578.157306594075635 ], [ 8560144.723119504749775, 1052578.157306594075635 ], [ 8560144.723119504749775, 1052454.122678998857737 ], [ 8560237.749090200290084, 1052454.122678998857737 ], [ 8560237.749090200290084, 1052578.157306594075635 ], [ 8560268.75774709880352, 1052578.157306594075635 ], [ 8560268.75774709880352, 1052609.165963492821902 ], [ 8560206.740433301776648, 1052609.165963492821902 ], [ 8560206.740433301776648, 1052485.131335897604004 ], [ 8560175.731776403263211, 1052485.131335897604004 ], [ 8560175.731776403263211, 1052609.165963492821902 ], [ 8560051.697148807346821, 1052609.165963492821902 ] ] ] } },
{ "type": "Feature", "properties": { "raster_val": 158 }, "geometry": { "type": "Polygon", "coordinates": [ [ [ 8561105.991483367979527, 1052609.165963492821902 ], [ 8561105.991483367979527, 1052578.157306594075635 ], [ 8561354.060738557949662, 1052578.157306594075635 ], [ 8561354.060738557949662, 1052454.122678998857737 ], [ 8561447.086709255352616, 1052454.122678998857737 ], [ 8561447.086709255352616, 1052485.131335897604004 ], [ 8561385.069395456463099, 1052485.131335897604004 ], [ 8561385.069395456463099, 1052609.165963492821902 ], [ 8561105.991483367979527, 1052609.165963492821902 ] ] ] } },
{ "type": "Feature", "properties": { "raster_val": 160 }, "geometry": { "type": "Polygon", "coordinates": [ [ [ 8566687.549725156277418, 1052609.165963492821902 ], [ 8566687.549725156277418, 1052516.139992796350271 ], [ 8566718.558382054790854, 1052516.139992796350271 ], [ 8566718.558382054790854, 1052578.157306594075635 ], [ 8566842.5930096488446, 1052578.157306594075635 ], [ 8566842.5930096488446, 1052454.122678998857737 ], [ 8566904.610323447734118, 1052454.122678998857737 ], [ 8566904.610323447734118, 1052423.114022099878639 ], [ 8566935.618980346247554, 1052423.114022099878639 ], [ 8566935.618980346247554, 1052485.131335897604004 ], [ 8566873.601666549220681, 1052485.131335897604004 ], [ 8566873.601666549220681, 1052609.165963492821902 ], [ 8566687.549725156277418, 1052609.165963492821902 ] ] ] } },
{ "type": "Feature", "properties": { "raster_val": 166 }, "geometry": { "type": "Polygon", "coordinates": [ [ [ 8565385.186135405674577, 1052485.131335897604004 ], [ 8565385.186135405674577, 1052330.088051403407007 ], [ 8565509.220762999728322, 1052330.088051403407007 ], [ 8565509.220762999728322, 1052361.096708302386105 ], [ 8565540.229419898241758, 1052361.096708302386105 ], [ 8565540.229419898241758, 1052485.131335897604004 ], [ 8565385.186135405674577, 1052485.131335897604004 ] ], [ [ 8565416.194792304188013, 1052454.122678998857737 ], [ 8565416.194792304188013, 1052361.096708302386105 ], [ 8565509.220762999728322, 1052361.096708302386105 ], [ 8565509.220762999728322, 1052454.122678998857737 ], [ 8565416.194792304188013, 1052454.122678998857737 ] ] ] } },
{ "type": "Feature", "properties": { "raster_val": 161 }, "geometry": { "type": "Polygon", "coordinates": [ [ [ 8569943.458699531853199, 1052547.148649695329368 ], [ 8569974.467356430366635, 1052547.148649695329368 ], [ 8569974.467356430366635, 1052330.088051403407007 ], [ 8569881.441385734826326, 1052330.088051403407007 ], [ 8569881.441385734826326, 1052454.122678998857737 ], [ 8569819.424071935936809, 1052454.122678998857737 ], [ 8569819.424071935936809, 1052485.131335897604004 ], [ 8569912.450042633339763, 1052485.131335897604004 ], [ 8569912.450042633339763, 1052361.096708302386105 ], [ 8569943.458699531853199, 1052361.096708302386105 ], [ 8569943.458699531853199, 1052547.148649695329368 ] ] ] } },
{ "type": "Feature", "properties": { "raster_val": 168 }, "geometry": { "type": "Polygon", "coordinates": [ [ [ 8566284.437185470014811, 1052485.131335897604004 ], [ 8566315.445842370390892, 1052485.131335897604004 ], [ 8566315.445842370390892, 1052330.088051403407007 ], [ 8566129.393900977447629, 1052330.088051403407007 ], [ 8566129.393900977447629, 1052454.122678998857737 ], [ 8566160.402557875961065, 1052454.122678998857737 ], [ 8566160.402557875961065, 1052361.096708302386105 ], [ 8566284.437185470014811, 1052361.096708302386105 ], [ 8566284.437185470014811, 1052485.131335897604004 ] ] ] } },
{ "type": "Feature", "properties": { "raster_val": 175 }, "geometry": { "type": "Polygon", "coordinates": [ [ [ 8565757.290018191561103, 1052361.096708302386105 ], [ 8565757.290018191561103, 1052330.088051403407007 ], [ 8565819.307331988587976, 1052330.088051403407007 ], [ 8565819.307331988587976, 1052361.096708302386105 ], [ 8565757.290018191561103, 1052361.096708302386105 ] ] ] } },
{ "type": "Feature", "properties": { "raster_val": 167 }, "geometry": { "type": "Polygon", "coordinates": [ [ [ 8565912.333302684128284, 1052485.131335897604004 ], [ 8566160.402557875961065, 1052485.131335897604004 ], [ 8566160.402557875961065, 1052454.122678998857737 ], [ 8565943.341959584504366, 1052454.122678998857737 ], [ 8565943.341959584504366, 1052330.088051403407007 ], [ 8565819.307331988587976, 1052330.088051403407007 ], [ 8565819.307331988587976, 1052361.096708302386105 ], [ 8565912.333302684128284, 1052361.096708302386105 ], [ 8565912.333302684128284, 1052485.131335897604004 ] ] ] } },
{ "type": "Feature", "properties": { "raster_val": 162 }, "geometry": { "type": "Polygon", "coordinates": [ [ [ 8562873.484926600009203, 1052516.139992796350271 ], [ 8562873.484926600009203, 1052330.088051403407007 ], [ 8562966.510897297412157, 1052330.088051403407007 ], [ 8562966.510897297412157, 1052268.070737605914474 ], [ 8563121.554181791841984, 1052268.070737605914474 ], [ 8563121.554181791841984, 1052299.07939450466074 ], [ 8562997.519554195925593, 1052299.07939450466074 ], [ 8562997.519554195925593, 1052361.096708302386105 ], [ 8562904.493583498522639, 1052361.096708302386105 ], [ 8562904.493583498522639, 1052516.139992796350271 ], [ 8562873.484926600009203, 1052516.139992796350271 ] ] ] } },
{ "type": "Feature", "properties": { "raster_val": 164 }, "geometry": { "type": "Polygon", "coordinates": [ [ [ 8561447.086709255352616, 1052485.131335897604004 ], [ 8561447.086709255352616, 1052454.122678998857737 ], [ 8561571.121336849406362, 1052454.122678998857737 ], [ 8561571.121336849406362, 1052330.088051403407007 ], [ 8561726.164621343836188, 1052330.088051403407007 ], [ 8561726.164621343836188, 1052299.07939450466074 ], [ 8561757.173278242349625, 1052299.07939450466074 ], [ 8561757.173278242349625, 1052361.096708302386105 ], [ 8561602.129993749782443, 1052361.096708302386105 ], [ 8561602.129993749782443, 1052485.131335897604004 ], [ 8561447.086709255352616, 1052485.131335897604004 ] ] ] } },
{ "type": "Feature", "properties": { "raster_val": 172 }, "geometry": { "type": "Polygon", "coordinates": [ [ [ 8557943.108479687944055, 1052361.096708302386105 ], [ 8557943.108479687944055, 1052330.088051403407007 ], [ 8558098.151764182373881, 1052330.088051403407007 ], [ 8558098.151764182373881, 1052268.070737605914474 ], [ 8558284.203705575317144, 1052268.070737605914474 ], [ 8558284.203705575317144, 1052237.062080706935376 ], [ 8558315.212362473830581, 1052237.062080706935376 ], [ 8558315.212362473830581, 1052299.07939450466074 ], [ 8558129.160421080887318, 1052299.07939450466074 ], [ 8558129.160421080887318, 1052361.096708302386105 ], [ 8557943.108479687944055, 1052361.096708302386105 ] ] ] } },
{ "type": "Feature", "properties": { "raster_val": 169 }, "geometry": { "type": "Polygon", "coordinates": [ [ [ 8569726.3981012403965, 1052485.131335897604004 ], [ 8569819.424071935936809, 1052485.131335897604004 ], [ 8569819.424071935936809, 1052454.122678998857737 ], [ 8569757.406758138909936, 1052454.122678998857737 ], [ 8569757.406758138909936, 1052330.088051403407007 ], [ 8569664.380787441506982, 1052330.088051403407007 ], [ 8569664.380787441506982, 1052175.044766909442842 ], [ 8569633.372130542993546, 1052175.044766909442842 ], [ 8569633.372130542993546, 1052361.096708302386105 ], [ 8569726.3981012403965, 1052361.096708302386105 ], [ 8569726.3981012403965, 1052485.131335897604004 ] ] ] } },
{ "type": "Feature", "properties": { "raster_val": 171 }, "geometry": { "type": "Polygon", "coordinates": [ [ [ 8557695.039224497973919, 1052361.096708302386105 ], [ 8557943.108479687944055, 1052361.096708302386105 ], [ 8557943.108479687944055, 1052330.088051403407007 ], [ 8557726.047881396487355, 1052330.088051403407007 ], [ 8557726.047881396487355, 1052268.070737605914474 ], [ 8557633.021910699084401, 1052268.070737605914474 ], [ 8557633.021910699084401, 1052206.053423808189109 ], [ 8557602.013253800570965, 1052206.053423808189109 ], [ 8557602.013253800570965, 1052299.07939450466074 ], [ 8557695.039224497973919, 1052299.07939450466074 ], [ 8557695.039224497973919, 1052361.096708302386105 ] ] ] } },
{ "type": "Feature", "properties": { "raster_val": 176 }, "geometry": { "type": "Polygon", "coordinates": [ [ [ 8561726.164621343836188, 1052299.07939450466074 ], [ 8561726.164621343836188, 1052268.070737605914474 ], [ 8561974.233876535668969, 1052268.070737605914474 ], [ 8561974.233876535668969, 1052175.044766909442842 ], [ 8562098.268504129722714, 1052175.044766909442842 ], [ 8562098.268504129722714, 1052206.053423808189109 ], [ 8562005.242533434182405, 1052206.053423808189109 ], [ 8562005.242533434182405, 1052299.07939450466074 ], [ 8561726.164621343836188, 1052299.07939450466074 ] ] ] } },
{ "type": "Feature", "properties": { "raster_val": 165 }, "geometry": { "type": "Polygon", "coordinates": [ [ [ 8565075.099566416814923, 1052485.131335897604004 ], [ 8565199.134194012731314, 1052485.131335897604004 ], [ 8565199.134194012731314, 1052268.070737605914474 ], [ 8565106.10822331532836, 1052268.070737605914474 ], [ 8565106.10822331532836, 1052206.053423808189109 ], [ 8565075.099566416814923, 1052206.053423808189109 ], [ 8565075.099566416814923, 1052299.07939450466074 ], [ 8565168.125537112355232, 1052299.07939450466074 ], [ 8565168.125537112355232, 1052454.122678998857737 ], [ 8565075.099566416814923, 1052454.122678998857737 ], [ 8565075.099566416814923, 1052485.131335897604004 ] ] ] } },
{ "type": "Feature", "properties": { "raster_val": 174 }, "geometry": { "type": "Polygon", "coordinates": [ [ [ 8565509.220762999728322, 1052361.096708302386105 ], [ 8565757.290018191561103, 1052361.096708302386105 ], [ 8565757.290018191561103, 1052330.088051403407007 ], [ 8565540.229419898241758, 1052330.088051403407007 ], [ 8565540.229419898241758, 1052268.070737605914474 ], [ 8565354.177478505298495, 1052268.070737605914474 ], [ 8565354.177478505298495, 1052299.07939450466074 ], [ 8565509.220762999728322, 1052299.07939450466074 ], [ 8565509.220762999728322, 1052361.096708302386105 ] ] ] } },
{ "type": "Feature", "properties": { "raster_val": 177 }, "geometry": { "type": "Polygon", "coordinates": [ [ [ 8565323.168821606785059, 1052299.07939450466074 ], [ 8565354.177478505298495, 1052299.07939450466074 ], [ 8565354.177478505298495, 1052175.044766909442842 ], [ 8565075.099566416814923, 1052175.044766909442842 ], [ 8565075.099566416814923, 1052206.053423808189109 ], [ 8565323.168821606785059, 1052206.053423808189109 ], [ 8565323.168821606785059, 1052299.07939450466074 ] ] ] } },
{ "type": "Feature", "properties": { "raster_val": 163 }, "geometry": { "type": "Polygon", "coordinates": [ [ [ 8554749.216819109395146, 1052485.131335897604004 ], [ 8554749.216819109395146, 1052020.001482415245846 ], [ 8554780.225476007908583, 1052020.001482415245846 ], [ 8554780.225476007908583, 1052485.131335897604004 ], [ 8554749.216819109395146, 1052485.131335897604004 ] ] ] } },
{ "type": "Feature", "properties": { "raster_val": 173 }, "geometry": { "type": "Polygon", "coordinates": [ [ [ 8559617.575952224433422, 1052361.096708302386105 ], [ 8559617.575952224433422, 1052268.070737605914474 ], [ 8559741.610579820349813, 1052268.070737605914474 ], [ 8559741.610579820349813, 1052020.001482415245846 ], [ 8559772.619236718863249, 1052020.001482415245846 ], [ 8559772.619236718863249, 1052299.07939450466074 ], [ 8559648.584609122946858, 1052299.07939450466074 ], [ 8559648.584609122946858, 1052361.096708302386105 ], [ 8559617.575952224433422, 1052361.096708302386105 ] ] ] } },
{ "type": "Feature", "properties": { "raster_val": 178 }, "geometry": { "type": "Polygon", "coordinates": [ [ [ 8563090.545524891465902, 1052268.070737605914474 ], [ 8563090.545524891465902, 1052175.044766909442842 ], [ 8563183.571495588868856, 1052175.044766909442842 ], [ 8563183.571495588868856, 1052020.001482415245846 ], [ 8563245.588809385895729, 1052020.001482415245846 ], [ 8563245.588809385895729, 1051957.984168617753312 ], [ 8563276.597466284409165, 1051957.984168617753312 ], [ 8563276.597466284409165, 1052051.010139314224944 ], [ 8563214.580152487382293, 1052051.010139314224944 ], [ 8563214.580152487382293, 1052206.053423808189109 ], [ 8563121.554181791841984, 1052206.053423808189109 ], [ 8563121.554181791841984, 1052268.070737605914474 ], [ 8563090.545524891465902, 1052268.070737605914474 ] ] ] } },
{ "type": "Feature", "properties": { "raster_val": 179 }, "geometry": { "type": "Polygon", "coordinates": [ [ [ 8558284.203705575317144, 1052237.062080706935376 ], [ 8558284.203705575317144, 1052175.044766909442842 ], [ 8558532.27296076528728, 1052175.044766909442842 ], [ 8558532.27296076528728, 1052020.001482415245846 ], [ 8558563.281617663800716, 1052020.001482415245846 ], [ 8558563.281617663800716, 1052206.053423808189109 ], [ 8558315.212362473830581, 1052206.053423808189109 ], [ 8558315.212362473830581, 1052237.062080706935376 ], [ 8558284.203705575317144, 1052237.062080706935376 ] ] ] } },
{ "type": "Feature", "properties": { "raster_val": 181 }, "geometry": { "type": "Polygon", "coordinates": [ [ [ 8562098.268504129722714, 1052206.053423808189109 ], [ 8562098.268504129722714, 1052175.044766909442842 ], [ 8562160.285817928612232, 1052175.044766909442842 ], [ 8562160.285817928612232, 1052020.001482415245846 ], [ 8562346.337759321555495, 1052020.001482415245846 ], [ 8562346.337759321555495, 1051988.992825516499579 ], [ 8562377.346416220068932, 1051988.992825516499579 ], [ 8562377.346416220068932, 1052051.010139314224944 ], [ 8562191.294474827125669, 1052051.010139314224944 ], [ 8562191.294474827125669, 1052206.053423808189109 ], [ 8562098.268504129722714, 1052206.053423808189109 ] ] ] } },
{ "type": "Feature", "properties": { "raster_val": 170 }, "geometry": { "type": "Polygon", "coordinates": [ [ [ 8566904.610323447734118, 1052423.114022099878639 ], [ 8566935.618980346247554, 1052423.114022099878639 ], [ 8566935.618980346247554, 1052175.044766909442842 ], [ 8566873.601666549220681, 1052175.044766909442842 ], [ 8566873.601666549220681, 1052020.001482415245846 ], [ 8566842.5930096488446, 1052020.001482415245846 ], [ 8566842.5930096488446, 1052206.053423808189109 ], [ 8566904.610323447734118, 1052206.053423808189109 ], [ 8566904.610323447734118, 1052423.114022099878639 ] ] ] } },
{ "type": "Feature", "properties": { "raster_val": 180 }, "geometry": { "type": "Polygon", "coordinates": [ [ [ 8557477.97862620651722, 1052206.053423808189109 ], [ 8557633.021910699084401, 1052206.053423808189109 ], [ 8557633.021910699084401, 1052175.044766909442842 ], [ 8557508.987283105030656, 1052175.044766909442842 ], [ 8557508.987283105030656, 1052020.001482415245846 ], [ 8557415.961312407627702, 1052020.001482415245846 ], [ 8557415.961312407627702, 1051957.984168617753312 ], [ 8557384.952655509114265, 1051957.984168617753312 ], [ 8557384.952655509114265, 1052051.010139314224944 ], [ 8557477.97862620651722, 1052051.010139314224944 ], [ 8557477.97862620651722, 1052206.053423808189109 ] ] ] } },
{ "type": "Feature", "properties": { "raster_val": 183 }, "geometry": { "type": "Polygon", "coordinates": [ [ [ 8566873.601666549220681, 1052051.010139314224944 ], [ 8566873.601666549220681, 1052020.001482415245846 ], [ 8566904.610323447734118, 1052020.001482415245846 ], [ 8566904.610323447734118, 1051957.984168617753312 ], [ 8566997.636294143274426, 1051957.984168617753312 ], [ 8566997.636294143274426, 1051864.95819792128168 ], [ 8567183.68823553621769, 1051864.95819792128168 ], [ 8567183.68823553621769, 1051895.966854820027947 ], [ 8567028.644951041787863, 1051895.966854820027947 ], [ 8567028.644951041787863, 1051988.992825516499579 ], [ 8566935.618980346247554, 1051988.992825516499579 ], [ 8566935.618980346247554, 1052051.010139314224944 ], [ 8566873.601666549220681, 1052051.010139314224944 ] ] ] } },
{ "type": "Feature", "properties": { "raster_val": 189 }, "geometry": { "type": "Polygon", "coordinates": [ [ [ 8562346.337759321555495, 1051988.992825516499579 ], [ 8562346.337759321555495, 1051957.984168617753312 ], [ 8562470.372386915609241, 1051957.984168617753312 ], [ 8562470.372386915609241, 1051864.95819792128168 ], [ 8562656.424328308552504, 1051864.95819792128168 ], [ 8562656.424328308552504, 1051833.949541022302583 ], [ 8562687.43298520706594, 1051833.949541022302583 ], [ 8562687.43298520706594, 1051895.966854820027947 ], [ 8562501.381043814122677, 1051895.966854820027947 ], [ 8562501.381043814122677, 1051988.992825516499579 ], [ 8562346.337759321555495, 1051988.992825516499579 ] ] ] } },
{ "type": "Feature", "properties": { "raster_val": 182 }, "geometry": { "type": "Polygon", "coordinates": [ [ [ 8569571.354816745966673, 1052206.053423808189109 ], [ 8569633.372130542993546, 1052206.053423808189109 ], [ 8569633.372130542993546, 1052175.044766909442842 ], [ 8569602.363473644480109, 1052175.044766909442842 ], [ 8569602.363473644480109, 1051957.984168617753312 ], [ 8569478.328846048563719, 1051957.984168617753312 ], [ 8569478.328846048563719, 1051895.966854820027947 ], [ 8569447.320189150050282, 1051895.966854820027947 ], [ 8569447.320189150050282, 1051988.992825516499579 ], [ 8569571.354816745966673, 1051988.992825516499579 ], [ 8569571.354816745966673, 1052206.053423808189109 ] ] ] } },
{ "type": "Feature", "properties": { "raster_val": 185 }, "geometry": { "type": "Polygon", "coordinates": [ [ [ 8558532.27296076528728, 1052020.001482415245846 ], [ 8558532.27296076528728, 1051957.984168617753312 ], [ 8558594.290274564176798, 1051957.984168617753312 ], [ 8558594.290274564176798, 1051740.923570325830951 ], [ 8558749.333559056743979, 1051740.923570325830951 ], [ 8558749.333559056743979, 1051771.932227224810049 ], [ 8558625.298931462690234, 1051771.932227224810049 ], [ 8558625.298931462690234, 1051988.992825516499579 ], [ 8558563.281617663800716, 1051988.992825516499579 ], [ 8558563.281617663800716, 1052020.001482415245846 ], [ 8558532.27296076528728, 1052020.001482415245846 ] ] ] } },
{ "type": "Feature", "properties": { "raster_val": 188 }, "geometry": { "type": "Polygon", "coordinates": [ [ [ 8558842.359529754146934, 1051988.992825516499579 ], [ 8558842.359529754146934, 1051864.95819792128168 ], [ 8558904.376843551173806, 1051864.95819792128168 ], [ 8558904.376843551173806, 1051771.932227224810049 ], [ 8558935.385500449687243, 1051771.932227224810049 ], [ 8558935.385500449687243, 1051864.95819792128168 ], [ 8558997.40281424857676, 1051864.95819792128168 ], [ 8558997.40281424857676, 1051895.966854820027947 ], [ 8558935.385500449687243, 1051895.966854820027947 ], [ 8558935.385500449687243, 1051988.992825516499579 ], [ 8558842.359529754146934, 1051988.992825516499579 ] ], [ [ 8558873.36818665266037, 1051957.984168617753312 ], [ 8558873.36818665266037, 1051895.966854820027947 ], [ 8558904.376843551173806, 1051895.966854820027947 ], [ 8558904.376843551173806, 1051957.984168617753312 ], [ 8558873.36818665266037, 1051957.984168617753312 ] ] ] } },
{ "type": "Feature", "properties": { "raster_val": 190 }, "geometry": { "type": "Polygon", "coordinates": [ [ [ 8563276.597466284409165, 1051988.992825516499579 ], [ 8563276.597466284409165, 1051957.984168617753312 ], [ 8563400.632093880325556, 1051957.984168617753312 ], [ 8563400.632093880325556, 1051864.95819792128168 ], [ 8563493.65806457772851, 1051864.95819792128168 ], [ 8563493.65806457772851, 1051740.923570325830951 ], [ 8563524.666721476241946, 1051740.923570325830951 ], [ 8563524.666721476241946, 1051895.966854820027947 ], [ 8563431.640750778838992, 1051895.966854820027947 ], [ 8563431.640750778838992, 1051988.992825516499579 ], [ 8563276.597466284409165, 1051988.992825516499579 ] ] ] } },
{ "type": "Feature", "properties": { "raster_val": 192 }, "geometry": { "type": "Polygon", "coordinates": [ [ [ 8567183.68823553621769, 1051895.966854820027947 ], [ 8567183.68823553621769, 1051864.95819792128168 ], [ 8567214.696892434731126, 1051864.95819792128168 ], [ 8567214.696892434731126, 1051740.923570325830951 ], [ 8567524.783461423590779, 1051740.923570325830951 ], [ 8567524.783461423590779, 1051771.932227224810049 ], [ 8567245.705549335107207, 1051771.932227224810049 ], [ 8567245.705549335107207, 1051895.966854820027947 ], [ 8567183.68823553621769, 1051895.966854820027947 ] ] ] } },
{ "type": "Feature", "properties": { "raster_val": 193 }, "geometry": { "type": "Polygon", "coordinates": [ [ [ 8569323.285561555996537, 1051895.966854820027947 ], [ 8569323.285561555996537, 1051647.89759962935932 ], [ 8569447.320189150050282, 1051647.89759962935932 ], [ 8569447.320189150050282, 1051678.906256528338417 ], [ 8569354.294218454509974, 1051678.906256528338417 ], [ 8569354.294218454509974, 1051864.95819792128168 ], [ 8569478.328846048563719, 1051864.95819792128168 ], [ 8569478.328846048563719, 1051895.966854820027947 ], [ 8569323.285561555996537, 1051895.966854820027947 ] ] ] } },
{ "type": "Feature", "properties": { "raster_val": 194 }, "geometry": { "type": "Polygon", "coordinates": [ [ [ 8562656.424328308552504, 1051833.949541022302583 ], [ 8562656.424328308552504, 1051740.923570325830951 ], [ 8562873.484926600009203, 1051740.923570325830951 ], [ 8562873.484926600009203, 1051647.89759962935932 ], [ 8562966.510897297412157, 1051647.89759962935932 ], [ 8562966.510897297412157, 1051678.906256528338417 ], [ 8562904.493583498522639, 1051678.906256528338417 ], [ 8562904.493583498522639, 1051771.932227224810049 ], [ 8562687.43298520706594, 1051771.932227224810049 ], [ 8562687.43298520706594, 1051833.949541022302583 ], [ 8562656.424328308552504, 1051833.949541022302583 ] ] ] } },
{ "type": "Feature", "properties": { "raster_val": 187 }, "geometry": { "type": "Polygon", "coordinates": [ [ [ 8557322.935341712087393, 1051988.992825516499579 ], [ 8557384.952655509114265, 1051988.992825516499579 ], [ 8557384.952655509114265, 1051957.984168617753312 ], [ 8557353.943998610600829, 1051957.984168617753312 ], [ 8557353.943998610600829, 1051864.95819792128168 ], [ 8557198.900714116171002, 1051864.95819792128168 ], [ 8557198.900714116171002, 1051740.923570325830951 ], [ 8557136.88340031914413, 1051740.923570325830951 ], [ 8557136.88340031914413, 1051771.932227224810049 ], [ 8557167.892057217657566, 1051771.932227224810049 ], [ 8557167.892057217657566, 1051895.966854820027947 ], [ 8557322.935341712087393, 1051895.966854820027947 ], [ 8557322.935341712087393, 1051988.992825516499579 ] ] ] } },
{ "type": "Feature", "properties": { "raster_val": 197 }, "geometry": { "type": "Polygon", "coordinates": [ [ [ 8558749.333559056743979, 1051771.932227224810049 ], [ 8558749.333559056743979, 1051740.923570325830951 ], [ 8558842.359529754146934, 1051740.923570325830951 ], [ 8558842.359529754146934, 1051647.89759962935932 ], [ 8558935.385500449687243, 1051647.89759962935932 ], [ 8558935.385500449687243, 1051771.932227224810049 ], [ 8558904.376843551173806, 1051771.932227224810049 ], [ 8558904.376843551173806, 1051678.906256528338417 ], [ 8558873.36818665266037, 1051678.906256528338417 ], [ 8558873.36818665266037, 1051771.932227224810049 ], [ 8558749.333559056743979, 1051771.932227224810049 ] ] ] } },
{ "type": "Feature", "properties": { "raster_val": 191 }, "geometry": { "type": "Polygon", "coordinates": [ [ [ 8558997.40281424857676, 1051895.966854820027947 ], [ 8559152.446098743006587, 1051895.966854820027947 ], [ 8559152.446098743006587, 1051740.923570325830951 ], [ 8559028.411471147090197, 1051740.923570325830951 ], [ 8559028.411471147090197, 1051678.906256528338417 ], [ 8558997.40281424857676, 1051678.906256528338417 ], [ 8558997.40281424857676, 1051771.932227224810049 ], [ 8559121.437441842630506, 1051771.932227224810049 ], [ 8559121.437441842630506, 1051864.95819792128168 ], [ 8558997.40281424857676, 1051864.95819792128168 ], [ 8558997.40281424857676, 1051895.966854820027947 ] ] ] } },
{ "type": "Feature", "properties": { "raster_val": 186 }, "geometry": { "type": "Polygon", "coordinates": [ [ [ 8559741.610579820349813, 1052020.001482415245846 ], [ 8559772.619236718863249, 1052020.001482415245846 ], [ 8559772.619236718863249, 1051864.95819792128168 ], [ 8559648.584609122946858, 1051864.95819792128168 ], [ 8559648.584609122946858, 1051740.923570325830951 ], [ 8559555.558638427406549, 1051740.923570325830951 ], [ 8559555.558638427406549, 1051771.932227224810049 ], [ 8559617.575952224433422, 1051771.932227224810049 ], [ 8559617.575952224433422, 1051895.966854820027947 ], [ 8559741.610579820349813, 1051895.966854820027947 ], [ 8559741.610579820349813, 1052020.001482415245846 ] ] ] } },
{ "type": "Feature", "properties": { "raster_val": 199 }, "geometry": { "type": "Polygon", "coordinates": [ [ [ 8563524.666721476241946, 1051771.932227224810049 ], [ 8563524.666721476241946, 1051740.923570325830951 ], [ 8563555.675378374755383, 1051740.923570325830951 ], [ 8563555.675378374755383, 1051647.89759962935932 ], [ 8563803.744633564725518, 1051647.89759962935932 ], [ 8563803.744633564725518, 1051585.880285831866786 ], [ 8563834.753290463238955, 1051585.880285831866786 ], [ 8563834.753290463238955, 1051678.906256528338417 ], [ 8563586.684035273268819, 1051678.906256528338417 ], [ 8563586.684035273268819, 1051771.932227224810049 ], [ 8563524.666721476241946, 1051771.932227224810049 ] ] ] } },
{ "type": "Feature", "properties": { "raster_val": 195 }, "geometry": { "type": "Polygon", "coordinates": [ [ [ 8556888.814145129173994, 1051771.932227224810049 ], [ 8557043.857429621741176, 1051771.932227224810049 ], [ 8557043.857429621741176, 1051647.89759962935932 ], [ 8557012.848772723227739, 1051647.89759962935932 ], [ 8557012.848772723227739, 1051740.923570325830951 ], [ 8556919.82280202768743, 1051740.923570325830951 ], [ 8556919.82280202768743, 1051647.89759962935932 ], [ 8556764.779517533257604, 1051647.89759962935932 ], [ 8556764.779517533257604, 1051678.906256528338417 ], [ 8556888.814145129173994, 1051678.906256528338417 ], [ 8556888.814145129173994, 1051771.932227224810049 ] ] ] } },
{ "type": "Feature", "properties": { "raster_val": 196 }, "geometry": { "type": "Polygon", "coordinates": [ [ [ 8557074.866086522117257, 1051771.932227224810049 ], [ 8557136.88340031914413, 1051771.932227224810049 ], [ 8557136.88340031914413, 1051740.923570325830951 ], [ 8557105.874743420630693, 1051740.923570325830951 ], [ 8557105.874743420630693, 1051647.89759962935932 ], [ 8557043.857429621741176, 1051647.89759962935932 ], [ 8557043.857429621741176, 1051678.906256528338417 ], [ 8557074.866086522117257, 1051678.906256528338417 ], [ 8557074.866086522117257, 1051771.932227224810049 ] ] ] } },
{ "type": "Feature", "properties": { "raster_val": 202 }, "geometry": { "type": "Polygon", "coordinates": [ [ [ 8558997.40281424857676, 1051678.906256528338417 ], [ 8558997.40281424857676, 1051647.89759962935932 ], [ 8559183.454755641520023, 1051647.89759962935932 ], [ 8559183.454755641520023, 1051678.906256528338417 ], [ 8558997.40281424857676, 1051678.906256528338417 ] ] ] } },
{ "type": "Feature", "properties": { "raster_val": 198 }, "geometry": { "type": "Polygon", "coordinates": [ [ [ 8559524.549981528893113, 1051771.932227224810049 ], [ 8559555.558638427406549, 1051771.932227224810049 ], [ 8559555.558638427406549, 1051647.89759962935932 ], [ 8559183.454755641520023, 1051647.89759962935932 ], [ 8559183.454755641520023, 1051678.906256528338417 ], [ 8559524.549981528893113, 1051678.906256528338417 ], [ 8559524.549981528893113, 1051771.932227224810049 ] ] ] } },
{ "type": "Feature", "properties": { "raster_val": 184 }, "geometry": { "type": "Polygon", "coordinates": [ [ [ 8554749.216819109395146, 1052020.001482415245846 ], [ 8554749.216819109395146, 1051554.871628932887688 ], [ 8554780.225476007908583, 1051554.871628932887688 ], [ 8554780.225476007908583, 1052020.001482415245846 ], [ 8554749.216819109395146, 1052020.001482415245846 ] ] ] } },
{ "type": "Feature", "properties": { "raster_val": 200 }, "geometry": { "type": "Polygon", "coordinates": [ [ [ 8567524.783461423590779, 1051771.932227224810049 ], [ 8567524.783461423590779, 1051647.89759962935932 ], [ 8567617.809432119131088, 1051647.89759962935932 ], [ 8567617.809432119131088, 1051554.871628932887688 ], [ 8567803.861373512074351, 1051554.871628932887688 ], [ 8567803.861373512074351, 1051585.880285831866786 ], [ 8567648.81808901950717, 1051585.880285831866786 ], [ 8567648.81808901950717, 1051678.906256528338417 ], [ 8567555.792118322104216, 1051678.906256528338417 ], [ 8567555.792118322104216, 1051771.932227224810049 ], [ 8567524.783461423590779, 1051771.932227224810049 ] ] ] } },
{ "type": "Feature", "properties": { "raster_val": 201 }, "geometry": { "type": "Polygon", "coordinates": [ [ [ 8555648.467869175598025, 1051678.906256528338417 ], [ 8555648.467869175598025, 1051430.83700133766979 ], [ 8555679.476526074111462, 1051430.83700133766979 ], [ 8555679.476526074111462, 1051647.89759962935932 ], [ 8555803.511153670027852, 1051647.89759962935932 ], [ 8555803.511153670027852, 1051585.880285831866786 ], [ 8555834.519810568541288, 1051585.880285831866786 ], [ 8555834.519810568541288, 1051678.906256528338417 ], [ 8555648.467869175598025, 1051678.906256528338417 ] ] ] } },
{ "type": "Feature", "properties": { "raster_val": 203 }, "geometry": { "type": "Polygon", "coordinates": [ [ [ 8562966.510897297412157, 1051678.906256528338417 ], [ 8562966.510897297412157, 1051647.89759962935932 ], [ 8563090.545524891465902, 1051647.89759962935932 ], [ 8563090.545524891465902, 1051554.871628932887688 ], [ 8563338.614780083298683, 1051554.871628932887688 ], [ 8563338.614780083298683, 1051585.880285831866786 ], [ 8563121.554181791841984, 1051585.880285831866786 ], [ 8563121.554181791841984, 1051678.906256528338417 ], [ 8562966.510897297412157, 1051678.906256528338417 ] ] ] } },
{ "type": "Feature", "properties": { "raster_val": 207 }, "geometry": { "type": "Polygon", "coordinates": [ [ [ 8555803.511153670027852, 1051585.880285831866786 ], [ 8555803.511153670027852, 1051430.83700133766979 ], [ 8556144.606379557400942, 1051430.83700133766979 ], [ 8556144.606379557400942, 1051461.845658236416057 ], [ 8555834.519810568541288, 1051461.845658236416057 ], [ 8555834.519810568541288, 1051585.880285831866786 ], [ 8555803.511153670027852, 1051585.880285831866786 ] ] ] } },
{ "type": "Feature", "properties": { "raster_val": 205 }, "geometry": { "type": "Polygon", "coordinates": [ [ [ 8556764.779517533257604, 1051647.89759962935932 ], [ 8556795.78817443177104, 1051647.89759962935932 ], [ 8556795.78817443177104, 1051554.871628932887688 ], [ 8556733.770860634744167, 1051554.871628932887688 ], [ 8556733.770860634744167, 1051461.845658236416057 ], [ 8556919.82280202768743, 1051461.845658236416057 ], [ 8556919.82280202768743, 1051430.83700133766979 ], [ 8556702.762203736230731, 1051430.83700133766979 ], [ 8556702.762203736230731, 1051585.880285831866786 ], [ 8556764.779517533257604, 1051585.880285831866786 ], [ 8556764.779517533257604, 1051647.89759962935932 ] ] ] } },
{ "type": "Feature", "properties": { "raster_val": 208 }, "geometry": { "type": "Polygon", "coordinates": [ [ [ 8563338.614780083298683, 1051585.880285831866786 ], [ 8563338.614780083298683, 1051554.871628932887688 ], [ 8563400.632093880325556, 1051554.871628932887688 ], [ 8563400.632093880325556, 1051430.83700133766979 ], [ 8563679.710005970671773, 1051430.83700133766979 ], [ 8563679.710005970671773, 1051461.845658236416057 ], [ 8563431.640750778838992, 1051461.845658236416057 ], [ 8563431.640750778838992, 1051585.880285831866786 ], [ 8563338.614780083298683, 1051585.880285831866786 ] ] ] } },
{ "type": "Feature", "properties": { "raster_val": 209 }, "geometry": { "type": "Polygon", "coordinates": [ [ [ 8563679.710005970671773, 1051585.880285831866786 ], [ 8563679.710005970671773, 1051430.83700133766979 ], [ 8563710.718662869185209, 1051430.83700133766979 ], [ 8563710.718662869185209, 1051554.871628932887688 ], [ 8563834.753290463238955, 1051554.871628932887688 ], [ 8563834.753290463238955, 1051585.880285831866786 ], [ 8563679.710005970671773, 1051585.880285831866786 ] ] ] } },
{ "type": "Feature", "properties": { "raster_val": 210 }, "geometry": { "type": "Polygon", "coordinates": [ [ [ 8567803.861373512074351, 1051585.880285831866786 ], [ 8567803.861373512074351, 1051554.871628932887688 ], [ 8567927.896001107990742, 1051554.871628932887688 ], [ 8567927.896001107990742, 1051368.819687540177256 ], [ 8568082.939285602420568, 1051368.819687540177256 ], [ 8568082.939285602420568, 1051399.828344438923523 ], [ 8567958.904658006504178, 1051399.828344438923523 ], [ 8567958.904658006504178, 1051585.880285831866786 ], [ 8567803.861373512074351, 1051585.880285831866786 ] ] ] } },
{ "type": "Feature", "properties": { "raster_val": 212 }, "geometry": { "type": "Polygon", "coordinates": [ [ [ 8568672.103766679763794, 1051585.880285831866786 ], [ 8568672.103766679763794, 1051430.83700133766979 ], [ 8569013.198992567136884, 1051430.83700133766979 ], [ 8569013.198992567136884, 1051461.845658236416057 ], [ 8568703.11242357827723, 1051461.845658236416057 ], [ 8568703.11242357827723, 1051585.880285831866786 ], [ 8568672.103766679763794, 1051585.880285831866786 ] ] ] } },
{ "type": "Feature", "properties": { "raster_val": 206 }, "geometry": { "type": "Polygon", "coordinates": [ [ [ 8555400.39861398562789, 1051585.880285831866786 ], [ 8555524.433241579681635, 1051585.880285831866786 ], [ 8555524.433241579681635, 1051430.83700133766979 ], [ 8555493.424584681168199, 1051430.83700133766979 ], [ 8555493.424584681168199, 1051554.871628932887688 ], [ 8555431.407270884141326, 1051554.871628932887688 ], [ 8555431.407270884141326, 1051430.83700133766979 ], [ 8555307.372643288224936, 1051430.83700133766979 ], [ 8555307.372643288224936, 1051461.845658236416057 ], [ 8555400.39861398562789, 1051461.845658236416057 ], [ 8555400.39861398562789, 1051585.880285831866786 ] ] ] } },
{ "type": "Feature", "properties": { "raster_val": 215 }, "geometry": { "type": "Polygon", "coordinates": [ [ [ 8555524.433241579681635, 1051461.845658236416057 ], [ 8555524.433241579681635, 1051430.83700133766979 ], [ 8555648.467869175598025, 1051430.83700133766979 ], [ 8555648.467869175598025, 1051461.845658236416057 ], [ 8555524.433241579681635, 1051461.845658236416057 ] ] ] } },
{ "type": "Feature", "properties": { "raster_val": 211 }, "geometry": { "type": "Polygon", "coordinates": [ [ [ 8568424.034511489793658, 1051585.880285831866786 ], [ 8568672.103766679763794, 1051585.880285831866786 ], [ 8568672.103766679763794, 1051554.871628932887688 ], [ 8568455.043168388307095, 1051554.871628932887688 ], [ 8568455.043168388307095, 1051430.83700133766979 ], [ 8568393.025854591280222, 1051430.83700133766979 ], [ 8568393.025854591280222, 1051399.828344438923523 ], [ 8568362.01719769090414, 1051399.828344438923523 ], [ 8568362.01719769090414, 1051461.845658236416057 ], [ 8568424.034511489793658, 1051461.845658236416057 ], [ 8568424.034511489793658, 1051585.880285831866786 ] ] ] } },
{ "type": "Feature", "properties": { "raster_val": 204 }, "geometry": { "type": "Polygon", "coordinates": [ [ [ 8569447.320189150050282, 1051678.906256528338417 ], [ 8569478.328846048563719, 1051678.906256528338417 ], [ 8569478.328846048563719, 1051554.871628932887688 ], [ 8569354.294218454509974, 1051554.871628932887688 ], [ 8569354.294218454509974, 1051430.83700133766979 ], [ 8569292.276904655620456, 1051430.83700133766979 ], [ 8569292.276904655620456, 1051399.828344438923523 ], [ 8569261.268247757107019, 1051399.828344438923523 ], [ 8569261.268247757107019, 1051461.845658236416057 ], [ 8569323.285561555996537, 1051461.845658236416057 ], [ 8569323.285561555996537, 1051585.880285831866786 ], [ 8569447.320189150050282, 1051585.880285831866786 ], [ 8569447.320189150050282, 1051678.906256528338417 ] ] ] } },
{ "type": "Feature", "properties": { "raster_val": 213 }, "geometry": { "type": "Polygon", "coordinates": [ [ [ 8554749.216819109395146, 1051554.871628932887688 ], [ 8554749.216819109395146, 1051089.741775450762361 ], [ 8554780.225476007908583, 1051089.741775450762361 ], [ 8554780.225476007908583, 1051554.871628932887688 ], [ 8554749.216819109395146, 1051554.871628932887688 ] ] ] } },
{ "type": "Feature", "properties": { "raster_val": 216 }, "geometry": { "type": "Polygon", "coordinates": [ [ [ 8556144.606379557400942, 1051461.845658236416057 ], [ 8556144.606379557400942, 1051430.83700133766979 ], [ 8556175.615036455914378, 1051430.83700133766979 ], [ 8556175.615036455914378, 1051368.819687540177256 ], [ 8556392.675634747371078, 1051368.819687540177256 ], [ 8556392.675634747371078, 1051244.785059944726527 ], [ 8556423.684291645884514, 1051244.785059944726527 ], [ 8556423.684291645884514, 1051399.828344438923523 ], [ 8556206.623693354427814, 1051399.828344438923523 ], [ 8556206.623693354427814, 1051461.845658236416057 ], [ 8556144.606379557400942, 1051461.845658236416057 ] ] ] } },
{ "type": "Feature", "properties": { "raster_val": 217 }, "geometry": { "type": "Polygon", "coordinates": [ [ [ 8569013.198992567136884, 1051461.845658236416057 ], [ 8569013.198992567136884, 1051430.83700133766979 ], [ 8569044.20764946565032, 1051430.83700133766979 ], [ 8569044.20764946565032, 1051120.750432349508628 ], [ 8569168.24227706156671, 1051120.750432349508628 ], [ 8569168.24227706156671, 1051151.759089248254895 ], [ 8569075.216306364163756, 1051151.759089248254895 ], [ 8569075.216306364163756, 1051461.845658236416057 ], [ 8569013.198992567136884, 1051461.845658236416057 ] ] ] } },
{ "type": "Feature", "properties": { "raster_val": 219 }, "geometry": { "type": "Polygon", "coordinates": [ [ [ 8568082.939285602420568, 1051399.828344438923523 ], [ 8568082.939285602420568, 1051368.819687540177256 ], [ 8568113.947942500934005, 1051368.819687540177256 ], [ 8568113.947942500934005, 1051244.785059944726527 ], [ 8568206.973913198336959, 1051244.785059944726527 ], [ 8568206.973913198336959, 1051120.750432349508628 ], [ 8568299.999883893877268, 1051120.750432349508628 ], [ 8568299.999883893877268, 1051151.759089248254895 ], [ 8568237.982570096850395, 1051151.759089248254895 ], [ 8568237.982570096850395, 1051275.793716843705624 ], [ 8568144.956599399447441, 1051275.793716843705624 ], [ 8568144.956599399447441, 1051399.828344438923523 ], [ 8568082.939285602420568, 1051399.828344438923523 ] ] ] } },
{ "type": "Feature", "properties": { "raster_val": 220 }, "geometry": { "type": "Polygon", "coordinates": [ [ [ 8568362.01719769090414, 1051399.828344438923523 ], [ 8568362.01719769090414, 1051368.819687540177256 ], [ 8568424.034511489793658, 1051368.819687540177256 ], [ 8568424.034511489793658, 1051244.785059944726527 ], [ 8568703.11242357827723, 1051244.785059944726527 ], [ 8568703.11242357827723, 1051275.793716843705624 ], [ 8568455.043168388307095, 1051275.793716843705624 ], [ 8568455.043168388307095, 1051399.828344438923523 ], [ 8568362.01719769090414, 1051399.828344438923523 ] ] ] } },
{ "type": "Feature", "properties": { "raster_val": 218 }, "geometry": { "type": "Polygon", "coordinates": [ [ [ 8556888.814145129173994, 1051430.83700133766979 ], [ 8556919.82280202768743, 1051430.83700133766979 ], [ 8556919.82280202768743, 1051368.819687540177256 ], [ 8556795.78817443177104, 1051368.819687540177256 ], [ 8556795.78817443177104, 1051244.785059944726527 ], [ 8556733.770860634744167, 1051244.785059944726527 ], [ 8556733.770860634744167, 1051151.759089248254895 ], [ 8556702.762203736230731, 1051151.759089248254895 ], [ 8556702.762203736230731, 1051275.793716843705624 ], [ 8556764.779517533257604, 1051275.793716843705624 ], [ 8556764.779517533257604, 1051399.828344438923523 ], [ 8556888.814145129173994, 1051399.828344438923523 ], [ 8556888.814145129173994, 1051430.83700133766979 ] ] ] } },
{ "type": "Feature", "properties": { "raster_val": 222 }, "geometry": { "type": "Polygon", "coordinates": [ [ [ 8556268.641007151454687, 1051275.793716843705624 ], [ 8556392.675634747371078, 1051275.793716843705624 ], [ 8556392.675634747371078, 1051244.785059944726527 ], [ 8556299.649664049968123, 1051244.785059944726527 ], [ 8556299.649664049968123, 1051120.750432349508628 ], [ 8556051.580408859997988, 1051120.750432349508628 ], [ 8556051.580408859997988, 1051151.759089248254895 ], [ 8556268.641007151454687, 1051151.759089248254895 ], [ 8556268.641007151454687, 1051275.793716843705624 ] ] ] } },
{ "type": "Feature", "properties": { "raster_val": 228 }, "geometry": { "type": "Polygon", "coordinates": [ [ [ 8569168.24227706156671, 1051151.759089248254895 ], [ 8569168.24227706156671, 1051120.750432349508628 ], [ 8569199.250933960080147, 1051120.750432349508628 ], [ 8569199.250933960080147, 1051151.759089248254895 ], [ 8569168.24227706156671, 1051151.759089248254895 ] ] ] } },
{ "type": "Feature", "properties": { "raster_val": 214 }, "geometry": { "type": "Polygon", "coordinates": [ [ [ 8555245.355329491198063, 1051461.845658236416057 ], [ 8555245.355329491198063, 1051058.733118551783264 ], [ 8555307.372643288224936, 1051058.733118551783264 ], [ 8555307.372643288224936, 1051089.741775450762361 ], [ 8555276.363986389711499, 1051089.741775450762361 ], [ 8555276.363986389711499, 1051430.83700133766979 ], [ 8555307.372643288224936, 1051430.83700133766979 ], [ 8555307.372643288224936, 1051461.845658236416057 ], [ 8555245.355329491198063, 1051461.845658236416057 ] ] ] } },
{ "type": "Feature", "properties": { "raster_val": 223 }, "geometry": { "type": "Polygon", "coordinates": [ [ [ 8568672.103766679763794, 1051244.785059944726527 ], [ 8568672.103766679763794, 1051120.750432349508628 ], [ 8568734.121080476790667, 1051120.750432349508628 ], [ 8568734.121080476790667, 1050934.698490956565365 ], [ 8568858.155708072707057, 1050934.698490956565365 ], [ 8568858.155708072707057, 1050965.707147855311632 ], [ 8568765.129737377166748, 1050965.707147855311632 ], [ 8568765.129737377166748, 1051151.759089248254895 ], [ 8568703.11242357827723, 1051151.759089248254895 ], [ 8568703.11242357827723, 1051244.785059944726527 ], [ 8568672.103766679763794, 1051244.785059944726527 ] ] ] } },
{ "type": "Feature", "properties": { "raster_val": 224 }, "geometry": { "type": "Polygon", "coordinates": [ [ [ 8555865.528467467054725, 1051151.759089248254895 ], [ 8555865.528467467054725, 1051058.733118551783264 ], [ 8555958.554438164457679, 1051058.733118551783264 ], [ 8555958.554438164457679, 1050934.698490956565365 ], [ 8555989.563095062971115, 1050934.698490956565365 ], [ 8555989.563095062971115, 1051089.741775450762361 ], [ 8555896.537124365568161, 1051089.741775450762361 ], [ 8555896.537124365568161, 1051120.750432349508628 ], [ 8556051.580408859997988, 1051120.750432349508628 ], [ 8556051.580408859997988, 1051151.759089248254895 ], [ 8555865.528467467054725, 1051151.759089248254895 ] ] ] } },
{ "type": "Feature", "properties": { "raster_val": 226 }, "geometry": { "type": "Polygon", "coordinates": [ [ [ 8557602.013253800570965, 1051151.759089248254895 ], [ 8557602.013253800570965, 1050903.689834057819098 ], [ 8557633.021910699084401, 1050903.689834057819098 ], [ 8557633.021910699084401, 1051120.750432349508628 ], [ 8557695.039224497973919, 1051120.750432349508628 ], [ 8557695.039224497973919, 1051058.733118551783264 ], [ 8557788.065195193514228, 1051058.733118551783264 ], [ 8557788.065195193514228, 1051089.741775450762361 ], [ 8557726.047881396487355, 1051089.741775450762361 ], [ 8557726.047881396487355, 1051151.759089248254895 ], [ 8557602.013253800570965, 1051151.759089248254895 ] ] ] } },
{ "type": "Feature", "properties": { "raster_val": 221 }, "geometry": { "type": "Polygon", "coordinates": [ [ [ 8569261.268247757107019, 1051399.828344438923523 ], [ 8569292.276904655620456, 1051399.828344438923523 ], [ 8569292.276904655620456, 1051151.759089248254895 ], [ 8569354.294218454509974, 1051151.759089248254895 ], [ 8569354.294218454509974, 1051120.750432349508628 ], [ 8569292.276904655620456, 1051120.750432349508628 ], [ 8569292.276904655620456, 1051058.733118551783264 ], [ 8569261.268247757107019, 1051058.733118551783264 ], [ 8569261.268247757107019, 1051120.750432349508628 ], [ 8569199.250933960080147, 1051120.750432349508628 ], [ 8569199.250933960080147, 1051151.759089248254895 ], [ 8569261.268247757107019, 1051151.759089248254895 ], [ 8569261.268247757107019, 1051399.828344438923523 ] ] ] } },
{ "type": "Feature", "properties": { "raster_val": 232 }, "geometry": { "type": "Polygon", "coordinates": [ [ [ 8557788.065195193514228, 1051089.741775450762361 ], [ 8557788.065195193514228, 1051058.733118551783264 ], [ 8557974.117136586457491, 1051058.733118551783264 ], [ 8557974.117136586457491, 1050934.698490956565365 ], [ 8558129.160421080887318, 1050934.698490956565365 ], [ 8558129.160421080887318, 1050965.707147855311632 ], [ 8558005.125793484970927, 1050965.707147855311632 ], [ 8558005.125793484970927, 1051089.741775450762361 ], [ 8557788.065195193514228, 1051089.741775450762361 ] ] ] } },
{ "type": "Feature", "properties": { "raster_val": 229 }, "geometry": { "type": "Polygon", "coordinates": [ [ [ 8569323.285561555996537, 1051120.750432349508628 ], [ 8569354.294218454509974, 1051120.750432349508628 ], [ 8569354.294218454509974, 1051058.733118551783264 ], [ 8569292.276904655620456, 1051058.733118551783264 ], [ 8569292.276904655620456, 1051089.741775450762361 ], [ 8569323.285561555996537, 1051089.741775450762361 ], [ 8569323.285561555996537, 1051120.750432349508628 ] ] ] } },
{ "type": "Feature", "properties": { "raster_val": 225 }, "geometry": { "type": "Polygon", "coordinates": [ [ [ 8556702.762203736230731, 1051151.759089248254895 ], [ 8556733.770860634744167, 1051151.759089248254895 ], [ 8556733.770860634744167, 1051058.733118551783264 ], [ 8556609.736233038827777, 1051058.733118551783264 ], [ 8556609.736233038827777, 1050934.698490956565365 ], [ 8556454.69294854439795, 1050934.698490956565365 ], [ 8556454.69294854439795, 1050965.707147855311632 ], [ 8556578.727576140314341, 1050965.707147855311632 ], [ 8556578.727576140314341, 1051089.741775450762361 ], [ 8556702.762203736230731, 1051089.741775450762361 ], [ 8556702.762203736230731, 1051151.759089248254895 ] ] ] } },
{ "type": "Feature", "properties": { "raster_val": 227 }, "geometry": { "type": "Polygon", "coordinates": [ [ [ 8568299.999883893877268, 1051151.759089248254895 ], [ 8568299.999883893877268, 1051120.750432349508628 ], [ 8568362.01719769090414, 1051120.750432349508628 ], [ 8568362.01719769090414, 1050934.698490956565365 ], [ 8568424.034511489793658, 1050934.698490956565365 ], [ 8568424.034511489793658, 1050810.663863361347467 ], [ 8568455.043168388307095, 1050810.663863361347467 ], [ 8568455.043168388307095, 1050965.707147855311632 ], [ 8568393.025854591280222, 1050965.707147855311632 ], [ 8568393.025854591280222, 1051151.759089248254895 ], [ 8568299.999883893877268, 1051151.759089248254895 ] ] ] } },
{ "type": "Feature", "properties": { "raster_val": 230 }, "geometry": { "type": "Polygon", "coordinates": [ [ [ 8554749.216819109395146, 1051089.741775450762361 ], [ 8554749.216819109395146, 1050624.611921968404204 ], [ 8554780.225476007908583, 1050624.611921968404204 ], [ 8554780.225476007908583, 1051089.741775450762361 ], [ 8554749.216819109395146, 1051089.741775450762361 ] ] ] } },
{ "type": "Feature", "properties": { "raster_val": 231 }, "geometry": { "type": "Polygon", "coordinates": [ [ [ 8555307.372643288224936, 1051089.741775450762361 ], [ 8555307.372643288224936, 1051058.733118551783264 ], [ 8555400.39861398562789, 1051058.733118551783264 ], [ 8555400.39861398562789, 1050717.637892664875835 ], [ 8555431.407270884141326, 1050717.637892664875835 ], [ 8555431.407270884141326, 1051089.741775450762361 ], [ 8555307.372643288224936, 1051089.741775450762361 ] ] ] } },
{ "type": "Feature", "properties": { "raster_val": 233 }, "geometry": { "type": "Polygon", "coordinates": [ [ [ 8555989.563095062971115, 1050965.707147855311632 ], [ 8555989.563095062971115, 1050934.698490956565365 ], [ 8556082.589065758511424, 1050934.698490956565365 ], [ 8556082.589065758511424, 1050810.663863361347467 ], [ 8556330.658320950344205, 1050810.663863361347467 ], [ 8556330.658320950344205, 1050841.672520260093734 ], [ 8556113.59772265702486, 1050841.672520260093734 ], [ 8556113.59772265702486, 1050965.707147855311632 ], [ 8555989.563095062971115, 1050965.707147855311632 ] ] ] } },
{ "type": "Feature", "properties": { "raster_val": 235 }, "geometry": { "type": "Polygon", "coordinates": [ [ [ 8558098.151764182373881, 1050934.698490956565365 ], [ 8558098.151764182373881, 1050748.646549563622102 ], [ 8558222.186391778290272, 1050748.646549563622102 ], [ 8558222.186391778290272, 1050655.620578867150471 ], [ 8558315.212362473830581, 1050655.620578867150471 ], [ 8558315.212362473830581, 1050686.629235766129568 ], [ 8558253.195048676803708, 1050686.629235766129568 ], [ 8558253.195048676803708, 1050779.655206462368369 ], [ 8558129.160421080887318, 1050779.655206462368369 ], [ 8558129.160421080887318, 1050934.698490956565365 ], [ 8558098.151764182373881, 1050934.698490956565365 ] ] ] } },
{ "type": "Feature", "properties": { "raster_val": 236 }, "geometry": { "type": "Polygon", "coordinates": [ [ [ 8568827.147051174193621, 1050934.698490956565365 ], [ 8568827.147051174193621, 1050810.663863361347467 ], [ 8569044.20764946565032, 1050810.663863361347467 ], [ 8569044.20764946565032, 1050748.646549563622102 ], [ 8569137.233620163053274, 1050748.646549563622102 ], [ 8569137.233620163053274, 1050779.655206462368369 ], [ 8569075.216306364163756, 1050779.655206462368369 ], [ 8569075.216306364163756, 1050841.672520260093734 ], [ 8568858.155708072707057, 1050841.672520260093734 ], [ 8568858.155708072707057, 1050934.698490956565365 ], [ 8568827.147051174193621, 1050934.698490956565365 ] ] ] } },
{ "type": "Feature", "properties": { "raster_val": 234 }, "geometry": { "type": "Polygon", "coordinates": [ [ [ 8556454.69294854439795, 1050934.698490956565365 ], [ 8556485.701605442911386, 1050934.698490956565365 ], [ 8556485.701605442911386, 1050810.663863361347467 ], [ 8556330.658320950344205, 1050810.663863361347467 ], [ 8556330.658320950344205, 1050841.672520260093734 ], [ 8556454.69294854439795, 1050841.672520260093734 ], [ 8556454.69294854439795, 1050934.698490956565365 ] ] ] } },
{ "type": "Feature", "properties": { "raster_val": 238 }, "geometry": { "type": "Polygon", "coordinates": [ [ [ 8568455.043168388307095, 1050841.672520260093734 ], [ 8568455.043168388307095, 1050810.663863361347467 ], [ 8568517.060482185333967, 1050810.663863361347467 ], [ 8568517.060482185333967, 1050748.646549563622102 ], [ 8568734.121080476790667, 1050748.646549563622102 ], [ 8568734.121080476790667, 1050655.620578867150471 ], [ 8568765.129737377166748, 1050655.620578867150471 ], [ 8568765.129737377166748, 1050779.655206462368369 ], [ 8568548.069139083847404, 1050779.655206462368369 ], [ 8568548.069139083847404, 1050841.672520260093734 ], [ 8568455.043168388307095, 1050841.672520260093734 ] ] ] } },
{ "type": "Feature", "properties": { "raster_val": 237 }, "geometry": { "type": "Polygon", "coordinates": [ [ [ 8557602.013253800570965, 1050903.689834057819098 ], [ 8557633.021910699084401, 1050903.689834057819098 ], [ 8557633.021910699084401, 1050748.646549563622102 ], [ 8557415.961312407627702, 1050748.646549563622102 ], [ 8557415.961312407627702, 1050655.620578867150471 ], [ 8557384.952655509114265, 1050655.620578867150471 ], [ 8557384.952655509114265, 1050779.655206462368369 ], [ 8557602.013253800570965, 1050779.655206462368369 ], [ 8557602.013253800570965, 1050903.689834057819098 ] ] ] } },
{ "type": "Feature", "properties": { "raster_val": 244 }, "geometry": { "type": "Polygon", "coordinates": [ [ [ 8557260.91802791506052, 1050686.629235766129568 ], [ 8557260.91802791506052, 1050655.620578867150471 ], [ 8557384.952655509114265, 1050655.620578867150471 ], [ 8557384.952655509114265, 1050686.629235766129568 ], [ 8557260.91802791506052, 1050686.629235766129568 ] ] ] } },
{ "type": "Feature", "properties": { "raster_val": 241 }, "geometry": { "type": "Polygon", "coordinates": [ [ [ 8556392.675634747371078, 1050686.629235766129568 ], [ 8556392.675634747371078, 1050500.577294373186305 ], [ 8556485.701605442911386, 1050500.577294373186305 ], [ 8556485.701605442911386, 1050531.585951271932572 ], [ 8556423.684291645884514, 1050531.585951271932572 ], [ 8556423.684291645884514, 1050655.620578867150471 ], [ 8556640.744889937341213, 1050655.620578867150471 ], [ 8556640.744889937341213, 1050686.629235766129568 ], [ 8556392.675634747371078, 1050686.629235766129568 ] ] ] } },
{ "type": "Feature", "properties": { "raster_val": 242 }, "geometry": { "type": "Polygon", "coordinates": [ [ [ 8556640.744889937341213, 1050686.629235766129568 ], [ 8556640.744889937341213, 1050655.620578867150471 ], [ 8556764.779517533257604, 1050655.620578867150471 ], [ 8556764.779517533257604, 1050500.577294373186305 ], [ 8556950.831458926200867, 1050500.577294373186305 ], [ 8556950.831458926200867, 1050531.585951271932572 ], [ 8556795.78817443177104, 1050531.585951271932572 ], [ 8556795.78817443177104, 1050686.629235766129568 ], [ 8556640.744889937341213, 1050686.629235766129568 ] ] ] } },
{ "type": "Feature", "properties": { "raster_val": 245 }, "geometry": { "type": "Polygon", "coordinates": [ [ [ 8558284.203705575317144, 1050655.620578867150471 ], [ 8558284.203705575317144, 1050500.577294373186305 ], [ 8558408.238333171233535, 1050500.577294373186305 ], [ 8558408.238333171233535, 1050438.559980575460941 ], [ 8558563.281617663800716, 1050438.559980575460941 ], [ 8558563.281617663800716, 1050469.568637474207208 ], [ 8558439.246990069746971, 1050469.568637474207208 ], [ 8558439.246990069746971, 1050531.585951271932572 ], [ 8558315.212362473830581, 1050531.585951271932572 ], [ 8558315.212362473830581, 1050655.620578867150471 ], [ 8558284.203705575317144, 1050655.620578867150471 ] ] ] } },
{ "type": "Feature", "properties": { "raster_val": 246 }, "geometry": { "type": "Polygon", "coordinates": [ [ [ 8568734.121080476790667, 1050655.620578867150471 ], [ 8568734.121080476790667, 1050438.559980575460941 ], [ 8568827.147051174193621, 1050438.559980575460941 ], [ 8568827.147051174193621, 1050345.534009878989309 ], [ 8568920.17302186973393, 1050345.534009878989309 ], [ 8568920.17302186973393, 1050376.542666777735576 ], [ 8568858.155708072707057, 1050376.542666777735576 ], [ 8568858.155708072707057, 1050469.568637474207208 ], [ 8568765.129737377166748, 1050469.568637474207208 ], [ 8568765.129737377166748, 1050655.620578867150471 ], [ 8568734.121080476790667, 1050655.620578867150471 ] ] ] } },
{ "type": "Feature", "properties": { "raster_val": 243 }, "geometry": { "type": "Polygon", "coordinates": [ [ [ 8557012.848772723227739, 1050686.629235766129568 ], [ 8557260.91802791506052, 1050686.629235766129568 ], [ 8557260.91802791506052, 1050655.620578867150471 ], [ 8557043.857429621741176, 1050655.620578867150471 ], [ 8557043.857429621741176, 1050500.577294373186305 ], [ 8556950.831458926200867, 1050500.577294373186305 ], [ 8556950.831458926200867, 1050531.585951271932572 ], [ 8557012.848772723227739, 1050531.585951271932572 ], [ 8557012.848772723227739, 1050686.629235766129568 ] ] ] } },
{ "type": "Feature", "properties": { "raster_val": 240 }, "geometry": { "type": "Polygon", "coordinates": [ [ [ 8555400.39861398562789, 1050717.637892664875835 ], [ 8555431.407270884141326, 1050717.637892664875835 ], [ 8555431.407270884141326, 1050438.559980575460941 ], [ 8555245.355329491198063, 1050438.559980575460941 ], [ 8555245.355329491198063, 1050500.577294373186305 ], [ 8555276.363986389711499, 1050500.577294373186305 ], [ 8555276.363986389711499, 1050469.568637474207208 ], [ 8555400.39861398562789, 1050469.568637474207208 ], [ 8555400.39861398562789, 1050717.637892664875835 ] ] ] } },
{ "type": "Feature", "properties": { "raster_val": 239 }, "geometry": { "type": "Polygon", "coordinates": [ [ [ 8569137.233620163053274, 1050779.655206462368369 ], [ 8569168.24227706156671, 1050779.655206462368369 ], [ 8569168.24227706156671, 1050500.577294373186305 ], [ 8569075.216306364163756, 1050500.577294373186305 ], [ 8569075.216306364163756, 1050438.559980575460941 ], [ 8569013.198992567136884, 1050438.559980575460941 ], [ 8569013.198992567136884, 1050469.568637474207208 ], [ 8569044.20764946565032, 1050469.568637474207208 ], [ 8569044.20764946565032, 1050531.585951271932572 ], [ 8569137.233620163053274, 1050531.585951271932572 ], [ 8569137.233620163053274, 1050779.655206462368369 ] ] ] } },
{ "type": "Feature", "properties": { "raster_val": 251 }, "geometry": { "type": "Polygon", "coordinates": [ [ [ 8556082.589065758511424, 1050469.568637474207208 ], [ 8556206.623693354427814, 1050469.568637474207208 ], [ 8556206.623693354427814, 1050376.542666777735576 ], [ 8556299.649664049968123, 1050376.542666777735576 ], [ 8556299.649664049968123, 1050345.534009878989309 ], [ 8556175.615036455914378, 1050345.534009878989309 ], [ 8556175.615036455914378, 1050438.559980575460941 ], [ 8556113.59772265702486, 1050438.559980575460941 ], [ 8556113.59772265702486, 1050345.534009878989309 ], [ 8556020.571751961484551, 1050345.534009878989309 ], [ 8556020.571751961484551, 1050376.542666777735576 ], [ 8556082.589065758511424, 1050376.542666777735576 ], [ 8556082.589065758511424, 1050469.568637474207208 ] ] ] } },
{ "type": "Feature", "properties": { "raster_val": 249 }, "geometry": { "type": "Polygon", "coordinates": [ [ [ 8556485.701605442911386, 1050531.585951271932572 ], [ 8556609.736233038827777, 1050531.585951271932572 ], [ 8556609.736233038827777, 1050469.568637474207208 ], [ 8556733.770860634744167, 1050469.568637474207208 ], [ 8556733.770860634744167, 1050345.534009878989309 ], [ 8556640.744889937341213, 1050345.534009878989309 ], [ 8556640.744889937341213, 1050376.542666777735576 ], [ 8556702.762203736230731, 1050376.542666777735576 ], [ 8556702.762203736230731, 1050438.559980575460941 ], [ 8556578.727576140314341, 1050438.559980575460941 ], [ 8556578.727576140314341, 1050500.577294373186305 ], [ 8556485.701605442911386, 1050500.577294373186305 ], [ 8556485.701605442911386, 1050531.585951271932572 ] ] ] } },
{ "type": "Feature", "properties": { "raster_val": 253 }, "geometry": { "type": "Polygon", "coordinates": [ [ [ 8568951.181678770110011, 1050469.568637474207208 ], [ 8569013.198992567136884, 1050469.568637474207208 ], [ 8569013.198992567136884, 1050438.559980575460941 ], [ 8568982.190335668623447, 1050438.559980575460941 ], [ 8568982.190335668623447, 1050345.534009878989309 ], [ 8568920.17302186973393, 1050345.534009878989309 ], [ 8568920.17302186973393, 1050376.542666777735576 ], [ 8568951.181678770110011, 1050376.542666777735576 ], [ 8568951.181678770110011, 1050469.568637474207208 ] ] ] } },
{ "type": "Feature", "properties": { "raster_val": 247 }, "geometry": { "type": "Polygon", "coordinates": [ [ [ 8554749.216819109395146, 1050624.611921968404204 ], [ 8554749.216819109395146, 1050159.482068486046046 ], [ 8554780.225476007908583, 1050159.482068486046046 ], [ 8554780.225476007908583, 1050624.611921968404204 ], [ 8554749.216819109395146, 1050624.611921968404204 ] ] ] } },
{ "type": "Feature", "properties": { "raster_val": 248 }, "geometry": { "type": "Polygon", "coordinates": [ [ [ 8555183.338015692308545, 1050531.585951271932572 ], [ 8555183.338015692308545, 1050128.473411587299779 ], [ 8555214.346672592684627, 1050128.473411587299779 ], [ 8555214.346672592684627, 1050500.577294373186305 ], [ 8555276.363986389711499, 1050500.577294373186305 ], [ 8555276.363986389711499, 1050531.585951271932572 ], [ 8555183.338015692308545, 1050531.585951271932572 ] ] ] } },
{ "type": "Feature", "properties": { "raster_val": 252 }, "geometry": { "type": "Polygon", "coordinates": [ [ [ 8557602.013253800570965, 1050469.568637474207208 ], [ 8557602.013253800570965, 1050345.534009878989309 ], [ 8557695.039224497973919, 1050345.534009878989309 ], [ 8557695.039224497973919, 1050314.525352980243042 ], [ 8557726.047881396487355, 1050314.525352980243042 ], [ 8557726.047881396487355, 1050376.542666777735576 ], [ 8557633.021910699084401, 1050376.542666777735576 ], [ 8557633.021910699084401, 1050438.559980575460941 ], [ 8557788.065195193514228, 1050438.559980575460941 ], [ 8557788.065195193514228, 1050407.551323676714674 ], [ 8557819.073852092027664, 1050407.551323676714674 ], [ 8557819.073852092027664, 1050469.568637474207208 ], [ 8557602.013253800570965, 1050469.568637474207208 ] ] ] } },
{ "type": "Feature", "properties": { "raster_val": 255 }, "geometry": { "type": "Polygon", "coordinates": [ [ [ 8557788.065195193514228, 1050407.551323676714674 ], [ 8557788.065195193514228, 1050345.534009878989309 ], [ 8557912.099822789430618, 1050345.534009878989309 ], [ 8557912.099822789430618, 1050221.499382283771411 ], [ 8557974.117136586457491, 1050221.499382283771411 ], [ 8557974.117136586457491, 1050128.473411587299779 ], [ 8558005.125793484970927, 1050128.473411587299779 ], [ 8558005.125793484970927, 1050252.508039182517678 ], [ 8557943.108479687944055, 1050252.508039182517678 ], [ 8557943.108479687944055, 1050376.542666777735576 ], [ 8557819.073852092027664, 1050376.542666777735576 ], [ 8557819.073852092027664, 1050407.551323676714674 ], [ 8557788.065195193514228, 1050407.551323676714674 ] ] ] } },
{ "type": "Feature", "properties": { "raster_val": 250 }, "geometry": { "type": "Polygon", "coordinates": [ [ [ 8555865.528467467054725, 1050469.568637474207208 ], [ 8555989.563095062971115, 1050469.568637474207208 ], [ 8555989.563095062971115, 1050376.542666777735576 ], [ 8556020.571751961484551, 1050376.542666777735576 ], [ 8556020.571751961484551, 1050345.534009878989309 ], [ 8555958.554438164457679, 1050345.534009878989309 ], [ 8555958.554438164457679, 1050438.559980575460941 ], [ 8555896.537124365568161, 1050438.559980575460941 ], [ 8555896.537124365568161, 1050345.534009878989309 ], [ 8555834.519810568541288, 1050345.534009878989309 ], [ 8555834.519810568541288, 1050283.516696081263945 ], [ 8555803.511153670027852, 1050283.516696081263945 ], [ 8555803.511153670027852, 1050376.542666777735576 ], [ 8555865.528467467054725, 1050376.542666777735576 ], [ 8555865.528467467054725, 1050469.568637474207208 ] ] ] } },
{ "type": "Feature", "properties": { "raster_val": 257 }, "geometry": { "type": "Polygon", "coordinates": [ [ [ 8556268.641007151454687, 1050345.534009878989309 ], [ 8556268.641007151454687, 1050221.499382283771411 ], [ 8556299.649664049968123, 1050221.499382283771411 ], [ 8556299.649664049968123, 1050345.534009878989309 ], [ 8556268.641007151454687, 1050345.534009878989309 ] ] ] } },
{ "type": "Feature", "properties": { "raster_val": 256 }, "geometry": { "type": "Polygon", "coordinates": [ [ [ 8556578.727576140314341, 1050376.542666777735576 ], [ 8556640.744889937341213, 1050376.542666777735576 ], [ 8556640.744889937341213, 1050345.534009878989309 ], [ 8556609.736233038827777, 1050345.534009878989309 ], [ 8556609.736233038827777, 1050221.499382283771411 ], [ 8556299.649664049968123, 1050221.499382283771411 ], [ 8556299.649664049968123, 1050252.508039182517678 ], [ 8556578.727576140314341, 1050252.508039182517678 ], [ 8556578.727576140314341, 1050376.542666777735576 ] ] ] } },
{ "type": "Feature", "properties": { "raster_val": 262 }, "geometry": { "type": "Polygon", "coordinates": [ [ [ 8555121.320701895281672, 1050159.482068486046046 ], [ 8555121.320701895281672, 1050128.473411587299779 ], [ 8555183.338015692308545, 1050128.473411587299779 ], [ 8555183.338015692308545, 1050159.482068486046046 ], [ 8555121.320701895281672, 1050159.482068486046046 ] ] ] } },
{ "type": "Feature", "properties": { "raster_val": 254 }, "geometry": { "type": "Polygon", "coordinates": [ [ [ 8558532.27296076528728, 1050438.559980575460941 ], [ 8558532.27296076528728, 1049973.430127093102783 ], [ 8558563.281617663800716, 1049973.430127093102783 ], [ 8558563.281617663800716, 1050438.559980575460941 ], [ 8558532.27296076528728, 1050438.559980575460941 ] ] ] } },
{ "type": "Feature", "properties": { "raster_val": 258 }, "geometry": { "type": "Polygon", "coordinates": [ [ [ 8557695.039224497973919, 1050314.525352980243042 ], [ 8557695.039224497973919, 1050128.473411587299779 ], [ 8557912.099822789430618, 1050128.473411587299779 ], [ 8557912.099822789430618, 1050066.456097789574414 ], [ 8557943.108479687944055, 1050066.456097789574414 ], [ 8557943.108479687944055, 1050159.482068486046046 ], [ 8557726.047881396487355, 1050159.482068486046046 ], [ 8557726.047881396487355, 1050314.525352980243042 ], [ 8557695.039224497973919, 1050314.525352980243042 ] ] ] } },
{ "type": "Feature", "properties": { "raster_val": 259 }, "geometry": { "type": "Polygon", "coordinates": [ [ [ 8555803.511153670027852, 1050283.516696081263945 ], [ 8555803.511153670027852, 1050128.473411587299779 ], [ 8555865.528467467054725, 1050128.473411587299779 ], [ 8555865.528467467054725, 1049880.404156396631151 ], [ 8555896.537124365568161, 1049880.404156396631151 ], [ 8555896.537124365568161, 1050159.482068486046046 ], [ 8555834.519810568541288, 1050159.482068486046046 ], [ 8555834.519810568541288, 1050283.516696081263945 ], [ 8555803.511153670027852, 1050283.516696081263945 ] ] ] } },
{ "type": "Feature", "properties": { "raster_val": 261 }, "geometry": { "type": "Polygon", "coordinates": [ [ [ 8554873.251446705311537, 1050159.482068486046046 ], [ 8554873.251446705311537, 1049911.412813295610249 ], [ 8554904.260103603824973, 1049911.412813295610249 ], [ 8554904.260103603824973, 1050128.473411587299779 ], [ 8555121.320701895281672, 1050128.473411587299779 ], [ 8555121.320701895281672, 1050159.482068486046046 ], [ 8554873.251446705311537, 1050159.482068486046046 ] ] ] } },
{ "type": "Feature", "properties": { "raster_val": 263 }, "geometry": { "type": "Polygon", "coordinates": [ [ [ 8558005.125793484970927, 1050159.482068486046046 ], [ 8558005.125793484970927, 1050128.473411587299779 ], [ 8558222.186391778290272, 1050128.473411587299779 ], [ 8558222.186391778290272, 1049911.412813295610249 ], [ 8558253.195048676803708, 1049911.412813295610249 ], [ 8558253.195048676803708, 1050159.482068486046046 ], [ 8558005.125793484970927, 1050159.482068486046046 ] ] ] } },
{ "type": "Feature", "properties": { "raster_val": 267 }, "geometry": { "type": "Polygon", "coordinates": [ [ [ 8558222.186391778290272, 1049911.412813295610249 ], [ 8558222.186391778290272, 1049849.395499497884884 ], [ 8558253.195048676803708, 1049849.395499497884884 ], [ 8558253.195048676803708, 1049911.412813295610249 ], [ 8558222.186391778290272, 1049911.412813295610249 ] ] ] } },
{ "type": "Feature", "properties": { "raster_val": 260 }, "geometry": { "type": "Polygon", "coordinates": [ [ [ 8554749.216819109395146, 1050159.482068486046046 ], [ 8554749.216819109395146, 1049725.360871902666986 ], [ 8554811.234132906422019, 1049725.360871902666986 ], [ 8554811.234132906422019, 1049756.369528801413253 ], [ 8554780.225476007908583, 1049756.369528801413253 ], [ 8554780.225476007908583, 1050159.482068486046046 ], [ 8554749.216819109395146, 1050159.482068486046046 ] ] ] } },
{ "type": "Feature", "properties": { "raster_val": 270 }, "geometry": { "type": "Polygon", "coordinates": [ [ [ 8557571.004596902057528, 1049849.395499497884884 ], [ 8557571.004596902057528, 1049818.386842599138618 ], [ 8557602.013253800570965, 1049818.386842599138618 ], [ 8557602.013253800570965, 1049725.360871902666986 ], [ 8557726.047881396487355, 1049725.360871902666986 ], [ 8557726.047881396487355, 1049818.386842599138618 ], [ 8557695.039224497973919, 1049818.386842599138618 ], [ 8557695.039224497973919, 1049756.369528801413253 ], [ 8557633.021910699084401, 1049756.369528801413253 ], [ 8557633.021910699084401, 1049849.395499497884884 ], [ 8557571.004596902057528, 1049849.395499497884884 ] ] ] } },
{ "type": "Feature", "properties": { "raster_val": 264 }, "geometry": { "type": "Polygon", "coordinates": [ [ [ 8557788.065195193514228, 1050066.456097789574414 ], [ 8557943.108479687944055, 1050066.456097789574414 ], [ 8557943.108479687944055, 1050035.447440890828148 ], [ 8557819.073852092027664, 1050035.447440890828148 ], [ 8557819.073852092027664, 1049818.386842599138618 ], [ 8557695.039224497973919, 1049818.386842599138618 ], [ 8557695.039224497973919, 1049849.395499497884884 ], [ 8557788.065195193514228, 1049849.395499497884884 ], [ 8557788.065195193514228, 1050066.456097789574414 ] ] ] } },
{ "type": "Feature", "properties": { "raster_val": 265 }, "geometry": { "type": "Polygon", "coordinates": [ [ [ 8558532.27296076528728, 1049973.430127093102783 ], [ 8558563.281617663800716, 1049973.430127093102783 ], [ 8558563.281617663800716, 1049911.412813295610249 ], [ 8558439.246990069746971, 1049911.412813295610249 ], [ 8558439.246990069746971, 1049818.386842599138618 ], [ 8558222.186391778290272, 1049818.386842599138618 ], [ 8558222.186391778290272, 1049849.395499497884884 ], [ 8558408.238333171233535, 1049849.395499497884884 ], [ 8558408.238333171233535, 1049942.421470194356516 ], [ 8558532.27296076528728, 1049942.421470194356516 ], [ 8558532.27296076528728, 1049973.430127093102783 ] ] ] } },
{ "type": "Feature", "properties": { "raster_val": 266 }, "geometry": { "type": "Polygon", "coordinates": [ [ [ 8554873.251446705311537, 1049911.412813295610249 ], [ 8554904.260103603824973, 1049911.412813295610249 ], [ 8554904.260103603824973, 1049756.369528801413253 ], [ 8554966.277417400851846, 1049756.369528801413253 ], [ 8554966.277417400851846, 1049694.352215003687888 ], [ 8554935.268760502338409, 1049694.352215003687888 ], [ 8554935.268760502338409, 1049725.360871902666986 ], [ 8554904.260103603824973, 1049725.360871902666986 ], [ 8554904.260103603824973, 1049601.326244307216257 ], [ 8554873.251446705311537, 1049601.326244307216257 ], [ 8554873.251446705311537, 1049725.360871902666986 ], [ 8554811.234132906422019, 1049725.360871902666986 ], [ 8554811.234132906422019, 1049756.369528801413253 ], [ 8554873.251446705311537, 1049756.369528801413253 ], [ 8554873.251446705311537, 1049911.412813295610249 ] ] ] } },
{ "type": "Feature", "properties": { "raster_val": 272 }, "geometry": { "type": "Polygon", "coordinates": [ [ [ 8555431.407270884141326, 1049756.369528801413253 ], [ 8555431.407270884141326, 1049725.360871902666986 ], [ 8555493.424584681168199, 1049725.360871902666986 ], [ 8555493.424584681168199, 1049601.326244307216257 ], [ 8555679.476526074111462, 1049601.326244307216257 ], [ 8555679.476526074111462, 1049632.334901206195354 ], [ 8555524.433241579681635, 1049632.334901206195354 ], [ 8555524.433241579681635, 1049756.369528801413253 ], [ 8555431.407270884141326, 1049756.369528801413253 ] ] ] } },
{ "type": "Feature", "properties": { "raster_val": 268 }, "geometry": { "type": "Polygon", "coordinates": [ [ [ 8555865.528467467054725, 1049880.404156396631151 ], [ 8555896.537124365568161, 1049880.404156396631151 ], [ 8555896.537124365568161, 1049818.386842599138618 ], [ 8555834.519810568541288, 1049818.386842599138618 ], [ 8555834.519810568541288, 1049725.360871902666986 ], [ 8555679.476526074111462, 1049725.360871902666986 ], [ 8555679.476526074111462, 1049632.334901206195354 ], [ 8555648.467869175598025, 1049632.334901206195354 ], [ 8555648.467869175598025, 1049756.369528801413253 ], [ 8555803.511153670027852, 1049756.369528801413253 ], [ 8555803.511153670027852, 1049849.395499497884884 ], [ 8555865.528467467054725, 1049849.395499497884884 ], [ 8555865.528467467054725, 1049880.404156396631151 ] ] ] } },
{ "type": "Feature", "properties": { "raster_val": 269 }, "geometry": { "type": "Polygon", "coordinates": [ [ [ 8557322.935341712087393, 1049849.395499497884884 ], [ 8557571.004596902057528, 1049849.395499497884884 ], [ 8557571.004596902057528, 1049818.386842599138618 ], [ 8557353.943998610600829, 1049818.386842599138618 ], [ 8557353.943998610600829, 1049725.360871902666986 ], [ 8557198.900714116171002, 1049725.360871902666986 ], [ 8557198.900714116171002, 1049756.369528801413253 ], [ 8557322.935341712087393, 1049756.369528801413253 ], [ 8557322.935341712087393, 1049849.395499497884884 ] ] ] } },
{ "type": "Feature", "properties": { "raster_val": 271 }, "geometry": { "type": "Polygon", "coordinates": [ [ [ 8555183.338015692308545, 1049756.369528801413253 ], [ 8555183.338015692308545, 1049508.300273610744625 ], [ 8555214.346672592684627, 1049508.300273610744625 ], [ 8555214.346672592684627, 1049725.360871902666986 ], [ 8555431.407270884141326, 1049725.360871902666986 ], [ 8555431.407270884141326, 1049756.369528801413253 ], [ 8555183.338015692308545, 1049756.369528801413253 ] ] ] } },
{ "type": "Feature", "properties": { "raster_val": 275 }, "geometry": { "type": "Polygon", "coordinates": [ [ [ 8554749.216819109395146, 1049632.334901206195354 ], [ 8554749.216819109395146, 1049415.274302914272994 ], [ 8554935.268760502338409, 1049415.274302914272994 ], [ 8554935.268760502338409, 1049446.282959813252091 ], [ 8554780.225476007908583, 1049446.282959813252091 ], [ 8554780.225476007908583, 1049601.326244307216257 ], [ 8554873.251446705311537, 1049601.326244307216257 ], [ 8554873.251446705311537, 1049632.334901206195354 ], [ 8554749.216819109395146, 1049632.334901206195354 ] ] ] } },
{ "type": "Feature", "properties": { "raster_val": 273 }, "geometry": { "type": "Polygon", "coordinates": [ [ [ 8557074.866086522117257, 1049756.369528801413253 ], [ 8557198.900714116171002, 1049756.369528801413253 ], [ 8557198.900714116171002, 1049725.360871902666986 ], [ 8557105.874743420630693, 1049725.360871902666986 ], [ 8557105.874743420630693, 1049601.326244307216257 ], [ 8557043.857429621741176, 1049601.326244307216257 ], [ 8557043.857429621741176, 1049570.31758740846999 ], [ 8557136.88340031914413, 1049570.31758740846999 ], [ 8557136.88340031914413, 1049539.308930509723723 ], [ 8557012.848772723227739, 1049539.308930509723723 ], [ 8557012.848772723227739, 1049632.334901206195354 ], [ 8557074.866086522117257, 1049632.334901206195354 ], [ 8557074.866086522117257, 1049756.369528801413253 ] ] ] } },
{ "type": "Feature", "properties": { "raster_val": 276 }, "geometry": { "type": "Polygon", "coordinates": [ [ [ 8557136.88340031914413, 1049570.31758740846999 ], [ 8557136.88340031914413, 1049539.308930509723723 ], [ 8557477.97862620651722, 1049539.308930509723723 ], [ 8557477.97862620651722, 1049446.282959813252091 ], [ 8557508.987283105030656, 1049446.282959813252091 ], [ 8557508.987283105030656, 1049570.31758740846999 ], [ 8557136.88340031914413, 1049570.31758740846999 ] ] ] } },
{ "type": "Feature", "properties": { "raster_val": 278 }, "geometry": { "type": "Polygon", "coordinates": [ [ [ 8554935.268760502338409, 1049446.282959813252091 ], [ 8554935.268760502338409, 1049415.274302914272994 ], [ 8555059.3033880982548, 1049415.274302914272994 ], [ 8555059.3033880982548, 1049446.282959813252091 ], [ 8554935.268760502338409, 1049446.282959813252091 ] ] ] } },
{ "type": "Feature", "properties": { "raster_val": 274 }, "geometry": { "type": "Polygon", "coordinates": [ [ [ 8554935.268760502338409, 1049694.352215003687888 ], [ 8554966.277417400851846, 1049694.352215003687888 ], [ 8554966.277417400851846, 1049632.334901206195354 ], [ 8555121.320701895281672, 1049632.334901206195354 ], [ 8555121.320701895281672, 1049415.274302914272994 ], [ 8555059.3033880982548, 1049415.274302914272994 ], [ 8555059.3033880982548, 1049446.282959813252091 ], [ 8555090.312044996768236, 1049446.282959813252091 ], [ 8555090.312044996768236, 1049601.326244307216257 ], [ 8554935.268760502338409, 1049601.326244307216257 ], [ 8554935.268760502338409, 1049694.352215003687888 ] ] ] } },
{ "type": "Feature", "properties": { "raster_val": 277 }, "geometry": { "type": "Polygon", "coordinates": [ [ [ 8555183.338015692308545, 1049508.300273610744625 ], [ 8555183.338015692308545, 1049229.222361521562561 ], [ 8555400.39861398562789, 1049229.222361521562561 ], [ 8555400.39861398562789, 1049260.231018420308828 ], [ 8555214.346672592684627, 1049260.231018420308828 ], [ 8555214.346672592684627, 1049508.300273610744625 ], [ 8555183.338015692308545, 1049508.300273610744625 ] ] ] } },
{ "type": "Feature", "properties": { "raster_val": 279 }, "geometry": { "type": "Polygon", "coordinates": [ [ [ 8557477.97862620651722, 1049446.282959813252091 ], [ 8557477.97862620651722, 1049415.274302914272994 ], [ 8557695.039224497973919, 1049415.274302914272994 ], [ 8557695.039224497973919, 1049291.239675319055095 ], [ 8557819.073852092027664, 1049291.239675319055095 ], [ 8557819.073852092027664, 1049322.248332217801362 ], [ 8557726.047881396487355, 1049322.248332217801362 ], [ 8557726.047881396487355, 1049446.282959813252091 ], [ 8557477.97862620651722, 1049446.282959813252091 ] ] ] } },
{ "type": "Feature", "properties": { "raster_val": 280 }, "geometry": { "type": "Polygon", "coordinates": [ [ [ 8557912.099822789430618, 1049446.282959813252091 ], [ 8558005.125793484970927, 1049446.282959813252091 ], [ 8558005.125793484970927, 1049260.231018420308828 ], [ 8557974.117136586457491, 1049260.231018420308828 ], [ 8557974.117136586457491, 1049415.274302914272994 ], [ 8557943.108479687944055, 1049415.274302914272994 ], [ 8557943.108479687944055, 1049291.239675319055095 ], [ 8557819.073852092027664, 1049291.239675319055095 ], [ 8557819.073852092027664, 1049322.248332217801362 ], [ 8557912.099822789430618, 1049322.248332217801362 ], [ 8557912.099822789430618, 1049446.282959813252091 ] ] ] } },
{ "type": "Feature", "properties": { "raster_val": 281 }, "geometry": { "type": "Polygon", "coordinates": [ [ [ 8555400.39861398562789, 1049260.231018420308828 ], [ 8555400.39861398562789, 1049229.222361521562561 ], [ 8555648.467869175598025, 1049229.222361521562561 ], [ 8555648.467869175598025, 1049043.170420128619298 ], [ 8555679.476526074111462, 1049043.170420128619298 ], [ 8555679.476526074111462, 1049260.231018420308828 ], [ 8555400.39861398562789, 1049260.231018420308828 ] ] ] } },
{ "type": "Feature", "properties": { "raster_val": 282 }, "geometry": { "type": "Polygon", "coordinates": [ [ [ 8557974.117136586457491, 1049260.231018420308828 ], [ 8557974.117136586457491, 1048919.135792533168569 ], [ 8558129.160421080887318, 1048919.135792533168569 ], [ 8558129.160421080887318, 1048950.144449432147667 ], [ 8558005.125793484970927, 1048950.144449432147667 ], [ 8558005.125793484970927, 1049260.231018420308828 ], [ 8557974.117136586457491, 1049260.231018420308828 ] ] ] } },
{ "type": "Feature", "properties": { "raster_val": 283 }, "geometry": { "type": "Polygon", "coordinates": [ [ [ 8554873.251446705311537, 1049167.205047723837197 ], [ 8554966.277417400851846, 1049167.205047723837197 ], [ 8554966.277417400851846, 1049012.161763229640201 ], [ 8554935.268760502338409, 1049012.161763229640201 ], [ 8554935.268760502338409, 1048981.153106330893934 ], [ 8554904.260103603824973, 1048981.153106330893934 ], [ 8554904.260103603824973, 1048950.144449432147667 ], [ 8554873.251446705311537, 1048950.144449432147667 ], [ 8554873.251446705311537, 1048981.153106330893934 ], [ 8554842.2427898067981, 1048981.153106330893934 ], [ 8554842.2427898067981, 1049012.161763229640201 ], [ 8554873.251446705311537, 1049012.161763229640201 ], [ 8554873.251446705311537, 1049167.205047723837197 ] ], [ [ 8554904.260103603824973, 1049136.19639082509093 ], [ 8554904.260103603824973, 1049012.161763229640201 ], [ 8554935.268760502338409, 1049012.161763229640201 ], [ 8554935.268760502338409, 1049136.19639082509093 ], [ 8554904.260103603824973, 1049136.19639082509093 ] ] ] } },
{ "type": "Feature", "properties": { "raster_val": 284 }, "geometry": { "type": "Polygon", "coordinates": [ [ [ 8555183.338015692308545, 1049167.205047723837197 ], [ 8555276.363986389711499, 1049167.205047723837197 ], [ 8555276.363986389711499, 1048981.153106330893934 ], [ 8555245.355329491198063, 1048981.153106330893934 ], [ 8555245.355329491198063, 1049136.19639082509093 ], [ 8555214.346672592684627, 1049136.19639082509093 ], [ 8555214.346672592684627, 1048981.153106330893934 ], [ 8555121.320701895281672, 1048981.153106330893934 ], [ 8555121.320701895281672, 1049012.161763229640201 ], [ 8555183.338015692308545, 1049012.161763229640201 ], [ 8555183.338015692308545, 1049167.205047723837197 ] ] ] } },
{ "type": "Feature", "properties": { "raster_val": 287 }, "geometry": { "type": "Polygon", "coordinates": [ [ [ 8554935.268760502338409, 1049012.161763229640201 ], [ 8555121.320701895281672, 1049012.161763229640201 ], [ 8555121.320701895281672, 1048981.153106330893934 ], [ 8554966.277417400851846, 1048981.153106330893934 ], [ 8554966.277417400851846, 1048919.135792533168569 ], [ 8554873.251446705311537, 1048919.135792533168569 ], [ 8554873.251446705311537, 1048950.144449432147667 ], [ 8554935.268760502338409, 1048950.144449432147667 ], [ 8554935.268760502338409, 1049012.161763229640201 ] ] ] } },
{ "type": "Feature", "properties": { "raster_val": 286 }, "geometry": { "type": "Polygon", "coordinates": [ [ [ 8554749.216819109395146, 1049012.161763229640201 ], [ 8554749.216819109395146, 1048609.049223545007408 ], [ 8554780.225476007908583, 1048609.049223545007408 ], [ 8554780.225476007908583, 1048981.153106330893934 ], [ 8554842.2427898067981, 1048981.153106330893934 ], [ 8554842.2427898067981, 1049012.161763229640201 ], [ 8554749.216819109395146, 1049012.161763229640201 ] ] ] } },
{ "type": "Feature", "properties": { "raster_val": 288 }, "geometry": { "type": "Polygon", "coordinates": [ [ [ 8555276.363986389711499, 1049012.161763229640201 ], [ 8555276.363986389711499, 1048981.153106330893934 ], [ 8555493.424584681168199, 1048981.153106330893934 ], [ 8555493.424584681168199, 1048826.109821836696938 ], [ 8555555.441898478195071, 1048826.109821836696938 ], [ 8555555.441898478195071, 1048857.118478735676035 ], [ 8555524.433241579681635, 1048857.118478735676035 ], [ 8555524.433241579681635, 1049012.161763229640201 ], [ 8555276.363986389711499, 1049012.161763229640201 ] ] ] } },
{ "type": "Feature", "properties": { "raster_val": 285 }, "geometry": { "type": "Polygon", "coordinates": [ [ [ 8555648.467869175598025, 1049043.170420128619298 ], [ 8555679.476526074111462, 1049043.170420128619298 ], [ 8555679.476526074111462, 1048857.118478735676035 ], [ 8555741.493839871138334, 1048857.118478735676035 ], [ 8555741.493839871138334, 1048826.109821836696938 ], [ 8555679.476526074111462, 1048826.109821836696938 ], [ 8555679.476526074111462, 1048733.083851140225306 ], [ 8555648.467869175598025, 1048733.083851140225306 ], [ 8555648.467869175598025, 1048826.109821836696938 ], [ 8555555.441898478195071, 1048826.109821836696938 ], [ 8555555.441898478195071, 1048857.118478735676035 ], [ 8555648.467869175598025, 1048857.118478735676035 ], [ 8555648.467869175598025, 1049043.170420128619298 ] ] ] } },
{ "type": "Feature", "properties": { "raster_val": 291 }, "geometry": { "type": "Polygon", "coordinates": [ [ [ 8555958.554438164457679, 1048857.118478735676035 ], [ 8555958.554438164457679, 1048609.049223545007408 ], [ 8555989.563095062971115, 1048609.049223545007408 ], [ 8555989.563095062971115, 1048826.109821836696938 ], [ 8556082.589065758511424, 1048826.109821836696938 ], [ 8556082.589065758511424, 1048733.083851140225306 ], [ 8556113.59772265702486, 1048733.083851140225306 ], [ 8556113.59772265702486, 1048857.118478735676035 ], [ 8555958.554438164457679, 1048857.118478735676035 ] ] ] } },
{ "type": "Feature", "properties": { "raster_val": 289 }, "geometry": { "type": "Polygon", "coordinates": [ [ [ 8558129.160421080887318, 1048950.144449432147667 ], [ 8558253.195048676803708, 1048950.144449432147667 ], [ 8558253.195048676803708, 1048826.109821836696938 ], [ 8557974.117136586457491, 1048826.109821836696938 ], [ 8557974.117136586457491, 1048857.118478735676035 ], [ 8558222.186391778290272, 1048857.118478735676035 ], [ 8558222.186391778290272, 1048919.135792533168569 ], [ 8558129.160421080887318, 1048919.135792533168569 ], [ 8558129.160421080887318, 1048950.144449432147667 ] ] ] } },
{ "type": "Feature", "properties": { "raster_val": 294 }, "geometry": { "type": "Polygon", "coordinates": [ [ [ 8555648.467869175598025, 1048733.083851140225306 ], [ 8555648.467869175598025, 1048702.075194241479039 ], [ 8555710.485182972624898, 1048702.075194241479039 ], [ 8555710.485182972624898, 1048733.083851140225306 ], [ 8555648.467869175598025, 1048733.083851140225306 ] ] ] } },
{ "type": "Feature", "properties": { "raster_val": 290 }, "geometry": { "type": "Polygon", "coordinates": [ [ [ 8555741.493839871138334, 1048857.118478735676035 ], [ 8555834.519810568541288, 1048857.118478735676035 ], [ 8555834.519810568541288, 1048733.083851140225306 ], [ 8555896.537124365568161, 1048733.083851140225306 ], [ 8555896.537124365568161, 1048702.075194241479039 ], [ 8555834.519810568541288, 1048702.075194241479039 ], [ 8555834.519810568541288, 1048609.049223545007408 ], [ 8555803.511153670027852, 1048609.049223545007408 ], [ 8555803.511153670027852, 1048702.075194241479039 ], [ 8555710.485182972624898, 1048702.075194241479039 ], [ 8555710.485182972624898, 1048733.083851140225306 ], [ 8555803.511153670027852, 1048733.083851140225306 ], [ 8555803.511153670027852, 1048826.109821836696938 ], [ 8555741.493839871138334, 1048826.109821836696938 ], [ 8555741.493839871138334, 1048857.118478735676035 ] ] ] } },
{ "type": "Feature", "properties": { "raster_val": 296 }, "geometry": { "type": "Polygon", "coordinates": [ [ [ 8555865.528467467054725, 1048702.075194241479039 ], [ 8555865.528467467054725, 1048609.049223545007408 ], [ 8555958.554438164457679, 1048609.049223545007408 ], [ 8555958.554438164457679, 1048640.057880443753675 ], [ 8555896.537124365568161, 1048640.057880443753675 ], [ 8555896.537124365568161, 1048702.075194241479039 ], [ 8555865.528467467054725, 1048702.075194241479039 ] ] ] } },
{ "type": "Feature", "properties": { "raster_val": 292 }, "geometry": { "type": "Polygon", "coordinates": [ [ [ 8557974.117136586457491, 1048826.109821836696938 ], [ 8557974.117136586457491, 1048609.049223545007408 ], [ 8558098.151764182373881, 1048609.049223545007408 ], [ 8558098.151764182373881, 1048516.023252848535776 ], [ 8558160.169077979400754, 1048516.023252848535776 ], [ 8558160.169077979400754, 1048547.031909747398458 ], [ 8558129.160421080887318, 1048547.031909747398458 ], [ 8558129.160421080887318, 1048640.057880443753675 ], [ 8558005.125793484970927, 1048640.057880443753675 ], [ 8558005.125793484970927, 1048826.109821836696938 ], [ 8557974.117136586457491, 1048826.109821836696938 ] ] ] } },
{ "type": "Feature", "properties": { "raster_val": 293 }, "geometry": { "type": "Polygon", "coordinates": [ [ [ 8555090.312044996768236, 1048733.083851140225306 ], [ 8555090.312044996768236, 1048609.049223545007408 ], [ 8555183.338015692308545, 1048609.049223545007408 ], [ 8555183.338015692308545, 1048578.040566646261141 ], [ 8555214.346672592684627, 1048578.040566646261141 ], [ 8555214.346672592684627, 1048640.057880443753675 ], [ 8555121.320701895281672, 1048640.057880443753675 ], [ 8555121.320701895281672, 1048702.075194241479039 ], [ 8555245.355329491198063, 1048702.075194241479039 ], [ 8555245.355329491198063, 1048640.057880443753675 ], [ 8555276.363986389711499, 1048640.057880443753675 ], [ 8555276.363986389711499, 1048733.083851140225306 ], [ 8555090.312044996768236, 1048733.083851140225306 ] ] ] } },
{ "type": "Feature", "properties": { "raster_val": 295 }, "geometry": { "type": "Polygon", "coordinates": [ [ [ 8556082.589065758511424, 1048733.083851140225306 ], [ 8556082.589065758511424, 1048609.049223545007408 ], [ 8556175.615036455914378, 1048609.049223545007408 ], [ 8556175.615036455914378, 1048516.023252848535776 ], [ 8556268.641007151454687, 1048516.023252848535776 ], [ 8556268.641007151454687, 1048454.005939050926827 ], [ 8556299.649664049968123, 1048454.005939050926827 ], [ 8556299.649664049968123, 1048547.031909747398458 ], [ 8556206.623693354427814, 1048547.031909747398458 ], [ 8556206.623693354427814, 1048640.057880443753675 ], [ 8556113.59772265702486, 1048640.057880443753675 ], [ 8556113.59772265702486, 1048733.083851140225306 ], [ 8556082.589065758511424, 1048733.083851140225306 ] ] ] } },
{ "type": "Feature", "properties": { "raster_val": 297 }, "geometry": { "type": "Polygon", "coordinates": [ [ [ 8555245.355329491198063, 1048640.057880443753675 ], [ 8555245.355329491198063, 1048609.049223545007408 ], [ 8555400.39861398562789, 1048609.049223545007408 ], [ 8555400.39861398562789, 1048391.988625253317878 ], [ 8555493.424584681168199, 1048391.988625253317878 ], [ 8555493.424584681168199, 1048422.997282152064145 ], [ 8555431.407270884141326, 1048422.997282152064145 ], [ 8555431.407270884141326, 1048640.057880443753675 ], [ 8555245.355329491198063, 1048640.057880443753675 ] ] ] } },
{ "type": "Feature", "properties": { "raster_val": 298 }, "geometry": { "type": "Polygon", "coordinates": [ [ [ 8558222.186391778290272, 1048640.057880443753675 ], [ 8558532.27296076528728, 1048640.057880443753675 ], [ 8558532.27296076528728, 1048609.049223545007408 ], [ 8558253.195048676803708, 1048609.049223545007408 ], [ 8558253.195048676803708, 1048516.023252848535776 ], [ 8558160.169077979400754, 1048516.023252848535776 ], [ 8558160.169077979400754, 1048547.031909747398458 ], [ 8558222.186391778290272, 1048547.031909747398458 ], [ 8558222.186391778290272, 1048640.057880443753675 ] ] ] } },
{ "type": "Feature", "properties": { "raster_val": 299 }, "geometry": { "type": "Polygon", "coordinates": [ [ [ 8558532.27296076528728, 1048640.057880443753675 ], [ 8558563.281617663800716, 1048640.057880443753675 ], [ 8558563.281617663800716, 1048516.023252848535776 ], [ 8558315.212362473830581, 1048516.023252848535776 ], [ 8558315.212362473830581, 1048422.997282152064145 ], [ 8558284.203705575317144, 1048422.997282152064145 ], [ 8558284.203705575317144, 1048547.031909747398458 ], [ 8558532.27296076528728, 1048547.031909747398458 ], [ 8558532.27296076528728, 1048640.057880443753675 ] ] ] } },
{ "type": "Feature", "properties": { "raster_val": 303 }, "geometry": { "type": "Polygon", "coordinates": [ [ [ 8558687.316245259717107, 1048547.031909747398458 ], [ 8558873.36818665266037, 1048547.031909747398458 ], [ 8558873.36818665266037, 1048454.005939050926827 ], [ 8558842.359529754146934, 1048454.005939050926827 ], [ 8558842.359529754146934, 1048516.023252848535776 ], [ 8558718.324902158230543, 1048516.023252848535776 ], [ 8558718.324902158230543, 1048391.988625253317878 ], [ 8558594.290274564176798, 1048391.988625253317878 ], [ 8558594.290274564176798, 1048422.997282152064145 ], [ 8558687.316245259717107, 1048422.997282152064145 ], [ 8558687.316245259717107, 1048547.031909747398458 ] ] ] } },
{ "type": "Feature", "properties": { "raster_val": 300 }, "geometry": { "type": "Polygon", "coordinates": [ [ [ 8554749.216819109395146, 1048609.049223545007408 ], [ 8554749.216819109395146, 1048205.936683860374615 ], [ 8554842.2427898067981, 1048205.936683860374615 ], [ 8554842.2427898067981, 1048236.945340759237297 ], [ 8554780.225476007908583, 1048236.945340759237297 ], [ 8554780.225476007908583, 1048609.049223545007408 ], [ 8554749.216819109395146, 1048609.049223545007408 ] ] ] } },
{ "type": "Feature", "properties": { "raster_val": 302 }, "geometry": { "type": "Polygon", "coordinates": [ [ [ 8555183.338015692308545, 1048578.040566646261141 ], [ 8555214.346672592684627, 1048578.040566646261141 ], [ 8555214.346672592684627, 1048516.023252848535776 ], [ 8555121.320701895281672, 1048516.023252848535776 ], [ 8555121.320701895281672, 1048205.936683860374615 ], [ 8555090.312044996768236, 1048205.936683860374615 ], [ 8555090.312044996768236, 1048547.031909747398458 ], [ 8555183.338015692308545, 1048547.031909747398458 ], [ 8555183.338015692308545, 1048578.040566646261141 ] ] ] } },
{ "type": "Feature", "properties": { "raster_val": 305 }, "geometry": { "type": "Polygon", "coordinates": [ [ [ 8558842.359529754146934, 1048454.005939050926827 ], [ 8558842.359529754146934, 1048298.962654556846246 ], [ 8558935.385500449687243, 1048298.962654556846246 ], [ 8558935.385500449687243, 1048391.988625253317878 ], [ 8558997.40281424857676, 1048391.988625253317878 ], [ 8558997.40281424857676, 1048329.971311455592513 ], [ 8559028.411471147090197, 1048329.971311455592513 ], [ 8559028.411471147090197, 1048422.997282152064145 ], [ 8558904.376843551173806, 1048422.997282152064145 ], [ 8558904.376843551173806, 1048329.971311455592513 ], [ 8558873.36818665266037, 1048329.971311455592513 ], [ 8558873.36818665266037, 1048454.005939050926827 ], [ 8558842.359529754146934, 1048454.005939050926827 ] ] ] } },
{ "type": "Feature", "properties": { "raster_val": 306 }, "geometry": { "type": "Polygon", "coordinates": [ [ [ 8555493.424584681168199, 1048422.997282152064145 ], [ 8555493.424584681168199, 1048391.988625253317878 ], [ 8555648.467869175598025, 1048391.988625253317878 ], [ 8555648.467869175598025, 1048298.962654556846246 ], [ 8555772.502496771514416, 1048298.962654556846246 ], [ 8555772.502496771514416, 1048329.971311455592513 ], [ 8555679.476526074111462, 1048329.971311455592513 ], [ 8555679.476526074111462, 1048422.997282152064145 ], [ 8555493.424584681168199, 1048422.997282152064145 ] ] ] } },
{ "type": "Feature", "properties": { "raster_val": 307 }, "geometry": { "type": "Polygon", "coordinates": [ [ [ 8558222.186391778290272, 1048422.997282152064145 ], [ 8558222.186391778290272, 1048298.962654556846246 ], [ 8558315.212362473830581, 1048298.962654556846246 ], [ 8558315.212362473830581, 1048391.988625253317878 ], [ 8558408.238333171233535, 1048391.988625253317878 ], [ 8558408.238333171233535, 1048360.979968354455195 ], [ 8558439.246990069746971, 1048360.979968354455195 ], [ 8558439.246990069746971, 1048422.997282152064145 ], [ 8558222.186391778290272, 1048422.997282152064145 ] ], [ [ 8558253.195048676803708, 1048391.988625253317878 ], [ 8558253.195048676803708, 1048329.971311455592513 ], [ 8558284.203705575317144, 1048329.971311455592513 ], [ 8558284.203705575317144, 1048391.988625253317878 ], [ 8558253.195048676803708, 1048391.988625253317878 ] ] ] } },
{ "type": "Feature", "properties": { "raster_val": 308 }, "geometry": { "type": "Polygon", "coordinates": [ [ [ 8558532.27296076528728, 1048422.997282152064145 ], [ 8558594.290274564176798, 1048422.997282152064145 ], [ 8558594.290274564176798, 1048391.988625253317878 ], [ 8558563.281617663800716, 1048391.988625253317878 ], [ 8558563.281617663800716, 1048298.962654556846246 ], [ 8558408.238333171233535, 1048298.962654556846246 ], [ 8558408.238333171233535, 1048360.979968354455195 ], [ 8558439.246990069746971, 1048360.979968354455195 ], [ 8558439.246990069746971, 1048329.971311455592513 ], [ 8558532.27296076528728, 1048329.971311455592513 ], [ 8558532.27296076528728, 1048422.997282152064145 ] ] ] } },
{ "type": "Feature", "properties": { "raster_val": 301 }, "geometry": { "type": "Polygon", "coordinates": [ [ [ 8555803.511153670027852, 1048609.049223545007408 ], [ 8555834.519810568541288, 1048609.049223545007408 ], [ 8555834.519810568541288, 1048547.031909747398458 ], [ 8555896.537124365568161, 1048547.031909747398458 ], [ 8555896.537124365568161, 1048391.988625253317878 ], [ 8555834.519810568541288, 1048391.988625253317878 ], [ 8555834.519810568541288, 1048298.962654556846246 ], [ 8555772.502496771514416, 1048298.962654556846246 ], [ 8555772.502496771514416, 1048329.971311455592513 ], [ 8555803.511153670027852, 1048329.971311455592513 ], [ 8555803.511153670027852, 1048422.997282152064145 ], [ 8555865.528467467054725, 1048422.997282152064145 ], [ 8555865.528467467054725, 1048516.023252848535776 ], [ 8555803.511153670027852, 1048516.023252848535776 ], [ 8555803.511153670027852, 1048609.049223545007408 ] ] ] } },
{ "type": "Feature", "properties": { "raster_val": 304 }, "geometry": { "type": "Polygon", "coordinates": [ [ [ 8556268.641007151454687, 1048454.005939050926827 ], [ 8556299.649664049968123, 1048454.005939050926827 ], [ 8556299.649664049968123, 1048298.962654556846246 ], [ 8555958.554438164457679, 1048298.962654556846246 ], [ 8555958.554438164457679, 1048329.971311455592513 ], [ 8556268.641007151454687, 1048329.971311455592513 ], [ 8556268.641007151454687, 1048454.005939050926827 ] ] ] } },
{ "type": "Feature", "properties": { "raster_val": 311 }, "geometry": { "type": "Polygon", "coordinates": [ [ [ 8558997.40281424857676, 1048329.971311455592513 ], [ 8558997.40281424857676, 1048298.962654556846246 ], [ 8559214.46341254003346, 1048298.962654556846246 ], [ 8559214.46341254003346, 1048205.936683860374615 ], [ 8559307.489383235573769, 1048205.936683860374615 ], [ 8559307.489383235573769, 1048174.928026961511932 ], [ 8559338.49804013594985, 1048174.928026961511932 ], [ 8559338.49804013594985, 1048236.945340759237297 ], [ 8559245.472069438546896, 1048236.945340759237297 ], [ 8559245.472069438546896, 1048329.971311455592513 ], [ 8558997.40281424857676, 1048329.971311455592513 ] ] ] } },
{ "type": "Feature", "properties": { "raster_val": 309 }, "geometry": { "type": "Polygon", "coordinates": [ [ [ 8554873.251446705311537, 1048329.971311455592513 ], [ 8554966.277417400851846, 1048329.971311455592513 ], [ 8554966.277417400851846, 1048236.945340759237297 ], [ 8555090.312044996768236, 1048236.945340759237297 ], [ 8555090.312044996768236, 1048205.936683860374615 ], [ 8554935.268760502338409, 1048205.936683860374615 ], [ 8554935.268760502338409, 1048298.962654556846246 ], [ 8554904.260103603824973, 1048298.962654556846246 ], [ 8554904.260103603824973, 1048205.936683860374615 ], [ 8554842.2427898067981, 1048205.936683860374615 ], [ 8554842.2427898067981, 1048236.945340759237297 ], [ 8554873.251446705311537, 1048236.945340759237297 ], [ 8554873.251446705311537, 1048329.971311455592513 ] ] ] } },
{ "type": "Feature", "properties": { "raster_val": 310 }, "geometry": { "type": "Polygon", "coordinates": [ [ [ 8555245.355329491198063, 1048329.971311455592513 ], [ 8555245.355329491198063, 1048081.902056265040301 ], [ 8555276.363986389711499, 1048081.902056265040301 ], [ 8555276.363986389711499, 1048298.962654556846246 ], [ 8555400.39861398562789, 1048298.962654556846246 ], [ 8555400.39861398562789, 1048236.945340759237297 ], [ 8555431.407270884141326, 1048236.945340759237297 ], [ 8555431.407270884141326, 1048329.971311455592513 ], [ 8555245.355329491198063, 1048329.971311455592513 ] ] ] } },
{ "type": "Feature", "properties": { "raster_val": 313 }, "geometry": { "type": "Polygon", "coordinates": [ [ [ 8555400.39861398562789, 1048236.945340759237297 ], [ 8555400.39861398562789, 1048081.902056265040301 ], [ 8555555.441898478195071, 1048081.902056265040301 ], [ 8555555.441898478195071, 1047988.876085568568669 ], [ 8555648.467869175598025, 1047988.876085568568669 ], [ 8555648.467869175598025, 1048019.884742467431352 ], [ 8555586.450555378571153, 1048019.884742467431352 ], [ 8555586.450555378571153, 1048112.910713163902983 ], [ 8555431.407270884141326, 1048112.910713163902983 ], [ 8555431.407270884141326, 1048236.945340759237297 ], [ 8555400.39861398562789, 1048236.945340759237297 ] ] ] } },
{ "type": "Feature", "properties": { "raster_val": 314 }, "geometry": { "type": "Polygon", "coordinates": [ [ [ 8559307.489383235573769, 1048174.928026961511932 ], [ 8559307.489383235573769, 1047988.876085568568669 ], [ 8559524.549981528893113, 1047988.876085568568669 ], [ 8559524.549981528893113, 1047926.85877177095972 ], [ 8559555.558638427406549, 1047926.85877177095972 ], [ 8559555.558638427406549, 1048019.884742467431352 ], [ 8559338.49804013594985, 1048019.884742467431352 ], [ 8559338.49804013594985, 1048174.928026961511932 ], [ 8559307.489383235573769, 1048174.928026961511932 ] ] ] } },
{ "type": "Feature", "properties": { "raster_val": 316 }, "geometry": { "type": "Polygon", "coordinates": [ [ [ 8555121.320701895281672, 1048112.910713163902983 ], [ 8555121.320701895281672, 1048081.902056265040301 ], [ 8555245.355329491198063, 1048081.902056265040301 ], [ 8555245.355329491198063, 1048112.910713163902983 ], [ 8555121.320701895281672, 1048112.910713163902983 ] ] ] } },
{ "type": "Feature", "properties": { "raster_val": 312 }, "geometry": { "type": "Polygon", "coordinates": [ [ [ 8555958.554438164457679, 1048298.962654556846246 ], [ 8555989.563095062971115, 1048298.962654556846246 ], [ 8555989.563095062971115, 1048081.902056265040301 ], [ 8555896.537124365568161, 1048081.902056265040301 ], [ 8555896.537124365568161, 1048019.884742467431352 ], [ 8555958.554438164457679, 1048019.884742467431352 ], [ 8555958.554438164457679, 1047988.876085568568669 ], [ 8555865.528467467054725, 1047988.876085568568669 ], [ 8555865.528467467054725, 1048112.910713163902983 ], [ 8555958.554438164457679, 1048112.910713163902983 ], [ 8555958.554438164457679, 1048298.962654556846246 ] ] ] } },
{ "type": "Feature", "properties": { "raster_val": 315 }, "geometry": { "type": "Polygon", "coordinates": [ [ [ 8554873.251446705311537, 1048112.910713163902983 ], [ 8555121.320701895281672, 1048112.910713163902983 ], [ 8555121.320701895281672, 1048081.902056265040301 ], [ 8554904.260103603824973, 1048081.902056265040301 ], [ 8554904.260103603824973, 1047988.876085568568669 ], [ 8554749.216819109395146, 1047988.876085568568669 ], [ 8554749.216819109395146, 1048019.884742467431352 ], [ 8554873.251446705311537, 1048019.884742467431352 ], [ 8554873.251446705311537, 1048112.910713163902983 ] ] ] } },
{ "type": "Feature", "properties": { "raster_val": 320 }, "geometry": { "type": "Polygon", "coordinates": [ [ [ 8559524.549981528893113, 1047926.85877177095972 ], [ 8559524.549981528893113, 1047895.850114872213453 ], [ 8559741.610579820349813, 1047895.850114872213453 ], [ 8559741.610579820349813, 1047678.789516580407508 ], [ 8559772.619236718863249, 1047678.789516580407508 ], [ 8559772.619236718863249, 1047926.85877177095972 ], [ 8559524.549981528893113, 1047926.85877177095972 ] ] ] } },
{ "type": "Feature", "properties": { "raster_val": 317 }, "geometry": { "type": "Polygon", "coordinates": [ [ [ 8555648.467869175598025, 1048019.884742467431352 ], [ 8555834.519810568541288, 1048019.884742467431352 ], [ 8555834.519810568541288, 1047771.815487276879139 ], [ 8555741.493839871138334, 1047771.815487276879139 ], [ 8555741.493839871138334, 1047802.824144175741822 ], [ 8555803.511153670027852, 1047802.824144175741822 ], [ 8555803.511153670027852, 1047988.876085568568669 ], [ 8555648.467869175598025, 1047988.876085568568669 ], [ 8555648.467869175598025, 1048019.884742467431352 ] ] ] } },
{ "type": "Feature", "properties": { "raster_val": 318 }, "geometry": { "type": "Polygon", "coordinates": [ [ [ 8555958.554438164457679, 1048019.884742467431352 ], [ 8555989.563095062971115, 1048019.884742467431352 ], [ 8555989.563095062971115, 1047895.850114872213453 ], [ 8555896.537124365568161, 1047895.850114872213453 ], [ 8555896.537124365568161, 1047678.789516580407508 ], [ 8555834.519810568541288, 1047678.789516580407508 ], [ 8555834.519810568541288, 1047709.79817347927019 ], [ 8555865.528467467054725, 1047709.79817347927019 ], [ 8555865.528467467054725, 1047926.85877177095972 ], [ 8555958.554438164457679, 1047926.85877177095972 ], [ 8555958.554438164457679, 1048019.884742467431352 ] ] ] } },
{ "type": "Feature", "properties": { "raster_val": 323 }, "geometry": { "type": "Polygon", "coordinates": [ [ [ 8559772.619236718863249, 1047709.79817347927019 ], [ 8559772.619236718863249, 1047678.789516580407508 ], [ 8559927.662521213293076, 1047678.789516580407508 ], [ 8559927.662521213293076, 1047616.772202782798558 ], [ 8560175.731776403263211, 1047616.772202782798558 ], [ 8560175.731776403263211, 1047647.780859681544825 ], [ 8559958.671178111806512, 1047647.780859681544825 ], [ 8559958.671178111806512, 1047709.79817347927019 ], [ 8559772.619236718863249, 1047709.79817347927019 ] ] ] } },
{ "type": "Feature", "properties": { "raster_val": 321 }, "geometry": { "type": "Polygon", "coordinates": [ [ [ 8555555.441898478195071, 1047802.824144175741822 ], [ 8555741.493839871138334, 1047802.824144175741822 ], [ 8555741.493839871138334, 1047771.815487276879139 ], [ 8555586.450555378571153, 1047771.815487276879139 ], [ 8555586.450555378571153, 1047709.79817347927019 ], [ 8555679.476526074111462, 1047709.79817347927019 ], [ 8555679.476526074111462, 1047616.772202782798558 ], [ 8555617.459212277084589, 1047616.772202782798558 ], [ 8555617.459212277084589, 1047647.780859681544825 ], [ 8555648.467869175598025, 1047647.780859681544825 ], [ 8555648.467869175598025, 1047678.789516580407508 ], [ 8555555.441898478195071, 1047678.789516580407508 ], [ 8555555.441898478195071, 1047802.824144175741822 ] ] ] } },
{ "type": "Feature", "properties": { "raster_val": 319 }, "geometry": { "type": "Polygon", "coordinates": [ [ [ 8554749.216819109395146, 1047988.876085568568669 ], [ 8554749.216819109395146, 1047523.746232086326927 ], [ 8554780.225476007908583, 1047523.746232086326927 ], [ 8554780.225476007908583, 1047988.876085568568669 ], [ 8554749.216819109395146, 1047988.876085568568669 ] ] ] } },
{ "type": "Feature", "properties": { "raster_val": 324 }, "geometry": { "type": "Polygon", "coordinates": [ [ [ 8555245.355329491198063, 1047647.780859681544825 ], [ 8555245.355329491198063, 1047399.711604490992613 ], [ 8555276.363986389711499, 1047399.711604490992613 ], [ 8555276.363986389711499, 1047616.772202782798558 ], [ 8555400.39861398562789, 1047616.772202782798558 ], [ 8555400.39861398562789, 1047554.754888985189609 ], [ 8555431.407270884141326, 1047554.754888985189609 ], [ 8555431.407270884141326, 1047647.780859681544825 ], [ 8555245.355329491198063, 1047647.780859681544825 ] ] ] } },
{ "type": "Feature", "properties": { "raster_val": 326 }, "geometry": { "type": "Polygon", "coordinates": [ [ [ 8560175.731776403263211, 1047647.780859681544825 ], [ 8560175.731776403263211, 1047616.772202782798558 ], [ 8560206.740433301776648, 1047616.772202782798558 ], [ 8560206.740433301776648, 1047461.728918288717978 ], [ 8560361.783717796206474, 1047461.728918288717978 ], [ 8560361.783717796206474, 1047368.702947592246346 ], [ 8560392.792374694719911, 1047368.702947592246346 ], [ 8560392.792374694719911, 1047492.737575187464245 ], [ 8560237.749090200290084, 1047492.737575187464245 ], [ 8560237.749090200290084, 1047647.780859681544825 ], [ 8560175.731776403263211, 1047647.780859681544825 ] ] ] } },
{ "type": "Feature", "properties": { "raster_val": 325 }, "geometry": { "type": "Polygon", "coordinates": [ [ [ 8555493.424584681168199, 1047647.780859681544825 ], [ 8555617.459212277084589, 1047647.780859681544825 ], [ 8555617.459212277084589, 1047616.772202782798558 ], [ 8555524.433241579681635, 1047616.772202782798558 ], [ 8555524.433241579681635, 1047461.728918288717978 ], [ 8555400.39861398562789, 1047461.728918288717978 ], [ 8555400.39861398562789, 1047554.754888985189609 ], [ 8555431.407270884141326, 1047554.754888985189609 ], [ 8555431.407270884141326, 1047492.737575187464245 ], [ 8555493.424584681168199, 1047492.737575187464245 ], [ 8555493.424584681168199, 1047647.780859681544825 ] ] ] } },
{ "type": "Feature", "properties": { "raster_val": 328 }, "geometry": { "type": "Polygon", "coordinates": [ [ [ 8554749.216819109395146, 1047523.746232086326927 ], [ 8554749.216819109395146, 1047368.702947592246346 ], [ 8555090.312044996768236, 1047368.702947592246346 ], [ 8555090.312044996768236, 1047399.711604490992613 ], [ 8554780.225476007908583, 1047399.711604490992613 ], [ 8554780.225476007908583, 1047523.746232086326927 ], [ 8554749.216819109395146, 1047523.746232086326927 ] ] ] } },
{ "type": "Feature", "properties": { "raster_val": 322 }, "geometry": { "type": "Polygon", "coordinates": [ [ [ 8555803.511153670027852, 1047709.79817347927019 ], [ 8555834.519810568541288, 1047709.79817347927019 ], [ 8555834.519810568541288, 1047461.728918288717978 ], [ 8555586.450555378571153, 1047461.728918288717978 ], [ 8555586.450555378571153, 1047492.737575187464245 ], [ 8555803.511153670027852, 1047492.737575187464245 ], [ 8555803.511153670027852, 1047709.79817347927019 ] ] ] } },
{ "type": "Feature", "properties": { "raster_val": 327 }, "geometry": { "type": "Polygon", "coordinates": [ [ [ 8561043.974169570952654, 1047647.780859681544825 ], [ 8561168.008797165006399, 1047647.780859681544825 ], [ 8561168.008797165006399, 1047492.737575187464245 ], [ 8561137.000140266492963, 1047492.737575187464245 ], [ 8561137.000140266492963, 1047616.772202782798558 ], [ 8561074.98282646946609, 1047616.772202782798558 ], [ 8561074.98282646946609, 1047461.728918288717978 ], [ 8560981.956855772063136, 1047461.728918288717978 ], [ 8560981.956855772063136, 1047492.737575187464245 ], [ 8561043.974169570952654, 1047492.737575187464245 ], [ 8561043.974169570952654, 1047647.780859681544825 ] ] ] } },
{ "type": "Feature", "properties": { "raster_val": 330 }, "geometry": { "type": "Polygon", "coordinates": [ [ [ 8555555.441898478195071, 1047492.737575187464245 ], [ 8555586.450555378571153, 1047492.737575187464245 ], [ 8555586.450555378571153, 1047368.702947592246346 ], [ 8555245.355329491198063, 1047368.702947592246346 ], [ 8555245.355329491198063, 1047399.711604490992613 ], [ 8555555.441898478195071, 1047399.711604490992613 ], [ 8555555.441898478195071, 1047492.737575187464245 ] ] ] } },
{ "type": "Feature", "properties": { "raster_val": 329 }, "geometry": { "type": "Polygon", "coordinates": [ [ [ 8555090.312044996768236, 1047492.737575187464245 ], [ 8555090.312044996768236, 1047368.702947592246346 ], [ 8555121.320701895281672, 1047368.702947592246346 ], [ 8555121.320701895281672, 1047461.728918288717978 ], [ 8555183.338015692308545, 1047461.728918288717978 ], [ 8555183.338015692308545, 1047306.685633794520982 ], [ 8555307.372643288224936, 1047306.685633794520982 ], [ 8555307.372643288224936, 1047337.694290693383664 ], [ 8555214.346672592684627, 1047337.694290693383664 ], [ 8555214.346672592684627, 1047492.737575187464245 ], [ 8555090.312044996768236, 1047492.737575187464245 ] ] ] } },
{ "type": "Feature", "properties": { "raster_val": 332 }, "geometry": { "type": "Polygon", "coordinates": [ [ [ 8561137.000140266492963, 1047492.737575187464245 ], [ 8561168.008797165006399, 1047492.737575187464245 ], [ 8561168.008797165006399, 1047368.702947592246346 ], [ 8561074.98282646946609, 1047368.702947592246346 ], [ 8561074.98282646946609, 1047337.694290693383664 ], [ 8561261.034767862409353, 1047337.694290693383664 ], [ 8561261.034767862409353, 1047306.685633794520982 ], [ 8561043.974169570952654, 1047306.685633794520982 ], [ 8561043.974169570952654, 1047399.711604490992613 ], [ 8561137.000140266492963, 1047399.711604490992613 ], [ 8561137.000140266492963, 1047492.737575187464245 ] ] ] } },
{ "type": "Feature", "properties": { "raster_val": 334 }, "geometry": { "type": "Polygon", "coordinates": [ [ [ 8561261.034767862409353, 1047399.711604490992613 ], [ 8561261.034767862409353, 1047306.685633794520982 ], [ 8561292.04342476092279, 1047306.685633794520982 ], [ 8561292.04342476092279, 1047368.702947592246346 ], [ 8561571.121336849406362, 1047368.702947592246346 ], [ 8561571.121336849406362, 1047306.685633794520982 ], [ 8561602.129993749782443, 1047306.685633794520982 ], [ 8561602.129993749782443, 1047399.711604490992613 ], [ 8561261.034767862409353, 1047399.711604490992613 ] ] ] } },
{ "type": "Feature", "properties": { "raster_val": 333 }, "geometry": { "type": "Polygon", "coordinates": [ [ [ 8560392.792374694719911, 1047399.711604490992613 ], [ 8560547.835659189149737, 1047399.711604490992613 ], [ 8560547.835659189149737, 1047306.685633794520982 ], [ 8560392.792374694719911, 1047306.685633794520982 ], [ 8560392.792374694719911, 1047213.659663098165765 ], [ 8560361.783717796206474, 1047213.659663098165765 ], [ 8560361.783717796206474, 1047337.694290693383664 ], [ 8560516.827002290636301, 1047337.694290693383664 ], [ 8560516.827002290636301, 1047368.702947592246346 ], [ 8560392.792374694719911, 1047368.702947592246346 ], [ 8560392.792374694719911, 1047399.711604490992613 ] ] ] } },
{ "type": "Feature", "properties": { "raster_val": 331 }, "geometry": { "type": "Polygon", "coordinates": [ [ [ 8560950.9481988735497, 1047492.737575187464245 ], [ 8560981.956855772063136, 1047492.737575187464245 ], [ 8560981.956855772063136, 1047368.702947592246346 ], [ 8560857.922228178009391, 1047368.702947592246346 ], [ 8560857.922228178009391, 1047306.685633794520982 ], [ 8560671.870286785066128, 1047306.685633794520982 ], [ 8560671.870286785066128, 1047337.694290693383664 ], [ 8560826.913571277633309, 1047337.694290693383664 ], [ 8560826.913571277633309, 1047399.711604490992613 ], [ 8560950.9481988735497, 1047399.711604490992613 ], [ 8560950.9481988735497, 1047492.737575187464245 ] ] ] } },
{ "type": "Feature", "properties": { "raster_val": 336 }, "geometry": { "type": "Polygon", "coordinates": [ [ [ 8560640.861629884690046, 1047337.694290693383664 ], [ 8560671.870286785066128, 1047337.694290693383664 ], [ 8560671.870286785066128, 1047182.651006199303083 ], [ 8560361.783717796206474, 1047182.651006199303083 ], [ 8560361.783717796206474, 1047213.659663098165765 ], [ 8560640.861629884690046, 1047213.659663098165765 ], [ 8560640.861629884690046, 1047337.694290693383664 ] ] ] } },
{ "type": "Feature", "properties": { "raster_val": 335 }, "geometry": { "type": "Polygon", "coordinates": [ [ [ 8555307.372643288224936, 1047337.694290693383664 ], [ 8555307.372643288224936, 1047306.685633794520982 ], [ 8555400.39861398562789, 1047306.685633794520982 ], [ 8555400.39861398562789, 1047182.651006199303083 ], [ 8555493.424584681168199, 1047182.651006199303083 ], [ 8555493.424584681168199, 1047089.625035502831452 ], [ 8555555.441898478195071, 1047089.625035502831452 ], [ 8555555.441898478195071, 1047120.633692401694134 ], [ 8555524.433241579681635, 1047120.633692401694134 ], [ 8555524.433241579681635, 1047213.659663098165765 ], [ 8555431.407270884141326, 1047213.659663098165765 ], [ 8555431.407270884141326, 1047337.694290693383664 ], [ 8555307.372643288224936, 1047337.694290693383664 ] ] ] } },
{ "type": "Feature", "properties": { "raster_val": 337 }, "geometry": { "type": "Polygon", "coordinates": [ [ [ 8561602.129993749782443, 1047337.694290693383664 ], [ 8561602.129993749782443, 1047306.685633794520982 ], [ 8561664.147307546809316, 1047306.685633794520982 ], [ 8561664.147307546809316, 1047089.625035502831452 ], [ 8561850.199248939752579, 1047089.625035502831452 ], [ 8561850.199248939752579, 1047120.633692401694134 ], [ 8561695.155964445322752, 1047120.633692401694134 ], [ 8561695.155964445322752, 1047337.694290693383664 ], [ 8561602.129993749782443, 1047337.694290693383664 ] ] ] } },
{ "type": "Feature", "properties": { "raster_val": 338 }, "geometry": { "type": "Polygon", "coordinates": [ [ [ 8555555.441898478195071, 1047120.633692401694134 ], [ 8555555.441898478195071, 1046996.59906480635982 ], [ 8555834.519810568541288, 1046996.59906480635982 ], [ 8555834.519810568541288, 1047120.633692401694134 ], [ 8555803.511153670027852, 1047120.633692401694134 ], [ 8555803.511153670027852, 1047027.607721705222502 ], [ 8555586.450555378571153, 1047027.607721705222502 ], [ 8555586.450555378571153, 1047120.633692401694134 ], [ 8555555.441898478195071, 1047120.633692401694134 ] ] ] } },
{ "type": "Feature", "properties": { "raster_val": 339 }, "geometry": { "type": "Polygon", "coordinates": [ [ [ 8555834.519810568541288, 1047120.633692401694134 ], [ 8555834.519810568541288, 1047089.625035502831452 ], [ 8555958.554438164457679, 1047089.625035502831452 ], [ 8555958.554438164457679, 1046996.59906480635982 ], [ 8556082.589065758511424, 1046996.59906480635982 ], [ 8556082.589065758511424, 1046903.573094109888189 ], [ 8556113.59772265702486, 1046903.573094109888189 ], [ 8556113.59772265702486, 1047027.607721705222502 ], [ 8555989.563095062971115, 1047027.607721705222502 ], [ 8555989.563095062971115, 1047120.633692401694134 ], [ 8555834.519810568541288, 1047120.633692401694134 ] ] ] } },
{ "type": "Feature", "properties": { "raster_val": 340 }, "geometry": { "type": "Polygon", "coordinates": [ [ [ 8561850.199248939752579, 1047120.633692401694134 ], [ 8561850.199248939752579, 1047089.625035502831452 ], [ 8561974.233876535668969, 1047089.625035502831452 ], [ 8561974.233876535668969, 1046872.564437211025506 ], [ 8562036.251190332695842, 1046872.564437211025506 ], [ 8562036.251190332695842, 1046841.555780312279239 ], [ 8562067.259847231209278, 1046841.555780312279239 ], [ 8562067.259847231209278, 1046903.573094109888189 ], [ 8562005.242533434182405, 1046903.573094109888189 ], [ 8562005.242533434182405, 1047120.633692401694134 ], [ 8561850.199248939752579, 1047120.633692401694134 ] ] ] } },
{ "type": "Feature", "properties": { "raster_val": 342 }, "geometry": { "type": "Polygon", "coordinates": [ [ [ 8555121.320701895281672, 1046903.573094109888189 ], [ 8555121.320701895281672, 1046872.564437211025506 ], [ 8555183.338015692308545, 1046872.564437211025506 ], [ 8555183.338015692308545, 1046779.53846651467029 ], [ 8555431.407270884141326, 1046779.53846651467029 ], [ 8555431.407270884141326, 1046872.564437211025506 ], [ 8555400.39861398562789, 1046872.564437211025506 ], [ 8555400.39861398562789, 1046810.547123413416557 ], [ 8555214.346672592684627, 1046810.547123413416557 ], [ 8555214.346672592684627, 1046903.573094109888189 ], [ 8555121.320701895281672, 1046903.573094109888189 ] ] ] } },
{ "type": "Feature", "properties": { "raster_val": 343 }, "geometry": { "type": "Polygon", "coordinates": [ [ [ 8555400.39861398562789, 1046903.573094109888189 ], [ 8555400.39861398562789, 1046872.564437211025506 ], [ 8555803.511153670027852, 1046872.564437211025506 ], [ 8555803.511153670027852, 1046841.555780312279239 ], [ 8555834.519810568541288, 1046841.555780312279239 ], [ 8555834.519810568541288, 1046903.573094109888189 ], [ 8555400.39861398562789, 1046903.573094109888189 ] ] ] } },
{ "type": "Feature", "properties": { "raster_val": 344 }, "geometry": { "type": "Polygon", "coordinates": [ [ [ 8556082.589065758511424, 1046903.573094109888189 ], [ 8556082.589065758511424, 1046779.53846651467029 ], [ 8556423.684291645884514, 1046779.53846651467029 ], [ 8556423.684291645884514, 1046841.555780312279239 ], [ 8556392.675634747371078, 1046841.555780312279239 ], [ 8556392.675634747371078, 1046810.547123413416557 ], [ 8556113.59772265702486, 1046810.547123413416557 ], [ 8556113.59772265702486, 1046903.573094109888189 ], [ 8556082.589065758511424, 1046903.573094109888189 ] ] ] } },
{ "type": "Feature", "properties": { "raster_val": 345 }, "geometry": { "type": "Polygon", "coordinates": [ [ [ 8556392.675634747371078, 1046903.573094109888189 ], [ 8556392.675634747371078, 1046841.555780312279239 ], [ 8556423.684291645884514, 1046841.555780312279239 ], [ 8556423.684291645884514, 1046872.564437211025506 ], [ 8556454.69294854439795, 1046872.564437211025506 ], [ 8556454.69294854439795, 1046779.53846651467029 ], [ 8556733.770860634744167, 1046779.53846651467029 ], [ 8556733.770860634744167, 1046810.547123413416557 ], [ 8556485.701605442911386, 1046810.547123413416557 ], [ 8556485.701605442911386, 1046903.573094109888189 ], [ 8556392.675634747371078, 1046903.573094109888189 ] ] ] } },
{ "type": "Feature", "properties": { "raster_val": 346 }, "geometry": { "type": "Polygon", "coordinates": [ [ [ 8561664.147307546809316, 1046903.573094109888189 ], [ 8561664.147307546809316, 1046655.503838919335976 ], [ 8561695.155964445322752, 1046655.503838919335976 ], [ 8561695.155964445322752, 1046872.564437211025506 ], [ 8561912.216562736779451, 1046872.564437211025506 ], [ 8561912.216562736779451, 1046903.573094109888189 ], [ 8561664.147307546809316, 1046903.573094109888189 ] ] ] } },
{ "type": "Feature", "properties": { "raster_val": 347 }, "geometry": { "type": "Polygon", "coordinates": [ [ [ 8561881.207905838266015, 1046872.564437211025506 ], [ 8561881.207905838266015, 1046779.53846651467029 ], [ 8561974.233876535668969, 1046779.53846651467029 ], [ 8561974.233876535668969, 1046686.512495818198659 ], [ 8562067.259847231209278, 1046686.512495818198659 ], [ 8562067.259847231209278, 1046841.555780312279239 ], [ 8562036.251190332695842, 1046841.555780312279239 ], [ 8562036.251190332695842, 1046717.521152716944925 ], [ 8562005.242533434182405, 1046717.521152716944925 ], [ 8562005.242533434182405, 1046810.547123413416557 ], [ 8561912.216562736779451, 1046810.547123413416557 ], [ 8561912.216562736779451, 1046872.564437211025506 ], [ 8561881.207905838266015, 1046872.564437211025506 ] ] ] } },
{ "type": "Feature", "properties": { "raster_val": 341 }, "geometry": { "type": "Polygon", "coordinates": [ [ [ 8554873.251446705311537, 1046903.573094109888189 ], [ 8555121.320701895281672, 1046903.573094109888189 ], [ 8555121.320701895281672, 1046872.564437211025506 ], [ 8554904.260103603824973, 1046872.564437211025506 ], [ 8554904.260103603824973, 1046779.53846651467029 ], [ 8554749.216819109395146, 1046779.53846651467029 ], [ 8554749.216819109395146, 1046810.547123413416557 ], [ 8554873.251446705311537, 1046810.547123413416557 ], [ 8554873.251446705311537, 1046903.573094109888189 ] ] ] } },
{ "type": "Feature", "properties": { "raster_val": 351 }, "geometry": { "type": "Polygon", "coordinates": [ [ [ 8569974.467356430366635, 1046810.547123413416557 ], [ 8569974.467356430366635, 1046779.53846651467029 ], [ 8570191.527954721823335, 1046779.53846651467029 ], [ 8570191.527954721823335, 1046686.512495818198659 ], [ 8570346.571239216253161, 1046686.512495818198659 ], [ 8570346.571239216253161, 1046717.521152716944925 ], [ 8570222.536611620336771, 1046717.521152716944925 ], [ 8570222.536611620336771, 1046810.547123413416557 ], [ 8569974.467356430366635, 1046810.547123413416557 ] ] ] } },
{ "type": "Feature", "properties": { "raster_val": 353 }, "geometry": { "type": "Polygon", "coordinates": [ [ [ 8556702.762203736230731, 1046779.53846651467029 ], [ 8556702.762203736230731, 1046686.512495818198659 ], [ 8557012.848772723227739, 1046686.512495818198659 ], [ 8557012.848772723227739, 1046624.495182020473294 ], [ 8557043.857429621741176, 1046624.495182020473294 ], [ 8557043.857429621741176, 1046717.521152716944925 ], [ 8556733.770860634744167, 1046717.521152716944925 ], [ 8556733.770860634744167, 1046779.53846651467029 ], [ 8556702.762203736230731, 1046779.53846651467029 ] ] ] } },
{ "type": "Feature", "properties": { "raster_val": 350 }, "geometry": { "type": "Polygon", "coordinates": [ [ [ 8569726.3981012403965, 1046810.547123413416557 ], [ 8569974.467356430366635, 1046810.547123413416557 ], [ 8569974.467356430366635, 1046779.53846651467029 ], [ 8569757.406758138909936, 1046779.53846651467029 ], [ 8569757.406758138909936, 1046686.512495818198659 ], [ 8569602.363473644480109, 1046686.512495818198659 ], [ 8569602.363473644480109, 1046717.521152716944925 ], [ 8569726.3981012403965, 1046717.521152716944925 ], [ 8569726.3981012403965, 1046810.547123413416557 ] ] ] } },
{ "type": "Feature", "properties": { "raster_val": 348 }, "geometry": { "type": "Polygon", "coordinates": [ [ [ 8555803.511153670027852, 1046841.555780312279239 ], [ 8555803.511153670027852, 1046686.512495818198659 ], [ 8555865.528467467054725, 1046686.512495818198659 ], [ 8555865.528467467054725, 1046562.477868222864345 ], [ 8555958.554438164457679, 1046562.477868222864345 ], [ 8555958.554438164457679, 1046531.469211324001662 ], [ 8555989.563095062971115, 1046531.469211324001662 ], [ 8555989.563095062971115, 1046593.486525121727027 ], [ 8555896.537124365568161, 1046593.486525121727027 ], [ 8555896.537124365568161, 1046717.521152716944925 ], [ 8555834.519810568541288, 1046717.521152716944925 ], [ 8555834.519810568541288, 1046841.555780312279239 ], [ 8555803.511153670027852, 1046841.555780312279239 ] ] ] } },
{ "type": "Feature", "properties": { "raster_val": 349 }, "geometry": { "type": "Polygon", "coordinates": [ [ [ 8557322.935341712087393, 1046810.547123413416557 ], [ 8557322.935341712087393, 1046562.477868222864345 ], [ 8557353.943998610600829, 1046562.477868222864345 ], [ 8557353.943998610600829, 1046779.53846651467029 ], [ 8557477.97862620651722, 1046779.53846651467029 ], [ 8557477.97862620651722, 1046717.521152716944925 ], [ 8557508.987283105030656, 1046717.521152716944925 ], [ 8557508.987283105030656, 1046810.547123413416557 ], [ 8557322.935341712087393, 1046810.547123413416557 ] ] ] } },
{ "type": "Feature", "properties": { "raster_val": 352 }, "geometry": { "type": "Polygon", "coordinates": [ [ [ 8554749.216819109395146, 1046779.53846651467029 ], [ 8554749.216819109395146, 1046469.451897526392713 ], [ 8554904.260103603824973, 1046469.451897526392713 ], [ 8554904.260103603824973, 1046531.469211324001662 ], [ 8554873.251446705311537, 1046531.469211324001662 ], [ 8554873.251446705311537, 1046500.460554425255395 ], [ 8554780.225476007908583, 1046500.460554425255395 ], [ 8554780.225476007908583, 1046779.53846651467029 ], [ 8554749.216819109395146, 1046779.53846651467029 ] ] ] } },
{ "type": "Feature", "properties": { "raster_val": 356 }, "geometry": { "type": "Polygon", "coordinates": [ [ [ 8555245.355329491198063, 1046717.521152716944925 ], [ 8555245.355329491198063, 1046562.477868222864345 ], [ 8555369.389957085251808, 1046562.477868222864345 ], [ 8555369.389957085251808, 1046593.486525121727027 ], [ 8555276.363986389711499, 1046593.486525121727027 ], [ 8555276.363986389711499, 1046686.512495818198659 ], [ 8555493.424584681168199, 1046686.512495818198659 ], [ 8555493.424584681168199, 1046717.521152716944925 ], [ 8555245.355329491198063, 1046717.521152716944925 ] ] ] } },
{ "type": "Feature", "properties": { "raster_val": 357 }, "geometry": { "type": "Polygon", "coordinates": [ [ [ 8555493.424584681168199, 1046717.521152716944925 ], [ 8555493.424584681168199, 1046562.477868222864345 ], [ 8555555.441898478195071, 1046562.477868222864345 ], [ 8555555.441898478195071, 1046469.451897526392713 ], [ 8555648.467869175598025, 1046469.451897526392713 ], [ 8555648.467869175598025, 1046407.434583728783764 ], [ 8555679.476526074111462, 1046407.434583728783764 ], [ 8555679.476526074111462, 1046500.460554425255395 ], [ 8555586.450555378571153, 1046500.460554425255395 ], [ 8555586.450555378571153, 1046593.486525121727027 ], [ 8555524.433241579681635, 1046593.486525121727027 ], [ 8555524.433241579681635, 1046717.521152716944925 ], [ 8555493.424584681168199, 1046717.521152716944925 ] ] ] } },
{ "type": "Feature", "properties": { "raster_val": 359 }, "geometry": { "type": "Polygon", "coordinates": [ [ [ 8557477.97862620651722, 1046717.521152716944925 ], [ 8557477.97862620651722, 1046562.477868222864345 ], [ 8557633.021910699084401, 1046562.477868222864345 ], [ 8557633.021910699084401, 1046686.512495818198659 ], [ 8557695.039224497973919, 1046686.512495818198659 ], [ 8557695.039224497973919, 1046717.521152716944925 ], [ 8557602.013253800570965, 1046717.521152716944925 ], [ 8557602.013253800570965, 1046593.486525121727027 ], [ 8557508.987283105030656, 1046593.486525121727027 ], [ 8557508.987283105030656, 1046717.521152716944925 ], [ 8557477.97862620651722, 1046717.521152716944925 ] ] ] } },
{ "type": "Feature", "properties": { "raster_val": 361 }, "geometry": { "type": "Polygon", "coordinates": [ [ [ 8569137.233620163053274, 1046717.521152716944925 ], [ 8569137.233620163053274, 1046469.451897526392713 ], [ 8569168.24227706156671, 1046469.451897526392713 ], [ 8569168.24227706156671, 1046686.512495818198659 ], [ 8569261.268247757107019, 1046686.512495818198659 ], [ 8569261.268247757107019, 1046593.486525121727027 ], [ 8569292.276904655620456, 1046593.486525121727027 ], [ 8569292.276904655620456, 1046717.521152716944925 ], [ 8569137.233620163053274, 1046717.521152716944925 ] ] ] } },
{ "type": "Feature", "properties": { "raster_val": 363 }, "geometry": { "type": "Polygon", "coordinates": [ [ [ 8570346.571239216253161, 1046717.521152716944925 ], [ 8570346.571239216253161, 1046562.477868222864345 ], [ 8570563.631837507709861, 1046562.477868222864345 ], [ 8570563.631837507709861, 1046469.451897526392713 ], [ 8570594.640494406223297, 1046469.451897526392713 ], [ 8570594.640494406223297, 1046593.486525121727027 ], [ 8570377.579896114766598, 1046593.486525121727027 ], [ 8570377.579896114766598, 1046717.521152716944925 ], [ 8570346.571239216253161, 1046717.521152716944925 ] ] ] } },
{ "type": "Feature", "properties": { "raster_val": 364 }, "geometry": { "type": "Polygon", "coordinates": [ [ [ 8570780.69243579916656, 1046717.521152716944925 ], [ 8570780.69243579916656, 1046469.451897526392713 ], [ 8570811.701092697679996, 1046469.451897526392713 ], [ 8570811.701092697679996, 1046686.512495818198659 ], [ 8571028.761690990999341, 1046686.512495818198659 ], [ 8571028.761690990999341, 1046717.521152716944925 ], [ 8570780.69243579916656, 1046717.521152716944925 ] ] ] } },
{ "type": "Feature", "properties": { "raster_val": 365 }, "geometry": { "type": "Polygon", "coordinates": [ [ [ 8571028.761690990999341, 1046717.521152716944925 ], [ 8571028.761690990999341, 1046686.512495818198659 ], [ 8571090.779004788026214, 1046686.512495818198659 ], [ 8571090.779004788026214, 1046562.477868222864345 ], [ 8571245.82228928245604, 1046562.477868222864345 ], [ 8571245.82228928245604, 1046469.451897526392713 ], [ 8571276.830946180969477, 1046469.451897526392713 ], [ 8571276.830946180969477, 1046593.486525121727027 ], [ 8571121.78766168653965, 1046593.486525121727027 ], [ 8571121.78766168653965, 1046717.521152716944925 ], [ 8571028.761690990999341, 1046717.521152716944925 ] ] ] } },
{ "type": "Feature", "properties": { "raster_val": 366 }, "geometry": { "type": "Polygon", "coordinates": [ [ [ 8561664.147307546809316, 1046655.503838919335976 ], [ 8561664.147307546809316, 1046562.477868222864345 ], [ 8561881.207905838266015, 1046562.477868222864345 ], [ 8561881.207905838266015, 1046469.451897526392713 ], [ 8561974.233876535668969, 1046469.451897526392713 ], [ 8561974.233876535668969, 1046500.460554425255395 ], [ 8561912.216562736779451, 1046500.460554425255395 ], [ 8561912.216562736779451, 1046593.486525121727027 ], [ 8561695.155964445322752, 1046593.486525121727027 ], [ 8561695.155964445322752, 1046655.503838919335976 ], [ 8561664.147307546809316, 1046655.503838919335976 ] ] ] } },
{ "type": "Feature", "properties": { "raster_val": 358 }, "geometry": { "type": "Polygon", "coordinates": [ [ [ 8557074.866086522117257, 1046717.521152716944925 ], [ 8557198.900714116171002, 1046717.521152716944925 ], [ 8557198.900714116171002, 1046562.477868222864345 ], [ 8557167.892057217657566, 1046562.477868222864345 ], [ 8557167.892057217657566, 1046686.512495818198659 ], [ 8557105.874743420630693, 1046686.512495818198659 ], [ 8557105.874743420630693, 1046562.477868222864345 ], [ 8557012.848772723227739, 1046562.477868222864345 ], [ 8557012.848772723227739, 1046624.495182020473294 ], [ 8557043.857429621741176, 1046624.495182020473294 ], [ 8557043.857429621741176, 1046593.486525121727027 ], [ 8557074.866086522117257, 1046593.486525121727027 ], [ 8557074.866086522117257, 1046717.521152716944925 ] ] ] } },
{ "type": "Feature", "properties": { "raster_val": 354 }, "geometry": { "type": "Polygon", "coordinates": [ [ [ 8554935.268760502338409, 1046717.521152716944925 ], [ 8555183.338015692308545, 1046717.521152716944925 ], [ 8555183.338015692308545, 1046686.512495818198659 ], [ 8554966.277417400851846, 1046686.512495818198659 ], [ 8554966.277417400851846, 1046562.477868222864345 ], [ 8554904.260103603824973, 1046562.477868222864345 ], [ 8554904.260103603824973, 1046531.469211324001662 ], [ 8554873.251446705311537, 1046531.469211324001662 ], [ 8554873.251446705311537, 1046593.486525121727027 ], [ 8554935.268760502338409, 1046593.486525121727027 ], [ 8554935.268760502338409, 1046717.521152716944925 ] ] ] } },
{ "type": "Feature", "properties": { "raster_val": 368 }, "geometry": { "type": "Polygon", "coordinates": [ [ [ 8557198.900714116171002, 1046593.486525121727027 ], [ 8557198.900714116171002, 1046562.477868222864345 ], [ 8557322.935341712087393, 1046562.477868222864345 ], [ 8557322.935341712087393, 1046593.486525121727027 ], [ 8557198.900714116171002, 1046593.486525121727027 ] ] ] } },
{ "type": "Feature", "properties": { "raster_val": 362 }, "geometry": { "type": "Polygon", "coordinates": [ [ [ 8569447.320189150050282, 1046717.521152716944925 ], [ 8569602.363473644480109, 1046717.521152716944925 ], [ 8569602.363473644480109, 1046686.512495818198659 ], [ 8569478.328846048563719, 1046686.512495818198659 ], [ 8569478.328846048563719, 1046562.477868222864345 ], [ 8569261.268247757107019, 1046562.477868222864345 ], [ 8569261.268247757107019, 1046593.486525121727027 ], [ 8569447.320189150050282, 1046593.486525121727027 ], [ 8569447.320189150050282, 1046717.521152716944925 ] ] ] } },
{ "type": "Feature", "properties": { "raster_val": 355 }, "geometry": { "type": "Polygon", "coordinates": [ [ [ 8555183.338015692308545, 1046717.521152716944925 ], [ 8555214.346672592684627, 1046717.521152716944925 ], [ 8555214.346672592684627, 1046562.477868222864345 ], [ 8555121.320701895281672, 1046562.477868222864345 ], [ 8555121.320701895281672, 1046469.451897526392713 ], [ 8554966.277417400851846, 1046469.451897526392713 ], [ 8554966.277417400851846, 1046500.460554425255395 ], [ 8555090.312044996768236, 1046500.460554425255395 ], [ 8555090.312044996768236, 1046593.486525121727027 ], [ 8555183.338015692308545, 1046593.486525121727027 ], [ 8555183.338015692308545, 1046717.521152716944925 ] ] ] } },
{ "type": "Feature", "properties": { "raster_val": 360 }, "geometry": { "type": "Polygon", "coordinates": [ [ [ 8557695.039224497973919, 1046717.521152716944925 ], [ 8557819.073852092027664, 1046717.521152716944925 ], [ 8557819.073852092027664, 1046469.451897526392713 ], [ 8557726.047881396487355, 1046469.451897526392713 ], [ 8557726.047881396487355, 1046438.443240627646446 ], [ 8557695.039224497973919, 1046438.443240627646446 ], [ 8557695.039224497973919, 1046500.460554425255395 ], [ 8557788.065195193514228, 1046500.460554425255395 ], [ 8557788.065195193514228, 1046686.512495818198659 ], [ 8557695.039224497973919, 1046686.512495818198659 ], [ 8557695.039224497973919, 1046717.521152716944925 ] ] ] } },
{ "type": "Feature", "properties": { "raster_val": 372 }, "geometry": { "type": "Polygon", "coordinates": [ [ [ 8561974.233876535668969, 1046500.460554425255395 ], [ 8561974.233876535668969, 1046469.451897526392713 ], [ 8562439.363730017095804, 1046469.451897526392713 ], [ 8562439.363730017095804, 1046500.460554425255395 ], [ 8561974.233876535668969, 1046500.460554425255395 ] ] ] } },
{ "type": "Feature", "properties": { "raster_val": 373 }, "geometry": { "type": "Polygon", "coordinates": [ [ [ 8562439.363730017095804, 1046500.460554425255395 ], [ 8562439.363730017095804, 1046469.451897526392713 ], [ 8562470.372386915609241, 1046469.451897526392713 ], [ 8562470.372386915609241, 1046376.425926829921082 ], [ 8562811.46761280298233, 1046376.425926829921082 ], [ 8562811.46761280298233, 1046407.434583728783764 ], [ 8562501.381043814122677, 1046407.434583728783764 ], [ 8562501.381043814122677, 1046500.460554425255395 ], [ 8562439.363730017095804, 1046500.460554425255395 ] ] ] } },
{ "type": "Feature", "properties": { "raster_val": 375 }, "geometry": { "type": "Polygon", "coordinates": [ [ [ 8568051.930628703907132, 1046500.460554425255395 ], [ 8568051.930628703907132, 1046469.451897526392713 ], [ 8568113.947942500934005, 1046469.451897526392713 ], [ 8568113.947942500934005, 1046376.425926829921082 ], [ 8568424.034511489793658, 1046376.425926829921082 ], [ 8568424.034511489793658, 1046407.434583728783764 ], [ 8568144.956599399447441, 1046407.434583728783764 ], [ 8568144.956599399447441, 1046500.460554425255395 ], [ 8568051.930628703907132, 1046500.460554425255395 ] ] ] } },
{ "type": "Feature", "properties": { "raster_val": 377 }, "geometry": { "type": "Polygon", "coordinates": [ [ [ 8570594.640494406223297, 1046500.460554425255395 ], [ 8570594.640494406223297, 1046469.451897526392713 ], [ 8570780.69243579916656, 1046469.451897526392713 ], [ 8570780.69243579916656, 1046500.460554425255395 ], [ 8570594.640494406223297, 1046500.460554425255395 ] ] ] } },
{ "type": "Feature", "properties": { "raster_val": 378 }, "geometry": { "type": "Polygon", "coordinates": [ [ [ 8569137.233620163053274, 1046469.451897526392713 ], [ 8569137.233620163053274, 1046407.434583728783764 ], [ 8569168.24227706156671, 1046407.434583728783764 ], [ 8569168.24227706156671, 1046469.451897526392713 ], [ 8569137.233620163053274, 1046469.451897526392713 ] ] ] } },
{ "type": "Feature", "properties": { "raster_val": 367 }, "geometry": { "type": "Polygon", "coordinates": [ [ [ 8555369.389957085251808, 1046593.486525121727027 ], [ 8555431.407270884141326, 1046593.486525121727027 ], [ 8555431.407270884141326, 1046500.460554425255395 ], [ 8555524.433241579681635, 1046500.460554425255395 ], [ 8555524.433241579681635, 1046376.425926829921082 ], [ 8555369.389957085251808, 1046376.425926829921082 ], [ 8555369.389957085251808, 1046407.434583728783764 ], [ 8555493.424584681168199, 1046407.434583728783764 ], [ 8555493.424584681168199, 1046469.451897526392713 ], [ 8555400.39861398562789, 1046469.451897526392713 ], [ 8555400.39861398562789, 1046562.477868222864345 ], [ 8555369.389957085251808, 1046562.477868222864345 ], [ 8555369.389957085251808, 1046593.486525121727027 ] ] ] } },
{ "type": "Feature", "properties": { "raster_val": 376 }, "geometry": { "type": "Polygon", "coordinates": [ [ [ 8569261.268247757107019, 1046500.460554425255395 ], [ 8569478.328846048563719, 1046500.460554425255395 ], [ 8569478.328846048563719, 1046438.443240627646446 ], [ 8569447.320189150050282, 1046438.443240627646446 ], [ 8569447.320189150050282, 1046469.451897526392713 ], [ 8569292.276904655620456, 1046469.451897526392713 ], [ 8569292.276904655620456, 1046376.425926829921082 ], [ 8569137.233620163053274, 1046376.425926829921082 ], [ 8569137.233620163053274, 1046407.434583728783764 ], [ 8569261.268247757107019, 1046407.434583728783764 ], [ 8569261.268247757107019, 1046500.460554425255395 ] ] ] } },
{ "type": "Feature", "properties": { "raster_val": 370 }, "geometry": { "type": "Polygon", "coordinates": [ [ [ 8554935.268760502338409, 1046500.460554425255395 ], [ 8554935.268760502338409, 1046376.425926829921082 ], [ 8555183.338015692308545, 1046376.425926829921082 ], [ 8555183.338015692308545, 1046345.417269931174815 ], [ 8555214.346672592684627, 1046345.417269931174815 ], [ 8555214.346672592684627, 1046376.425926829921082 ], [ 8555245.355329491198063, 1046376.425926829921082 ], [ 8555245.355329491198063, 1046407.434583728783764 ], [ 8555214.346672592684627, 1046407.434583728783764 ], [ 8555214.346672592684627, 1046438.443240627646446 ], [ 8555183.338015692308545, 1046438.443240627646446 ], [ 8555183.338015692308545, 1046407.434583728783764 ], [ 8554966.277417400851846, 1046407.434583728783764 ], [ 8554966.277417400851846, 1046500.460554425255395 ], [ 8554935.268760502338409, 1046500.460554425255395 ] ] ] } },
{ "type": "Feature", "properties": { "raster_val": 371 }, "geometry": { "type": "Polygon", "coordinates": [ [ [ 8555183.338015692308545, 1046500.460554425255395 ], [ 8555183.338015692308545, 1046438.443240627646446 ], [ 8555214.346672592684627, 1046438.443240627646446 ], [ 8555214.346672592684627, 1046469.451897526392713 ], [ 8555245.355329491198063, 1046469.451897526392713 ], [ 8555245.355329491198063, 1046221.382642335840501 ], [ 8555276.363986389711499, 1046221.382642335840501 ], [ 8555276.363986389711499, 1046376.425926829921082 ], [ 8555369.389957085251808, 1046376.425926829921082 ], [ 8555369.389957085251808, 1046407.434583728783764 ], [ 8555276.363986389711499, 1046407.434583728783764 ], [ 8555276.363986389711499, 1046500.460554425255395 ], [ 8555183.338015692308545, 1046500.460554425255395 ] ] ] } },
{ "type": "Feature", "properties": { "raster_val": 374 }, "geometry": { "type": "Polygon", "coordinates": [ [ [ 8567803.861373512074351, 1046500.460554425255395 ], [ 8567803.861373512074351, 1046252.391299234703183 ], [ 8567834.870030412450433, 1046252.391299234703183 ], [ 8567834.870030412450433, 1046469.451897526392713 ], [ 8568051.930628703907132, 1046469.451897526392713 ], [ 8568051.930628703907132, 1046500.460554425255395 ], [ 8567803.861373512074351, 1046500.460554425255395 ] ] ] } },
{ "type": "Feature", "properties": { "raster_val": 379 }, "geometry": { "type": "Polygon", "coordinates": [ [ [ 8571245.82228928245604, 1046469.451897526392713 ], [ 8571245.82228928245604, 1046376.425926829921082 ], [ 8571400.865573776885867, 1046376.425926829921082 ], [ 8571400.865573776885867, 1046252.391299234703183 ], [ 8571462.88288757391274, 1046252.391299234703183 ], [ 8571462.88288757391274, 1046221.382642335840501 ], [ 8571493.891544472426176, 1046221.382642335840501 ], [ 8571493.891544472426176, 1046283.39995613344945 ], [ 8571431.874230675399303, 1046283.39995613344945 ], [ 8571431.874230675399303, 1046407.434583728783764 ], [ 8571276.830946180969477, 1046407.434583728783764 ], [ 8571276.830946180969477, 1046469.451897526392713 ], [ 8571245.82228928245604, 1046469.451897526392713 ] ] ] } },
{ "type": "Feature", "properties": { "raster_val": 382 }, "geometry": { "type": "Polygon", "coordinates": [ [ [ 8555648.467869175598025, 1046407.434583728783764 ], [ 8555648.467869175598025, 1046376.425926829921082 ], [ 8555803.511153670027852, 1046376.425926829921082 ], [ 8555803.511153670027852, 1046252.391299234703183 ], [ 8555989.563095062971115, 1046252.391299234703183 ], [ 8555989.563095062971115, 1046283.39995613344945 ], [ 8555834.519810568541288, 1046283.39995613344945 ], [ 8555834.519810568541288, 1046407.434583728783764 ], [ 8555648.467869175598025, 1046407.434583728783764 ] ] ] } },
{ "type": "Feature", "properties": { "raster_val": 369 }, "geometry": { "type": "Polygon", "coordinates": [ [ [ 8555958.554438164457679, 1046531.469211324001662 ], [ 8555989.563095062971115, 1046531.469211324001662 ], [ 8555989.563095062971115, 1046500.460554425255395 ], [ 8556113.59772265702486, 1046500.460554425255395 ], [ 8556113.59772265702486, 1046376.425926829921082 ], [ 8555989.563095062971115, 1046376.425926829921082 ], [ 8555989.563095062971115, 1046314.408613032312132 ], [ 8555958.554438164457679, 1046314.408613032312132 ], [ 8555958.554438164457679, 1046407.434583728783764 ], [ 8556082.589065758511424, 1046407.434583728783764 ], [ 8556082.589065758511424, 1046469.451897526392713 ], [ 8555958.554438164457679, 1046469.451897526392713 ], [ 8555958.554438164457679, 1046531.469211324001662 ] ] ] } },
{ "type": "Feature", "properties": { "raster_val": 383 }, "geometry": { "type": "Polygon", "coordinates": [ [ [ 8556392.675634747371078, 1046407.434583728783764 ], [ 8556392.675634747371078, 1046252.391299234703183 ], [ 8556454.69294854439795, 1046252.391299234703183 ], [ 8556454.69294854439795, 1046221.382642335840501 ], [ 8556485.701605442911386, 1046221.382642335840501 ], [ 8556485.701605442911386, 1046283.39995613344945 ], [ 8556423.684291645884514, 1046283.39995613344945 ], [ 8556423.684291645884514, 1046376.425926829921082 ], [ 8556640.744889937341213, 1046376.425926829921082 ], [ 8556640.744889937341213, 1046407.434583728783764 ], [ 8556392.675634747371078, 1046407.434583728783764 ] ] ] } },
{ "type": "Feature", "properties": { "raster_val": 384 }, "geometry": { "type": "Polygon", "coordinates": [ [ [ 8556640.744889937341213, 1046407.434583728783764 ], [ 8556640.744889937341213, 1046376.425926829921082 ], [ 8556702.762203736230731, 1046376.425926829921082 ], [ 8556702.762203736230731, 1046252.391299234703183 ], [ 8556888.814145129173994, 1046252.391299234703183 ], [ 8556888.814145129173994, 1046190.373985436977819 ], [ 8556919.82280202768743, 1046190.373985436977819 ], [ 8556919.82280202768743, 1046283.39995613344945 ], [ 8556733.770860634744167, 1046283.39995613344945 ], [ 8556733.770860634744167, 1046407.434583728783764 ], [ 8556640.744889937341213, 1046407.434583728783764 ] ] ] } },
{ "type": "Feature", "properties": { "raster_val": 385 }, "geometry": { "type": "Polygon", "coordinates": [ [ [ 8568424.034511489793658, 1046407.434583728783764 ], [ 8568424.034511489793658, 1046376.425926829921082 ], [ 8568517.060482185333967, 1046376.425926829921082 ], [ 8568517.060482185333967, 1046252.391299234703183 ], [ 8568765.129737377166748, 1046252.391299234703183 ], [ 8568765.129737377166748, 1046283.39995613344945 ], [ 8568548.069139083847404, 1046283.39995613344945 ], [ 8568548.069139083847404, 1046407.434583728783764 ], [ 8568424.034511489793658, 1046407.434583728783764 ] ] ] } },
{ "type": "Feature", "properties": { "raster_val": 386 }, "geometry": { "type": "Polygon", "coordinates": [ [ [ 8562780.458955904468894, 1046376.425926829921082 ], [ 8562780.458955904468894, 1046252.391299234703183 ], [ 8563090.545524891465902, 1046252.391299234703183 ], [ 8563090.545524891465902, 1046221.382642335840501 ], [ 8563121.554181791841984, 1046221.382642335840501 ], [ 8563121.554181791841984, 1046283.39995613344945 ], [ 8562811.46761280298233, 1046283.39995613344945 ], [ 8562811.46761280298233, 1046376.425926829921082 ], [ 8562780.458955904468894, 1046376.425926829921082 ] ] ] } },
{ "type": "Feature", "properties": { "raster_val": 388 }, "geometry": { "type": "Polygon", "coordinates": [ [ [ 8555958.554438164457679, 1046314.408613032312132 ], [ 8555958.554438164457679, 1046283.39995613344945 ], [ 8555989.563095062971115, 1046283.39995613344945 ], [ 8555989.563095062971115, 1046314.408613032312132 ], [ 8555958.554438164457679, 1046314.408613032312132 ] ] ] } },
{ "type": "Feature", "properties": { "raster_val": 381 }, "geometry": { "type": "Polygon", "coordinates": [ [ [ 8569447.320189150050282, 1046438.443240627646446 ], [ 8569478.328846048563719, 1046438.443240627646446 ], [ 8569478.328846048563719, 1046407.434583728783764 ], [ 8569664.380787441506982, 1046407.434583728783764 ], [ 8569664.380787441506982, 1046252.391299234703183 ], [ 8569602.363473644480109, 1046252.391299234703183 ], [ 8569602.363473644480109, 1046221.382642335840501 ], [ 8569571.354816745966673, 1046221.382642335840501 ], [ 8569571.354816745966673, 1046283.39995613344945 ], [ 8569633.372130542993546, 1046283.39995613344945 ], [ 8569633.372130542993546, 1046376.425926829921082 ], [ 8569447.320189150050282, 1046376.425926829921082 ], [ 8569447.320189150050282, 1046438.443240627646446 ] ] ] } },
{ "type": "Feature", "properties": { "raster_val": 395 }, "geometry": { "type": "Polygon", "coordinates": [ [ [ 8563090.545524891465902, 1046221.382642335840501 ], [ 8563090.545524891465902, 1046159.365328538231552 ], [ 8563276.597466284409165, 1046159.365328538231552 ], [ 8563276.597466284409165, 1046190.373985436977819 ], [ 8563121.554181791841984, 1046190.373985436977819 ], [ 8563121.554181791841984, 1046221.382642335840501 ], [ 8563090.545524891465902, 1046221.382642335840501 ] ] ] } },
{ "type": "Feature", "properties": { "raster_val": 387 }, "geometry": { "type": "Polygon", "coordinates": [ [ [ 8555183.338015692308545, 1046345.417269931174815 ], [ 8555214.346672592684627, 1046345.417269931174815 ], [ 8555214.346672592684627, 1046159.365328538231552 ], [ 8554966.277417400851846, 1046159.365328538231552 ], [ 8554966.277417400851846, 1046128.356671639368869 ], [ 8554935.268760502338409, 1046128.356671639368869 ], [ 8554935.268760502338409, 1046190.373985436977819 ], [ 8555183.338015692308545, 1046190.373985436977819 ], [ 8555183.338015692308545, 1046345.417269931174815 ] ] ] } },
{ "type": "Feature", "properties": { "raster_val": 390 }, "geometry": { "type": "Polygon", "coordinates": [ [ [ 8563400.632093880325556, 1046283.39995613344945 ], [ 8563524.666721476241946, 1046283.39995613344945 ], [ 8563524.666721476241946, 1046190.373985436977819 ], [ 8563555.675378374755383, 1046190.373985436977819 ], [ 8563555.675378374755383, 1046159.365328538231552 ], [ 8563493.65806457772851, 1046159.365328538231552 ], [ 8563493.65806457772851, 1046252.391299234703183 ], [ 8563431.640750778838992, 1046252.391299234703183 ], [ 8563431.640750778838992, 1046159.365328538231552 ], [ 8563276.597466284409165, 1046159.365328538231552 ], [ 8563276.597466284409165, 1046190.373985436977819 ], [ 8563400.632093880325556, 1046190.373985436977819 ], [ 8563400.632093880325556, 1046283.39995613344945 ] ] ] } },
{ "type": "Feature", "properties": { "raster_val": 392 }, "geometry": { "type": "Polygon", "coordinates": [ [ [ 8567803.861373512074351, 1046252.391299234703183 ], [ 8567834.870030412450433, 1046252.391299234703183 ], [ 8567834.870030412450433, 1046159.365328538231552 ], [ 8567431.75749072805047, 1046159.365328538231552 ], [ 8567431.75749072805047, 1046190.373985436977819 ], [ 8567803.861373512074351, 1046190.373985436977819 ], [ 8567803.861373512074351, 1046252.391299234703183 ] ] ] } },
{ "type": "Feature", "properties": { "raster_val": 389 }, "geometry": { "type": "Polygon", "coordinates": [ [ [ 8554749.216819109395146, 1046283.39995613344945 ], [ 8554749.216819109395146, 1046035.330700942897238 ], [ 8554780.225476007908583, 1046035.330700942897238 ], [ 8554780.225476007908583, 1046252.391299234703183 ], [ 8554873.251446705311537, 1046252.391299234703183 ], [ 8554873.251446705311537, 1046159.365328538231552 ], [ 8554904.260103603824973, 1046159.365328538231552 ], [ 8554904.260103603824973, 1046283.39995613344945 ], [ 8554749.216819109395146, 1046283.39995613344945 ] ] ] } },
{ "type": "Feature", "properties": { "raster_val": 391 }, "geometry": { "type": "Polygon", "coordinates": [ [ [ 8568765.129737377166748, 1046283.39995613344945 ], [ 8568765.129737377166748, 1046252.391299234703183 ], [ 8568827.147051174193621, 1046252.391299234703183 ], [ 8568827.147051174193621, 1046097.348014740622602 ], [ 8568951.181678770110011, 1046097.348014740622602 ], [ 8568951.181678770110011, 1046004.322044044150971 ], [ 8568982.190335668623447, 1046004.322044044150971 ], [ 8568982.190335668623447, 1046128.356671639368869 ], [ 8568858.155708072707057, 1046128.356671639368869 ], [ 8568858.155708072707057, 1046283.39995613344945 ], [ 8568765.129737377166748, 1046283.39995613344945 ] ] ] } },
{ "type": "Feature", "properties": { "raster_val": 393 }, "geometry": { "type": "Polygon", "coordinates": [ [ [ 8555245.355329491198063, 1046221.382642335840501 ], [ 8555245.355329491198063, 1046159.365328538231552 ], [ 8555400.39861398562789, 1046159.365328538231552 ], [ 8555400.39861398562789, 1046097.348014740622602 ], [ 8555493.424584681168199, 1046097.348014740622602 ], [ 8555493.424584681168199, 1046004.322044044150971 ], [ 8555524.433241579681635, 1046004.322044044150971 ], [ 8555524.433241579681635, 1046128.356671639368869 ], [ 8555431.407270884141326, 1046128.356671639368869 ], [ 8555431.407270884141326, 1046190.373985436977819 ], [ 8555276.363986389711499, 1046190.373985436977819 ], [ 8555276.363986389711499, 1046221.382642335840501 ], [ 8555245.355329491198063, 1046221.382642335840501 ] ] ] } },
{ "type": "Feature", "properties": { "raster_val": 397 }, "geometry": { "type": "Polygon", "coordinates": [ [ [ 8571462.88288757391274, 1046221.382642335840501 ], [ 8571462.88288757391274, 1046159.365328538231552 ], [ 8571555.908858269453049, 1046159.365328538231552 ], [ 8571555.908858269453049, 1046097.348014740622602 ], [ 8571772.969456562772393, 1046097.348014740622602 ], [ 8571772.969456562772393, 1046066.33935784175992 ], [ 8571803.97811346128583, 1046066.33935784175992 ], [ 8571803.97811346128583, 1046128.356671639368869 ], [ 8571586.91751516982913, 1046128.356671639368869 ], [ 8571586.91751516982913, 1046190.373985436977819 ], [ 8571493.891544472426176, 1046190.373985436977819 ], [ 8571493.891544472426176, 1046221.382642335840501 ], [ 8571462.88288757391274, 1046221.382642335840501 ] ] ] } },
{ "type": "Feature", "properties": { "raster_val": 398 }, "geometry": { "type": "Polygon", "coordinates": [ [ [ 8555555.441898478195071, 1046190.373985436977819 ], [ 8555555.441898478195071, 1046097.348014740622602 ], [ 8555648.467869175598025, 1046097.348014740622602 ], [ 8555648.467869175598025, 1046035.330700942897238 ], [ 8555679.476526074111462, 1046035.330700942897238 ], [ 8555679.476526074111462, 1046128.356671639368869 ], [ 8555586.450555378571153, 1046128.356671639368869 ], [ 8555586.450555378571153, 1046159.365328538231552 ], [ 8555803.511153670027852, 1046159.365328538231552 ], [ 8555803.511153670027852, 1046190.373985436977819 ], [ 8555555.441898478195071, 1046190.373985436977819 ] ] ] } },
{ "type": "Feature", "properties": { "raster_val": 399 }, "geometry": { "type": "Polygon", "coordinates": [ [ [ 8555803.511153670027852, 1046190.373985436977819 ], [ 8555803.511153670027852, 1046159.365328538231552 ], [ 8555958.554438164457679, 1046159.365328538231552 ], [ 8555958.554438164457679, 1046097.348014740622602 ], [ 8556082.589065758511424, 1046097.348014740622602 ], [ 8556082.589065758511424, 1046004.322044044150971 ], [ 8556113.59772265702486, 1046004.322044044150971 ], [ 8556113.59772265702486, 1046128.356671639368869 ], [ 8555989.563095062971115, 1046128.356671639368869 ], [ 8555989.563095062971115, 1046190.373985436977819 ], [ 8555803.511153670027852, 1046190.373985436977819 ] ] ] } },
{ "type": "Feature", "properties": { "raster_val": 394 }, "geometry": { "type": "Polygon", "coordinates": [ [ [ 8556454.69294854439795, 1046221.382642335840501 ], [ 8556485.701605442911386, 1046221.382642335840501 ], [ 8556485.701605442911386, 1046159.365328538231552 ], [ 8556206.623693354427814, 1046159.365328538231552 ], [ 8556206.623693354427814, 1046035.330700942897238 ], [ 8556175.615036455914378, 1046035.330700942897238 ], [ 8556175.615036455914378, 1046190.373985436977819 ], [ 8556454.69294854439795, 1046190.373985436977819 ], [ 8556454.69294854439795, 1046221.382642335840501 ] ] ] } },
{ "type": "Feature", "properties": { "raster_val": 400 }, "geometry": { "type": "Polygon", "coordinates": [ [ [ 8556764.779517533257604, 1046190.373985436977819 ], [ 8556764.779517533257604, 1046097.348014740622602 ], [ 8557043.857429621741176, 1046097.348014740622602 ], [ 8557043.857429621741176, 1046128.356671639368869 ], [ 8556795.78817443177104, 1046128.356671639368869 ], [ 8556795.78817443177104, 1046159.365328538231552 ], [ 8556919.82280202768743, 1046159.365328538231552 ], [ 8556919.82280202768743, 1046190.373985436977819 ], [ 8556764.779517533257604, 1046190.373985436977819 ] ] ] } },
{ "type": "Feature", "properties": { "raster_val": 402 }, "geometry": { "type": "Polygon", "coordinates": [ [ [ 8564920.056281922385097, 1046190.373985436977819 ], [ 8564920.056281922385097, 1046097.348014740622602 ], [ 8565106.10822331532836, 1046097.348014740622602 ], [ 8565106.10822331532836, 1046128.356671639368869 ], [ 8564951.064938820898533, 1046128.356671639368869 ], [ 8564951.064938820898533, 1046159.365328538231552 ], [ 8565168.125537112355232, 1046159.365328538231552 ], [ 8565168.125537112355232, 1046190.373985436977819 ], [ 8564920.056281922385097, 1046190.373985436977819 ] ] ] } },
{ "type": "Feature", "properties": { "raster_val": 403 }, "geometry": { "type": "Polygon", "coordinates": [ [ [ 8565168.125537112355232, 1046190.373985436977819 ], [ 8565168.125537112355232, 1046097.348014740622602 ], [ 8565385.186135405674577, 1046097.348014740622602 ], [ 8565385.186135405674577, 1045942.304730246425606 ], [ 8565416.194792304188013, 1045942.304730246425606 ], [ 8565416.194792304188013, 1046128.356671639368869 ], [ 8565199.134194012731314, 1046128.356671639368869 ], [ 8565199.134194012731314, 1046190.373985436977819 ], [ 8565168.125537112355232, 1046190.373985436977819 ] ] ] } },
{ "type": "Feature", "properties": { "raster_val": 405 }, "geometry": { "type": "Polygon", "coordinates": [ [ [ 8554873.251446705311537, 1046159.365328538231552 ], [ 8554873.251446705311537, 1046097.348014740622602 ], [ 8554966.277417400851846, 1046097.348014740622602 ], [ 8554966.277417400851846, 1046128.356671639368869 ], [ 8554904.260103603824973, 1046128.356671639368869 ], [ 8554904.260103603824973, 1046159.365328538231552 ], [ 8554873.251446705311537, 1046159.365328538231552 ] ] ] } },
{ "type": "Feature", "properties": { "raster_val": 407 }, "geometry": { "type": "Polygon", "coordinates": [ [ [ 8557322.935341712087393, 1046128.356671639368869 ], [ 8557322.935341712087393, 1045880.287416448816657 ], [ 8557353.943998610600829, 1045880.287416448816657 ], [ 8557353.943998610600829, 1046097.348014740622602 ], [ 8557571.004596902057528, 1046097.348014740622602 ], [ 8557571.004596902057528, 1046128.356671639368869 ], [ 8557322.935341712087393, 1046128.356671639368869 ] ] ] } },
{ "type": "Feature", "properties": { "raster_val": 380 }, "geometry": { "type": "Polygon", "coordinates": [ [ [ 8557695.039224497973919, 1046438.443240627646446 ], [ 8557726.047881396487355, 1046438.443240627646446 ], [ 8557726.047881396487355, 1046376.425926829921082 ], [ 8557633.021910699084401, 1046376.425926829921082 ], [ 8557633.021910699084401, 1046097.348014740622602 ], [ 8557571.004596902057528, 1046097.348014740622602 ], [ 8557571.004596902057528, 1046128.356671639368869 ], [ 8557602.013253800570965, 1046128.356671639368869 ], [ 8557602.013253800570965, 1046407.434583728783764 ], [ 8557695.039224497973919, 1046407.434583728783764 ], [ 8557695.039224497973919, 1046438.443240627646446 ] ] ] } },
{ "type": "Feature", "properties": { "raster_val": 404 }, "geometry": { "type": "Polygon", "coordinates": [ [ [ 8567307.72286313213408, 1046190.373985436977819 ], [ 8567431.75749072805047, 1046190.373985436977819 ], [ 8567431.75749072805047, 1046159.365328538231552 ], [ 8567338.731520030647516, 1046159.365328538231552 ], [ 8567338.731520030647516, 1046097.348014740622602 ], [ 8567152.679578637704253, 1046097.348014740622602 ], [ 8567152.679578637704253, 1046004.322044044150971 ], [ 8567121.670921739190817, 1046004.322044044150971 ], [ 8567121.670921739190817, 1046128.356671639368869 ], [ 8567307.72286313213408, 1046128.356671639368869 ], [ 8567307.72286313213408, 1046190.373985436977819 ] ] ] } },
{ "type": "Feature", "properties": { "raster_val": 396 }, "geometry": { "type": "Polygon", "coordinates": [ [ [ 8569571.354816745966673, 1046221.382642335840501 ], [ 8569602.363473644480109, 1046221.382642335840501 ], [ 8569602.363473644480109, 1046097.348014740622602 ], [ 8569230.259590858593583, 1046097.348014740622602 ], [ 8569230.259590858593583, 1046128.356671639368869 ], [ 8569571.354816745966673, 1046128.356671639368869 ], [ 8569571.354816745966673, 1046221.382642335840501 ] ] ] } },
{ "type": "Feature", "properties": { "raster_val": 409 }, "geometry": { "type": "Polygon", "coordinates": [ [ [ 8565075.099566416814923, 1046097.348014740622602 ], [ 8565075.099566416814923, 1045942.304730246425606 ], [ 8565323.168821606785059, 1045942.304730246425606 ], [ 8565323.168821606785059, 1045880.287416448816657 ], [ 8565354.177478505298495, 1045880.287416448816657 ], [ 8565354.177478505298495, 1045973.313387145288289 ], [ 8565106.10822331532836, 1045973.313387145288289 ], [ 8565106.10822331532836, 1046097.348014740622602 ], [ 8565075.099566416814923, 1046097.348014740622602 ] ] ] } },
{ "type": "Feature", "properties": { "raster_val": 412 }, "geometry": { "type": "Polygon", "coordinates": [ [ [ 8555648.467869175598025, 1046035.330700942897238 ], [ 8555679.476526074111462, 1046035.330700942897238 ], [ 8555679.476526074111462, 1045942.304730246425606 ], [ 8555493.424584681168199, 1045942.304730246425606 ], [ 8555493.424584681168199, 1046004.322044044150971 ], [ 8555524.433241579681635, 1046004.322044044150971 ], [ 8555524.433241579681635, 1045973.313387145288289 ], [ 8555648.467869175598025, 1045973.313387145288289 ], [ 8555648.467869175598025, 1046035.330700942897238 ] ] ] } },
{ "type": "Feature", "properties": { "raster_val": 413 }, "geometry": { "type": "Polygon", "coordinates": [ [ [ 8556175.615036455914378, 1046035.330700942897238 ], [ 8556206.623693354427814, 1046035.330700942897238 ], [ 8556206.623693354427814, 1045942.304730246425606 ], [ 8556082.589065758511424, 1045942.304730246425606 ], [ 8556082.589065758511424, 1046004.322044044150971 ], [ 8556113.59772265702486, 1046004.322044044150971 ], [ 8556113.59772265702486, 1045973.313387145288289 ], [ 8556175.615036455914378, 1045973.313387145288289 ], [ 8556175.615036455914378, 1046035.330700942897238 ] ] ] } },
{ "type": "Feature", "properties": { "raster_val": 408 }, "geometry": { "type": "Polygon", "coordinates": [ [ [ 8569137.233620163053274, 1046128.356671639368869 ], [ 8569230.259590858593583, 1046128.356671639368869 ], [ 8569230.259590858593583, 1046097.348014740622602 ], [ 8569168.24227706156671, 1046097.348014740622602 ], [ 8569168.24227706156671, 1045942.304730246425606 ], [ 8568951.181678770110011, 1045942.304730246425606 ], [ 8568951.181678770110011, 1046004.322044044150971 ], [ 8568982.190335668623447, 1046004.322044044150971 ], [ 8568982.190335668623447, 1045973.313387145288289 ], [ 8569137.233620163053274, 1045973.313387145288289 ], [ 8569137.233620163053274, 1046128.356671639368869 ] ] ] } },
{ "type": "Feature", "properties": { "raster_val": 401 }, "geometry": { "type": "Polygon", "coordinates": [ [ [ 8563555.675378374755383, 1046190.373985436977819 ], [ 8563555.675378374755383, 1045849.278759549953975 ], [ 8563710.718662869185209, 1045849.278759549953975 ], [ 8563710.718662869185209, 1045880.287416448816657 ], [ 8563586.684035273268819, 1045880.287416448816657 ], [ 8563586.684035273268819, 1046190.373985436977819 ], [ 8563555.675378374755383, 1046190.373985436977819 ] ] ] } },
{ "type": "Feature", "properties": { "raster_val": 406 }, "geometry": { "type": "Polygon", "coordinates": [ [ [ 8557043.857429621741176, 1046128.356671639368869 ], [ 8557043.857429621741176, 1046097.348014740622602 ], [ 8557074.866086522117257, 1046097.348014740622602 ], [ 8557074.866086522117257, 1045942.304730246425606 ], [ 8557167.892057217657566, 1045942.304730246425606 ], [ 8557167.892057217657566, 1045849.278759549953975 ], [ 8557260.91802791506052, 1045849.278759549953975 ], [ 8557260.91802791506052, 1045880.287416448816657 ], [ 8557198.900714116171002, 1045880.287416448816657 ], [ 8557198.900714116171002, 1045973.313387145288289 ], [ 8557105.874743420630693, 1045973.313387145288289 ], [ 8557105.874743420630693, 1046128.356671639368869 ], [ 8557043.857429621741176, 1046128.356671639368869 ] ] ] } },
{ "type": "Feature", "properties": { "raster_val": 410 }, "geometry": { "type": "Polygon", "coordinates": [ [ [ 8571772.969456562772393, 1046066.33935784175992 ], [ 8571772.969456562772393, 1045942.304730246425606 ], [ 8571865.995427258312702, 1045942.304730246425606 ], [ 8571865.995427258312702, 1045694.235475055873394 ], [ 8571897.004084156826138, 1045694.235475055873394 ], [ 8571897.004084156826138, 1045973.313387145288289 ], [ 8571803.97811346128583, 1045973.313387145288289 ], [ 8571803.97811346128583, 1046066.33935784175992 ], [ 8571772.969456562772393, 1046066.33935784175992 ] ] ] } },
{ "type": "Feature", "properties": { "raster_val": 414 }, "geometry": { "type": "Polygon", "coordinates": [ [ [ 8567121.670921739190817, 1046004.322044044150971 ], [ 8567121.670921739190817, 1045942.304730246425606 ], [ 8567307.72286313213408, 1045942.304730246425606 ], [ 8567307.72286313213408, 1045725.244131954736076 ], [ 8567338.731520030647516, 1045725.244131954736076 ], [ 8567338.731520030647516, 1045973.313387145288289 ], [ 8567152.679578637704253, 1045973.313387145288289 ], [ 8567152.679578637704253, 1046004.322044044150971 ], [ 8567121.670921739190817, 1046004.322044044150971 ] ] ] } },
{ "type": "Feature", "properties": { "raster_val": 415 }, "geometry": { "type": "Polygon", "coordinates": [ [ [ 8565416.194792304188013, 1045973.313387145288289 ], [ 8565416.194792304188013, 1045942.304730246425606 ], [ 8565509.220762999728322, 1045942.304730246425606 ], [ 8565509.220762999728322, 1045849.278759549953975 ], [ 8565695.272704392671585, 1045849.278759549953975 ], [ 8565695.272704392671585, 1045787.261445752345026 ], [ 8565726.281361291185021, 1045787.261445752345026 ], [ 8565726.281361291185021, 1045880.287416448816657 ], [ 8565540.229419898241758, 1045880.287416448816657 ], [ 8565540.229419898241758, 1045973.313387145288289 ], [ 8565416.194792304188013, 1045973.313387145288289 ] ] ] } },
{ "type": "Feature", "properties": { "raster_val": 416 }, "geometry": { "type": "Polygon", "coordinates": [ [ [ 8557260.91802791506052, 1045880.287416448816657 ], [ 8557260.91802791506052, 1045849.278759549953975 ], [ 8557353.943998610600829, 1045849.278759549953975 ], [ 8557353.943998610600829, 1045880.287416448816657 ], [ 8557260.91802791506052, 1045880.287416448816657 ] ] ] } },
{ "type": "Feature", "properties": { "raster_val": 417 }, "geometry": { "type": "Polygon", "coordinates": [ [ [ 8562284.320445522665977, 1045880.287416448816657 ], [ 8562284.320445522665977, 1045632.218161258264445 ], [ 8562315.329102421179414, 1045632.218161258264445 ], [ 8562315.329102421179414, 1045849.278759549953975 ], [ 8562470.372386915609241, 1045849.278759549953975 ], [ 8562470.372386915609241, 1045818.270102651207708 ], [ 8562501.381043814122677, 1045818.270102651207708 ], [ 8562501.381043814122677, 1045880.287416448816657 ], [ 8562284.320445522665977, 1045880.287416448816657 ] ] ] } },
{ "type": "Feature", "properties": { "raster_val": 418 }, "geometry": { "type": "Polygon", "coordinates": [ [ [ 8565168.125537112355232, 1045880.287416448816657 ], [ 8565168.125537112355232, 1045787.261445752345026 ], [ 8565416.194792304188013, 1045787.261445752345026 ], [ 8565416.194792304188013, 1045818.270102651207708 ], [ 8565199.134194012731314, 1045818.270102651207708 ], [ 8565199.134194012731314, 1045849.278759549953975 ], [ 8565354.177478505298495, 1045849.278759549953975 ], [ 8565354.177478505298495, 1045880.287416448816657 ], [ 8565168.125537112355232, 1045880.287416448816657 ] ] ] } },
{ "type": "Feature", "properties": { "raster_val": 421 }, "geometry": { "type": "Polygon", "coordinates": [ [ [ 8562780.458955904468894, 1045818.270102651207708 ], [ 8562780.458955904468894, 1045663.226818157127127 ], [ 8562904.493583498522639, 1045663.226818157127127 ], [ 8562904.493583498522639, 1045694.235475055873394 ], [ 8562811.46761280298233, 1045694.235475055873394 ], [ 8562811.46761280298233, 1045787.261445752345026 ], [ 8563028.52821109443903, 1045787.261445752345026 ], [ 8563028.52821109443903, 1045818.270102651207708 ], [ 8562780.458955904468894, 1045818.270102651207708 ] ] ] } },
{ "type": "Feature", "properties": { "raster_val": 411 }, "geometry": { "type": "Polygon", "coordinates": [ [ [ 8554749.216819109395146, 1046035.330700942897238 ], [ 8554749.216819109395146, 1045570.200847460655496 ], [ 8554780.225476007908583, 1045570.200847460655496 ], [ 8554780.225476007908583, 1046035.330700942897238 ], [ 8554749.216819109395146, 1046035.330700942897238 ] ] ] } },
{ "type": "Feature", "properties": { "raster_val": 420 }, "geometry": { "type": "Polygon", "coordinates": [ [ [ 8562470.372386915609241, 1045818.270102651207708 ], [ 8562470.372386915609241, 1045787.261445752345026 ], [ 8562563.398357613012195, 1045787.261445752345026 ], [ 8562563.398357613012195, 1045663.226818157127127 ], [ 8562656.424328308552504, 1045663.226818157127127 ], [ 8562656.424328308552504, 1045539.192190561792813 ], [ 8562687.43298520706594, 1045539.192190561792813 ], [ 8562687.43298520706594, 1045694.235475055873394 ], [ 8562594.407014511525631, 1045694.235475055873394 ], [ 8562594.407014511525631, 1045818.270102651207708 ], [ 8562470.372386915609241, 1045818.270102651207708 ] ] ] } },
{ "type": "Feature", "properties": { "raster_val": 422 }, "geometry": { "type": "Polygon", "coordinates": [ [ [ 8563028.52821109443903, 1045818.270102651207708 ], [ 8563028.52821109443903, 1045787.261445752345026 ], [ 8563090.545524891465902, 1045787.261445752345026 ], [ 8563090.545524891465902, 1045663.226818157127127 ], [ 8563245.588809385895729, 1045663.226818157127127 ], [ 8563245.588809385895729, 1045570.200847460655496 ], [ 8563276.597466284409165, 1045570.200847460655496 ], [ 8563276.597466284409165, 1045694.235475055873394 ], [ 8563121.554181791841984, 1045694.235475055873394 ], [ 8563121.554181791841984, 1045818.270102651207708 ], [ 8563028.52821109443903, 1045818.270102651207708 ] ] ] } },
{ "type": "Feature", "properties": { "raster_val": 423 }, "geometry": { "type": "Polygon", "coordinates": [ [ [ 8565726.281361291185021, 1045818.270102651207708 ], [ 8565726.281361291185021, 1045787.261445752345026 ], [ 8565912.333302684128284, 1045787.261445752345026 ], [ 8565912.333302684128284, 1045539.192190561792813 ], [ 8565943.341959584504366, 1045539.192190561792813 ], [ 8565943.341959584504366, 1045818.270102651207708 ], [ 8565726.281361291185021, 1045818.270102651207708 ] ] ] } },
{ "type": "Feature", "properties": { "raster_val": 424 }, "geometry": { "type": "Polygon", "coordinates": [ [ [ 8570346.571239216253161, 1045818.270102651207708 ], [ 8570346.571239216253161, 1045570.200847460655496 ], [ 8570377.579896114766598, 1045570.200847460655496 ], [ 8570377.579896114766598, 1045787.261445752345026 ], [ 8570594.640494406223297, 1045787.261445752345026 ], [ 8570594.640494406223297, 1045818.270102651207708 ], [ 8570346.571239216253161, 1045818.270102651207708 ] ] ] } },
{ "type": "Feature", "properties": { "raster_val": 425 }, "geometry": { "type": "Polygon", "coordinates": [ [ [ 8565385.186135405674577, 1045787.261445752345026 ], [ 8565385.186135405674577, 1045663.226818157127127 ], [ 8565509.220762999728322, 1045663.226818157127127 ], [ 8565509.220762999728322, 1045539.192190561792813 ], [ 8565633.255390595644712, 1045539.192190561792813 ], [ 8565633.255390595644712, 1045570.200847460655496 ], [ 8565540.229419898241758, 1045570.200847460655496 ], [ 8565540.229419898241758, 1045694.235475055873394 ], [ 8565416.194792304188013, 1045694.235475055873394 ], [ 8565416.194792304188013, 1045787.261445752345026 ], [ 8565385.186135405674577, 1045787.261445752345026 ] ] ] } },
{ "type": "Feature", "properties": { "raster_val": 426 }, "geometry": { "type": "Polygon", "coordinates": [ [ [ 8570563.631837507709861, 1045787.261445752345026 ], [ 8570563.631837507709861, 1045539.192190561792813 ], [ 8570811.701092697679996, 1045539.192190561792813 ], [ 8570811.701092697679996, 1045570.200847460655496 ], [ 8570594.640494406223297, 1045570.200847460655496 ], [ 8570594.640494406223297, 1045787.261445752345026 ], [ 8570563.631837507709861, 1045787.261445752345026 ] ] ] } },
{ "type": "Feature", "properties": { "raster_val": 419 }, "geometry": { "type": "Polygon", "coordinates": [ [ [ 8563679.710005970671773, 1045849.278759549953975 ], [ 8563710.718662869185209, 1045849.278759549953975 ], [ 8563710.718662869185209, 1045663.226818157127127 ], [ 8563586.684035273268819, 1045663.226818157127127 ], [ 8563586.684035273268819, 1045570.200847460655496 ], [ 8563617.692692171782255, 1045570.200847460655496 ], [ 8563617.692692171782255, 1045539.192190561792813 ], [ 8563555.675378374755383, 1045539.192190561792813 ], [ 8563555.675378374755383, 1045694.235475055873394 ], [ 8563679.710005970671773, 1045694.235475055873394 ], [ 8563679.710005970671773, 1045849.278759549953975 ] ] ] } },
{ "type": "Feature", "properties": { "raster_val": 427 }, "geometry": { "type": "Polygon", "coordinates": [ [ [ 8567307.72286313213408, 1045725.244131954736076 ], [ 8567338.731520030647516, 1045725.244131954736076 ], [ 8567338.731520030647516, 1045539.192190561792813 ], [ 8567214.696892434731126, 1045539.192190561792813 ], [ 8567214.696892434731126, 1045663.226818157127127 ], [ 8567152.679578637704253, 1045663.226818157127127 ], [ 8567152.679578637704253, 1045694.235475055873394 ], [ 8567245.705549335107207, 1045694.235475055873394 ], [ 8567245.705549335107207, 1045570.200847460655496 ], [ 8567307.72286313213408, 1045570.200847460655496 ], [ 8567307.72286313213408, 1045725.244131954736076 ] ] ] } },
{ "type": "Feature", "properties": { "raster_val": 430 }, "geometry": { "type": "Polygon", "coordinates": [ [ [ 8562873.484926600009203, 1045663.226818157127127 ], [ 8562904.493583498522639, 1045663.226818157127127 ], [ 8562904.493583498522639, 1045539.192190561792813 ], [ 8562687.43298520706594, 1045539.192190561792813 ], [ 8562687.43298520706594, 1045570.200847460655496 ], [ 8562873.484926600009203, 1045570.200847460655496 ], [ 8562873.484926600009203, 1045663.226818157127127 ] ] ] } },
{ "type": "Feature", "properties": { "raster_val": 433 }, "geometry": { "type": "Polygon", "coordinates": [ [ [ 8563245.588809385895729, 1045570.200847460655496 ], [ 8563245.588809385895729, 1045539.192190561792813 ], [ 8563493.65806457772851, 1045539.192190561792813 ], [ 8563493.65806457772851, 1045477.174876764183864 ], [ 8563648.701349070295691, 1045477.174876764183864 ], [ 8563648.701349070295691, 1045508.183533662930131 ], [ 8563524.666721476241946, 1045508.183533662930131 ], [ 8563524.666721476241946, 1045570.200847460655496 ], [ 8563245.588809385895729, 1045570.200847460655496 ] ] ] } },
{ "type": "Feature", "properties": { "raster_val": 435 }, "geometry": { "type": "Polygon", "coordinates": [ [ [ 8565633.255390595644712, 1045570.200847460655496 ], [ 8565633.255390595644712, 1045539.192190561792813 ], [ 8565695.272704392671585, 1045539.192190561792813 ], [ 8565695.272704392671585, 1045477.174876764183864 ], [ 8565912.333302684128284, 1045477.174876764183864 ], [ 8565912.333302684128284, 1045384.148906067712232 ], [ 8565943.341959584504366, 1045384.148906067712232 ], [ 8565943.341959584504366, 1045508.183533662930131 ], [ 8565726.281361291185021, 1045508.183533662930131 ], [ 8565726.281361291185021, 1045570.200847460655496 ], [ 8565633.255390595644712, 1045570.200847460655496 ] ] ] } },
{ "type": "Feature", "properties": { "raster_val": 436 }, "geometry": { "type": "Polygon", "coordinates": [ [ [ 8565943.341959584504366, 1045570.200847460655496 ], [ 8565943.341959584504366, 1045539.192190561792813 ], [ 8566408.471813065931201, 1045539.192190561792813 ], [ 8566408.471813065931201, 1045570.200847460655496 ], [ 8565943.341959584504366, 1045570.200847460655496 ] ] ] } },
{ "type": "Feature", "properties": { "raster_val": 434 }, "geometry": { "type": "Polygon", "coordinates": [ [ [ 8563617.692692171782255, 1045570.200847460655496 ], [ 8563710.718662869185209, 1045570.200847460655496 ], [ 8563710.718662869185209, 1045477.174876764183864 ], [ 8563648.701349070295691, 1045477.174876764183864 ], [ 8563648.701349070295691, 1045508.183533662930131 ], [ 8563679.710005970671773, 1045508.183533662930131 ], [ 8563679.710005970671773, 1045539.192190561792813 ], [ 8563617.692692171782255, 1045539.192190561792813 ], [ 8563617.692692171782255, 1045570.200847460655496 ] ] ] } },
{ "type": "Feature", "properties": { "raster_val": 428 }, "geometry": { "type": "Polygon", "coordinates": [ [ [ 8566997.636294143274426, 1045694.235475055873394 ], [ 8567152.679578637704253, 1045694.235475055873394 ], [ 8567152.679578637704253, 1045663.226818157127127 ], [ 8567028.644951041787863, 1045663.226818157127127 ], [ 8567028.644951041787863, 1045477.174876764183864 ], [ 8566935.618980346247554, 1045477.174876764183864 ], [ 8566935.618980346247554, 1045446.166219865321182 ], [ 8566904.610323447734118, 1045446.166219865321182 ], [ 8566904.610323447734118, 1045508.183533662930131 ], [ 8566997.636294143274426, 1045508.183533662930131 ], [ 8566997.636294143274426, 1045694.235475055873394 ] ] ] } },
{ "type": "Feature", "properties": { "raster_val": 431 }, "geometry": { "type": "Polygon", "coordinates": [ [ [ 8562284.320445522665977, 1045632.218161258264445 ], [ 8562315.329102421179414, 1045632.218161258264445 ], [ 8562315.329102421179414, 1045539.192190561792813 ], [ 8562191.294474827125669, 1045539.192190561792813 ], [ 8562191.294474827125669, 1045291.122935371240601 ], [ 8562160.285817928612232, 1045291.122935371240601 ], [ 8562160.285817928612232, 1045570.200847460655496 ], [ 8562284.320445522665977, 1045570.200847460655496 ], [ 8562284.320445522665977, 1045632.218161258264445 ] ] ] } },
{ "type": "Feature", "properties": { "raster_val": 437 }, "geometry": { "type": "Polygon", "coordinates": [ [ [ 8566408.471813065931201, 1045570.200847460655496 ], [ 8566408.471813065931201, 1045539.192190561792813 ], [ 8566439.480469964444637, 1045539.192190561792813 ], [ 8566439.480469964444637, 1045477.174876764183864 ], [ 8566532.506440661847591, 1045477.174876764183864 ], [ 8566532.506440661847591, 1045353.14024916884955 ], [ 8566594.523754458874464, 1045353.14024916884955 ], [ 8566594.523754458874464, 1045291.122935371240601 ], [ 8566625.5324113573879, 1045291.122935371240601 ], [ 8566625.5324113573879, 1045384.148906067712232 ], [ 8566563.515097560361028, 1045384.148906067712232 ], [ 8566563.515097560361028, 1045508.183533662930131 ], [ 8566470.489126862958074, 1045508.183533662930131 ], [ 8566470.489126862958074, 1045570.200847460655496 ], [ 8566408.471813065931201, 1045570.200847460655496 ] ] ] } },
{ "type": "Feature", "properties": { "raster_val": 429 }, "geometry": { "type": "Polygon", "coordinates": [ [ [ 8571865.995427258312702, 1045694.235475055873394 ], [ 8571897.004084156826138, 1045694.235475055873394 ], [ 8571897.004084156826138, 1045539.192190561792813 ], [ 8571803.97811346128583, 1045539.192190561792813 ], [ 8571803.97811346128583, 1045322.131592270103283 ], [ 8571772.969456562772393, 1045322.131592270103283 ], [ 8571772.969456562772393, 1045570.200847460655496 ], [ 8571865.995427258312702, 1045570.200847460655496 ], [ 8571865.995427258312702, 1045694.235475055873394 ] ] ] } },
{ "type": "Feature", "properties": { "raster_val": 439 }, "geometry": { "type": "Polygon", "coordinates": [ [ [ 8570780.69243579916656, 1045539.192190561792813 ], [ 8570780.69243579916656, 1045260.114278472377919 ], [ 8570997.75303409062326, 1045260.114278472377919 ], [ 8570997.75303409062326, 1045291.122935371240601 ], [ 8570811.701092697679996, 1045291.122935371240601 ], [ 8570811.701092697679996, 1045539.192190561792813 ], [ 8570780.69243579916656, 1045539.192190561792813 ] ] ] } },
{ "type": "Feature", "properties": { "raster_val": 438 }, "geometry": { "type": "Polygon", "coordinates": [ [ [ 8570346.571239216253161, 1045570.200847460655496 ], [ 8570377.579896114766598, 1045570.200847460655496 ], [ 8570377.579896114766598, 1045477.174876764183864 ], [ 8570222.536611620336771, 1045477.174876764183864 ], [ 8570222.536611620336771, 1045384.148906067712232 ], [ 8570284.553925419226289, 1045384.148906067712232 ], [ 8570284.553925419226289, 1045322.131592270103283 ], [ 8570253.545268518850207, 1045322.131592270103283 ], [ 8570253.545268518850207, 1045353.14024916884955 ], [ 8570191.527954721823335, 1045353.14024916884955 ], [ 8570191.527954721823335, 1045508.183533662930131 ], [ 8570346.571239216253161, 1045508.183533662930131 ], [ 8570346.571239216253161, 1045570.200847460655496 ] ] ] } },
{ "type": "Feature", "properties": { "raster_val": 441 }, "geometry": { "type": "Polygon", "coordinates": [ [ [ 8565912.333302684128284, 1045384.148906067712232 ], [ 8565912.333302684128284, 1045353.14024916884955 ], [ 8566129.393900977447629, 1045353.14024916884955 ], [ 8566129.393900977447629, 1045167.088307775906287 ], [ 8566191.411214774474502, 1045167.088307775906287 ], [ 8566191.411214774474502, 1045198.096964674768969 ], [ 8566160.402557875961065, 1045198.096964674768969 ], [ 8566160.402557875961065, 1045384.148906067712232 ], [ 8565912.333302684128284, 1045384.148906067712232 ] ] ] } },
{ "type": "Feature", "properties": { "raster_val": 445 }, "geometry": { "type": "Polygon", "coordinates": [ [ [ 8566594.523754458874464, 1045291.122935371240601 ], [ 8566594.523754458874464, 1045260.114278472377919 ], [ 8566904.610323447734118, 1045260.114278472377919 ], [ 8566904.610323447734118, 1045136.07965087716002 ], [ 8566935.618980346247554, 1045136.07965087716002 ], [ 8566935.618980346247554, 1045291.122935371240601 ], [ 8566594.523754458874464, 1045291.122935371240601 ] ] ] } },
{ "type": "Feature", "properties": { "raster_val": 432 }, "geometry": { "type": "Polygon", "coordinates": [ [ [ 8554749.216819109395146, 1045570.200847460655496 ], [ 8554749.216819109395146, 1045105.070993978297338 ], [ 8554780.225476007908583, 1045105.070993978297338 ], [ 8554780.225476007908583, 1045570.200847460655496 ], [ 8554749.216819109395146, 1045570.200847460655496 ] ] ] } },
{ "type": "Feature", "properties": { "raster_val": 440 }, "geometry": { "type": "Polygon", "coordinates": [ [ [ 8566904.610323447734118, 1045446.166219865321182 ], [ 8566904.610323447734118, 1045353.14024916884955 ], [ 8566997.636294143274426, 1045353.14024916884955 ], [ 8566997.636294143274426, 1045074.062337079434656 ], [ 8567028.644951041787863, 1045074.062337079434656 ], [ 8567028.644951041787863, 1045384.148906067712232 ], [ 8566935.618980346247554, 1045384.148906067712232 ], [ 8566935.618980346247554, 1045446.166219865321182 ], [ 8566904.610323447734118, 1045446.166219865321182 ] ] ] } },
{ "type": "Feature", "properties": { "raster_val": 443 }, "geometry": { "type": "Polygon", "coordinates": [ [ [ 8571772.969456562772393, 1045322.131592270103283 ], [ 8571772.969456562772393, 1045260.114278472377919 ], [ 8571865.995427258312702, 1045260.114278472377919 ], [ 8571865.995427258312702, 1045167.088307775906287 ], [ 8571990.030054854229093, 1045167.088307775906287 ], [ 8571990.030054854229093, 1045074.062337079434656 ], [ 8572021.038711752742529, 1045074.062337079434656 ], [ 8572021.038711752742529, 1045198.096964674768969 ], [ 8571897.004084156826138, 1045198.096964674768969 ], [ 8571897.004084156826138, 1045291.122935371240601 ], [ 8571803.97811346128583, 1045291.122935371240601 ], [ 8571803.97811346128583, 1045322.131592270103283 ], [ 8571772.969456562772393, 1045322.131592270103283 ] ] ] } },
{ "type": "Feature", "properties": { "raster_val": 446 }, "geometry": { "type": "Polygon", "coordinates": [ [ [ 8570997.75303409062326, 1045291.122935371240601 ], [ 8570997.75303409062326, 1045260.114278472377919 ], [ 8571090.779004788026214, 1045260.114278472377919 ], [ 8571090.779004788026214, 1045043.053680180688389 ], [ 8571152.796318585053086, 1045043.053680180688389 ], [ 8571152.796318585053086, 1044981.036366383079439 ], [ 8571183.804975483566523, 1044981.036366383079439 ], [ 8571183.804975483566523, 1045074.062337079434656 ], [ 8571121.78766168653965, 1045074.062337079434656 ], [ 8571121.78766168653965, 1045291.122935371240601 ], [ 8570997.75303409062326, 1045291.122935371240601 ] ] ] } },
{ "type": "Feature", "properties": { "raster_val": 444 }, "geometry": { "type": "Polygon", "coordinates": [ [ [ 8562036.251190332695842, 1045291.122935371240601 ], [ 8562191.294474827125669, 1045291.122935371240601 ], [ 8562191.294474827125669, 1045260.114278472377919 ], [ 8562067.259847231209278, 1045260.114278472377919 ], [ 8562067.259847231209278, 1045167.088307775906287 ], [ 8562005.242533434182405, 1045167.088307775906287 ], [ 8562005.242533434182405, 1045012.045023281825706 ], [ 8561974.233876535668969, 1045012.045023281825706 ], [ 8561974.233876535668969, 1045198.096964674768969 ], [ 8562036.251190332695842, 1045198.096964674768969 ], [ 8562036.251190332695842, 1045291.122935371240601 ] ] ] } },
{ "type": "Feature", "properties": { "raster_val": 447 }, "geometry": { "type": "Polygon", "coordinates": [ [ [ 8566191.411214774474502, 1045198.096964674768969 ], [ 8566191.411214774474502, 1045167.088307775906287 ], [ 8566222.419871672987938, 1045167.088307775906287 ], [ 8566222.419871672987938, 1045043.053680180688389 ], [ 8566439.480469964444637, 1045043.053680180688389 ], [ 8566439.480469964444637, 1044981.036366383079439 ], [ 8566470.489126862958074, 1044981.036366383079439 ], [ 8566470.489126862958074, 1045074.062337079434656 ], [ 8566253.428528571501374, 1045074.062337079434656 ], [ 8566253.428528571501374, 1045198.096964674768969 ], [ 8566191.411214774474502, 1045198.096964674768969 ] ] ] } },
{ "type": "Feature", "properties": { "raster_val": 449 }, "geometry": { "type": "Polygon", "coordinates": [ [ [ 8567741.844059715047479, 1045167.088307775906287 ], [ 8567741.844059715047479, 1045043.053680180688389 ], [ 8568113.947942500934005, 1045043.053680180688389 ], [ 8568113.947942500934005, 1045074.062337079434656 ], [ 8567772.852716613560915, 1045074.062337079434656 ], [ 8567772.852716613560915, 1045167.088307775906287 ], [ 8567741.844059715047479, 1045167.088307775906287 ] ] ] } },
{ "type": "Feature", "properties": { "raster_val": 450 }, "geometry": { "type": "Polygon", "coordinates": [ [ [ 8566904.610323447734118, 1045136.07965087716002 ], [ 8566904.610323447734118, 1045043.053680180688389 ], [ 8567028.644951041787863, 1045043.053680180688389 ], [ 8567028.644951041787863, 1045074.062337079434656 ], [ 8566935.618980346247554, 1045074.062337079434656 ], [ 8566935.618980346247554, 1045136.07965087716002 ], [ 8566904.610323447734118, 1045136.07965087716002 ] ] ] } },
{ "type": "Feature", "properties": { "raster_val": 448 }, "geometry": { "type": "Polygon", "coordinates": [ [ [ 8567524.783461423590779, 1045198.096964674768969 ], [ 8567772.852716613560915, 1045198.096964674768969 ], [ 8567772.852716613560915, 1045167.088307775906287 ], [ 8567555.792118322104216, 1045167.088307775906287 ], [ 8567555.792118322104216, 1045043.053680180688389 ], [ 8567431.75749072805047, 1045043.053680180688389 ], [ 8567431.75749072805047, 1045074.062337079434656 ], [ 8567524.783461423590779, 1045074.062337079434656 ], [ 8567524.783461423590779, 1045198.096964674768969 ] ] ] } },
{ "type": "Feature", "properties": { "raster_val": 442 }, "geometry": { "type": "Polygon", "coordinates": [ [ [ 8570253.545268518850207, 1045322.131592270103283 ], [ 8570284.553925419226289, 1045322.131592270103283 ], [ 8570284.553925419226289, 1045260.114278472377919 ], [ 8570222.536611620336771, 1045260.114278472377919 ], [ 8570222.536611620336771, 1045043.053680180688389 ], [ 8570067.493327125906944, 1045043.053680180688389 ], [ 8570067.493327125906944, 1045074.062337079434656 ], [ 8570191.527954721823335, 1045074.062337079434656 ], [ 8570191.527954721823335, 1045291.122935371240601 ], [ 8570253.545268518850207, 1045291.122935371240601 ], [ 8570253.545268518850207, 1045322.131592270103283 ] ] ] } },
{ "type": "Feature", "properties": { "raster_val": 455 }, "geometry": { "type": "Polygon", "coordinates": [ [ [ 8571710.952142763882875, 1045074.062337079434656 ], [ 8571710.952142763882875, 1044950.027709484216757 ], [ 8571865.995427258312702, 1044950.027709484216757 ], [ 8571865.995427258312702, 1044981.036366383079439 ], [ 8571897.004084156826138, 1044981.036366383079439 ], [ 8571897.004084156826138, 1045074.062337079434656 ], [ 8571710.952142763882875, 1045074.062337079434656 ] ], [ [ 8571741.960799662396312, 1045043.053680180688389 ], [ 8571741.960799662396312, 1044981.036366383079439 ], [ 8571865.995427258312702, 1044981.036366383079439 ], [ 8571865.995427258312702, 1045043.053680180688389 ], [ 8571741.960799662396312, 1045043.053680180688389 ] ] ] } },
{ "type": "Feature", "properties": { "raster_val": 456 }, "geometry": { "type": "Polygon", "coordinates": [ [ [ 8571990.030054854229093, 1045074.062337079434656 ], [ 8571990.030054854229093, 1045043.053680180688389 ], [ 8572176.081996247172356, 1045043.053680180688389 ], [ 8572176.081996247172356, 1044950.027709484216757 ], [ 8572300.116623841226101, 1044950.027709484216757 ], [ 8572300.116623841226101, 1044919.019052585354075 ], [ 8572331.125280741602182, 1044919.019052585354075 ], [ 8572331.125280741602182, 1044981.036366383079439 ], [ 8572207.090653145685792, 1044981.036366383079439 ], [ 8572207.090653145685792, 1045074.062337079434656 ], [ 8571990.030054854229093, 1045074.062337079434656 ] ] ] } },
{ "type": "Feature", "properties": { "raster_val": 452 }, "geometry": { "type": "Polygon", "coordinates": [ [ [ 8563679.710005970671773, 1045074.062337079434656 ], [ 8563896.770604262128472, 1045074.062337079434656 ], [ 8563896.770604262128472, 1045012.045023281825706 ], [ 8563865.761947363615036, 1045012.045023281825706 ], [ 8563865.761947363615036, 1045043.053680180688389 ], [ 8563710.718662869185209, 1045043.053680180688389 ], [ 8563710.718662869185209, 1044950.027709484216757 ], [ 8563555.675378374755383, 1044950.027709484216757 ], [ 8563555.675378374755383, 1044981.036366383079439 ], [ 8563679.710005970671773, 1044981.036366383079439 ], [ 8563679.710005970671773, 1045074.062337079434656 ] ] ] } },
{ "type": "Feature", "properties": { "raster_val": 451 }, "geometry": { "type": "Polygon", "coordinates": [ [ [ 8554749.216819109395146, 1045105.070993978297338 ], [ 8554749.216819109395146, 1044639.94114049593918 ], [ 8554780.225476007908583, 1044639.94114049593918 ], [ 8554780.225476007908583, 1045105.070993978297338 ], [ 8554749.216819109395146, 1045105.070993978297338 ] ] ] } },
{ "type": "Feature", "properties": { "raster_val": 460 }, "geometry": { "type": "Polygon", "coordinates": [ [ [ 8561354.060738557949662, 1044981.036366383079439 ], [ 8561354.060738557949662, 1044857.001738787745126 ], [ 8561447.086709255352616, 1044857.001738787745126 ], [ 8561447.086709255352616, 1044794.984424990136176 ], [ 8561478.095366153866053, 1044794.984424990136176 ], [ 8561478.095366153866053, 1044857.001738787745126 ], [ 8561509.104023052379489, 1044857.001738787745126 ], [ 8561509.104023052379489, 1044888.010395686607808 ], [ 8561478.095366153866053, 1044888.010395686607808 ], [ 8561478.095366153866053, 1044981.036366383079439 ], [ 8561354.060738557949662, 1044981.036366383079439 ] ], [ [ 8561385.069395456463099, 1044950.027709484216757 ], [ 8561385.069395456463099, 1044888.010395686607808 ], [ 8561447.086709255352616, 1044888.010395686607808 ], [ 8561447.086709255352616, 1044950.027709484216757 ], [ 8561385.069395456463099, 1044950.027709484216757 ] ] ] } },
{ "type": "Feature", "properties": { "raster_val": 461 }, "geometry": { "type": "Polygon", "coordinates": [ [ [ 8563090.545524891465902, 1044981.036366383079439 ], [ 8563090.545524891465902, 1044732.967111192410812 ], [ 8563121.554181791841984, 1044732.967111192410812 ], [ 8563121.554181791841984, 1044950.027709484216757 ], [ 8563183.571495588868856, 1044950.027709484216757 ], [ 8563183.571495588868856, 1044825.993081888882443 ], [ 8563214.580152487382293, 1044825.993081888882443 ], [ 8563214.580152487382293, 1044981.036366383079439 ], [ 8563090.545524891465902, 1044981.036366383079439 ] ] ] } },
{ "type": "Feature", "properties": { "raster_val": 459 }, "geometry": { "type": "Polygon", "coordinates": [ [ [ 8563865.761947363615036, 1045012.045023281825706 ], [ 8563896.770604262128472, 1045012.045023281825706 ], [ 8563896.770604262128472, 1044950.027709484216757 ], [ 8563834.753290463238955, 1044950.027709484216757 ], [ 8563834.753290463238955, 1044763.975768091273494 ], [ 8563896.770604262128472, 1044763.975768091273494 ], [ 8563896.770604262128472, 1044670.949797394801863 ], [ 8563865.761947363615036, 1044670.949797394801863 ], [ 8563865.761947363615036, 1044732.967111192410812 ], [ 8563803.744633564725518, 1044732.967111192410812 ], [ 8563803.744633564725518, 1044981.036366383079439 ], [ 8563865.761947363615036, 1044981.036366383079439 ], [ 8563865.761947363615036, 1045012.045023281825706 ] ] ] } },
{ "type": "Feature", "properties": { "raster_val": 463 }, "geometry": { "type": "Polygon", "coordinates": [ [ [ 8566439.480469964444637, 1044981.036366383079439 ], [ 8566439.480469964444637, 1044950.027709484216757 ], [ 8566594.523754458874464, 1044950.027709484216757 ], [ 8566594.523754458874464, 1044732.967111192410812 ], [ 8566687.549725156277418, 1044732.967111192410812 ], [ 8566687.549725156277418, 1044763.975768091273494 ], [ 8566625.5324113573879, 1044763.975768091273494 ], [ 8566625.5324113573879, 1044981.036366383079439 ], [ 8566439.480469964444637, 1044981.036366383079439 ] ] ] } },
{ "type": "Feature", "properties": { "raster_val": 464 }, "geometry": { "type": "Polygon", "coordinates": [ [ [ 8571152.796318585053086, 1044981.036366383079439 ], [ 8571152.796318585053086, 1044950.027709484216757 ], [ 8571245.82228928245604, 1044950.027709484216757 ], [ 8571245.82228928245604, 1044857.001738787745126 ], [ 8571400.865573776885867, 1044857.001738787745126 ], [ 8571400.865573776885867, 1044763.975768091273494 ], [ 8571431.874230675399303, 1044763.975768091273494 ], [ 8571431.874230675399303, 1044888.010395686607808 ], [ 8571276.830946180969477, 1044888.010395686607808 ], [ 8571276.830946180969477, 1044981.036366383079439 ], [ 8571152.796318585053086, 1044981.036366383079439 ] ] ] } },
{ "type": "Feature", "properties": { "raster_val": 465 }, "geometry": { "type": "Polygon", "coordinates": [ [ [ 8571865.995427258312702, 1044981.036366383079439 ], [ 8571865.995427258312702, 1044732.967111192410812 ], [ 8571897.004084156826138, 1044732.967111192410812 ], [ 8571897.004084156826138, 1044950.027709484216757 ], [ 8571990.030054854229093, 1044950.027709484216757 ], [ 8571990.030054854229093, 1044857.001738787745126 ], [ 8572021.038711752742529, 1044857.001738787745126 ], [ 8572021.038711752742529, 1044981.036366383079439 ], [ 8571865.995427258312702, 1044981.036366383079439 ] ] ] } },
{ "type": "Feature", "properties": { "raster_val": 467 }, "geometry": { "type": "Polygon", "coordinates": [ [ [ 8561509.104023052379489, 1044888.010395686607808 ], [ 8561509.104023052379489, 1044857.001738787745126 ], [ 8561664.147307546809316, 1044857.001738787745126 ], [ 8561664.147307546809316, 1044888.010395686607808 ], [ 8561509.104023052379489, 1044888.010395686607808 ] ] ] } },
{ "type": "Feature", "properties": { "raster_val": 458 }, "geometry": { "type": "Polygon", "coordinates": [ [ [ 8561974.233876535668969, 1045012.045023281825706 ], [ 8562005.242533434182405, 1045012.045023281825706 ], [ 8562005.242533434182405, 1044950.027709484216757 ], [ 8561912.216562736779451, 1044950.027709484216757 ], [ 8561912.216562736779451, 1044857.001738787745126 ], [ 8561664.147307546809316, 1044857.001738787745126 ], [ 8561664.147307546809316, 1044888.010395686607808 ], [ 8561881.207905838266015, 1044888.010395686607808 ], [ 8561881.207905838266015, 1044981.036366383079439 ], [ 8561974.233876535668969, 1044981.036366383079439 ], [ 8561974.233876535668969, 1045012.045023281825706 ] ] ] } },
{ "type": "Feature", "properties": { "raster_val": 457 }, "geometry": { "type": "Polygon", "coordinates": [ [ [ 8567431.75749072805047, 1045043.053680180688389 ], [ 8567462.766147626563907, 1045043.053680180688389 ], [ 8567462.766147626563907, 1044981.036366383079439 ], [ 8567648.81808901950717, 1044981.036366383079439 ], [ 8567648.81808901950717, 1044857.001738787745126 ], [ 8567524.783461423590779, 1044857.001738787745126 ], [ 8567524.783461423590779, 1044888.010395686607808 ], [ 8567617.809432119131088, 1044888.010395686607808 ], [ 8567617.809432119131088, 1044950.027709484216757 ], [ 8567431.75749072805047, 1044950.027709484216757 ], [ 8567431.75749072805047, 1045043.053680180688389 ] ] ] } },
{ "type": "Feature", "properties": { "raster_val": 453 }, "geometry": { "type": "Polygon", "coordinates": [ [ [ 8568113.947942500934005, 1045074.062337079434656 ], [ 8568237.982570096850395, 1045074.062337079434656 ], [ 8568237.982570096850395, 1044857.001738787745126 ], [ 8568144.956599399447441, 1044857.001738787745126 ], [ 8568144.956599399447441, 1044794.984424990136176 ], [ 8568113.947942500934005, 1044794.984424990136176 ], [ 8568113.947942500934005, 1044888.010395686607808 ], [ 8568206.973913198336959, 1044888.010395686607808 ], [ 8568206.973913198336959, 1045043.053680180688389 ], [ 8568113.947942500934005, 1045043.053680180688389 ], [ 8568113.947942500934005, 1045074.062337079434656 ] ] ] } },
{ "type": "Feature", "properties": { "raster_val": 470 }, "geometry": { "type": "Polygon", "coordinates": [ [ [ 8563183.571495588868856, 1044825.993081888882443 ], [ 8563183.571495588868856, 1044732.967111192410812 ], [ 8563307.606123184785247, 1044732.967111192410812 ], [ 8563307.606123184785247, 1044763.975768091273494 ], [ 8563214.580152487382293, 1044763.975768091273494 ], [ 8563214.580152487382293, 1044825.993081888882443 ], [ 8563183.571495588868856, 1044825.993081888882443 ] ] ] } },
{ "type": "Feature", "properties": { "raster_val": 474 }, "geometry": { "type": "Polygon", "coordinates": [ [ [ 8562904.493583498522639, 1044763.975768091273494 ], [ 8562904.493583498522639, 1044732.967111192410812 ], [ 8563090.545524891465902, 1044732.967111192410812 ], [ 8563090.545524891465902, 1044763.975768091273494 ], [ 8562904.493583498522639, 1044763.975768091273494 ] ] ] } },
{ "type": "Feature", "properties": { "raster_val": 462 }, "geometry": { "type": "Polygon", "coordinates": [ [ [ 8563493.65806457772851, 1044981.036366383079439 ], [ 8563555.675378374755383, 1044981.036366383079439 ], [ 8563555.675378374755383, 1044950.027709484216757 ], [ 8563524.666721476241946, 1044950.027709484216757 ], [ 8563524.666721476241946, 1044857.001738787745126 ], [ 8563431.640750778838992, 1044857.001738787745126 ], [ 8563431.640750778838992, 1044732.967111192410812 ], [ 8563307.606123184785247, 1044732.967111192410812 ], [ 8563307.606123184785247, 1044763.975768091273494 ], [ 8563400.632093880325556, 1044763.975768091273494 ], [ 8563400.632093880325556, 1044888.010395686607808 ], [ 8563493.65806457772851, 1044888.010395686607808 ], [ 8563493.65806457772851, 1044981.036366383079439 ] ] ] } },
{ "type": "Feature", "properties": { "raster_val": 454 }, "geometry": { "type": "Polygon", "coordinates": [ [ [ 8570036.484670227393508, 1045074.062337079434656 ], [ 8570067.493327125906944, 1045074.062337079434656 ], [ 8570067.493327125906944, 1044732.967111192410812 ], [ 8569974.467356430366635, 1044732.967111192410812 ], [ 8569974.467356430366635, 1044701.958454293664545 ], [ 8569943.458699531853199, 1044701.958454293664545 ], [ 8569943.458699531853199, 1044763.975768091273494 ], [ 8570036.484670227393508, 1044763.975768091273494 ], [ 8570036.484670227393508, 1045074.062337079434656 ] ] ] } },
{ "type": "Feature", "properties": { "raster_val": 476 }, "geometry": { "type": "Polygon", "coordinates": [ [ [ 8571400.865573776885867, 1044763.975768091273494 ], [ 8571400.865573776885867, 1044732.967111192410812 ], [ 8571865.995427258312702, 1044732.967111192410812 ], [ 8571865.995427258312702, 1044763.975768091273494 ], [ 8571400.865573776885867, 1044763.975768091273494 ] ] ] } },
{ "type": "Feature", "properties": { "raster_val": 468 }, "geometry": { "type": "Polygon", "coordinates": [ [ [ 8567524.783461423590779, 1044857.001738787745126 ], [ 8567555.792118322104216, 1044857.001738787745126 ], [ 8567555.792118322104216, 1044732.967111192410812 ], [ 8567338.731520030647516, 1044732.967111192410812 ], [ 8567338.731520030647516, 1044639.94114049593918 ], [ 8567276.714206233620644, 1044639.94114049593918 ], [ 8567276.714206233620644, 1044670.949797394801863 ], [ 8567307.72286313213408, 1044670.949797394801863 ], [ 8567307.72286313213408, 1044763.975768091273494 ], [ 8567524.783461423590779, 1044763.975768091273494 ], [ 8567524.783461423590779, 1044857.001738787745126 ] ] ] } },
{ "type": "Feature", "properties": { "raster_val": 466 }, "geometry": { "type": "Polygon", "coordinates": [ [ [ 8572300.116623841226101, 1044919.019052585354075 ], [ 8572300.116623841226101, 1044639.94114049593918 ], [ 8572393.142594538629055, 1044639.94114049593918 ], [ 8572393.142594538629055, 1044577.923826698330231 ], [ 8572455.159908335655928, 1044577.923826698330231 ], [ 8572455.159908335655928, 1044608.932483597192913 ], [ 8572424.151251437142491, 1044608.932483597192913 ], [ 8572424.151251437142491, 1044670.949797394801863 ], [ 8572331.125280741602182, 1044670.949797394801863 ], [ 8572331.125280741602182, 1044919.019052585354075 ], [ 8572300.116623841226101, 1044919.019052585354075 ] ] ] } },
{ "type": "Feature", "properties": { "raster_val": 469 }, "geometry": { "type": "Polygon", "coordinates": [ [ [ 8571990.030054854229093, 1044857.001738787745126 ], [ 8571990.030054854229093, 1044422.88054220424965 ], [ 8572052.047368651255965, 1044422.88054220424965 ], [ 8572052.047368651255965, 1044453.889199103112333 ], [ 8572021.038711752742529, 1044453.889199103112333 ], [ 8572021.038711752742529, 1044857.001738787745126 ], [ 8571990.030054854229093, 1044857.001738787745126 ] ] ] } },
{ "type": "Feature", "properties": { "raster_val": 471 }, "geometry": { "type": "Polygon", "coordinates": [ [ [ 8561447.086709255352616, 1044794.984424990136176 ], [ 8561447.086709255352616, 1044422.88054220424965 ], [ 8561571.121336849406362, 1044422.88054220424965 ], [ 8561571.121336849406362, 1044453.889199103112333 ], [ 8561478.095366153866053, 1044453.889199103112333 ], [ 8561478.095366153866053, 1044794.984424990136176 ], [ 8561447.086709255352616, 1044794.984424990136176 ] ] ] } },
{ "type": "Feature", "properties": { "raster_val": 473 }, "geometry": { "type": "Polygon", "coordinates": [ [ [ 8562656.424328308552504, 1044763.975768091273494 ], [ 8562656.424328308552504, 1044515.906512900721282 ], [ 8562687.43298520706594, 1044515.906512900721282 ], [ 8562687.43298520706594, 1044732.967111192410812 ], [ 8562904.493583498522639, 1044732.967111192410812 ], [ 8562904.493583498522639, 1044763.975768091273494 ], [ 8562656.424328308552504, 1044763.975768091273494 ] ] ] } },
{ "type": "Feature", "properties": { "raster_val": 475 }, "geometry": { "type": "Polygon", "coordinates": [ [ [ 8566687.549725156277418, 1044763.975768091273494 ], [ 8566687.549725156277418, 1044639.94114049593918 ], [ 8566904.610323447734118, 1044639.94114049593918 ], [ 8566904.610323447734118, 1044577.923826698330231 ], [ 8566997.636294143274426, 1044577.923826698330231 ], [ 8566997.636294143274426, 1044608.932483597192913 ], [ 8566935.618980346247554, 1044608.932483597192913 ], [ 8566935.618980346247554, 1044670.949797394801863 ], [ 8566718.558382054790854, 1044670.949797394801863 ], [ 8566718.558382054790854, 1044763.975768091273494 ], [ 8566687.549725156277418, 1044763.975768091273494 ] ] ] } },
{ "type": "Feature", "properties": { "raster_val": 472 }, "geometry": { "type": "Polygon", "coordinates": [ [ [ 8568113.947942500934005, 1044794.984424990136176 ], [ 8568144.956599399447441, 1044794.984424990136176 ], [ 8568144.956599399447441, 1044732.967111192410812 ], [ 8568082.939285602420568, 1044732.967111192410812 ], [ 8568082.939285602420568, 1044391.871885305386968 ], [ 8568051.930628703907132, 1044391.871885305386968 ], [ 8568051.930628703907132, 1044763.975768091273494 ], [ 8568113.947942500934005, 1044763.975768091273494 ], [ 8568113.947942500934005, 1044794.984424990136176 ] ] ] } },
{ "type": "Feature", "properties": { "raster_val": 477 }, "geometry": { "type": "Polygon", "coordinates": [ [ [ 8569943.458699531853199, 1044701.958454293664545 ], [ 8569943.458699531853199, 1044639.94114049593918 ], [ 8570036.484670227393508, 1044639.94114049593918 ], [ 8570036.484670227393508, 1044577.923826698330231 ], [ 8570222.536611620336771, 1044577.923826698330231 ], [ 8570222.536611620336771, 1044639.94114049593918 ], [ 8570253.545268518850207, 1044639.94114049593918 ], [ 8570253.545268518850207, 1044670.949797394801863 ], [ 8570191.527954721823335, 1044670.949797394801863 ], [ 8570191.527954721823335, 1044608.932483597192913 ], [ 8570067.493327125906944, 1044608.932483597192913 ], [ 8570067.493327125906944, 1044670.949797394801863 ], [ 8569974.467356430366635, 1044670.949797394801863 ], [ 8569974.467356430366635, 1044701.958454293664545 ], [ 8569943.458699531853199, 1044701.958454293664545 ] ] ] } },
{ "type": "Feature", "properties": { "raster_val": 478 }, "geometry": { "type": "Polygon", "coordinates": [ [ [ 8561571.121336849406362, 1044670.949797394801863 ], [ 8561571.121336849406362, 1044422.88054220424965 ], [ 8561602.129993749782443, 1044422.88054220424965 ], [ 8561602.129993749782443, 1044639.94114049593918 ], [ 8561664.147307546809316, 1044639.94114049593918 ], [ 8561664.147307546809316, 1044577.923826698330231 ], [ 8561757.173278242349625, 1044577.923826698330231 ], [ 8561757.173278242349625, 1044608.932483597192913 ], [ 8561695.155964445322752, 1044608.932483597192913 ], [ 8561695.155964445322752, 1044670.949797394801863 ], [ 8561571.121336849406362, 1044670.949797394801863 ] ] ] } },
{ "type": "Feature", "properties": { "raster_val": 479 }, "geometry": { "type": "Polygon", "coordinates": [ [ [ 8561881.207905838266015, 1044670.949797394801863 ], [ 8561881.207905838266015, 1044422.88054220424965 ], [ 8561912.216562736779451, 1044422.88054220424965 ], [ 8561912.216562736779451, 1044639.94114049593918 ], [ 8561974.233876535668969, 1044639.94114049593918 ], [ 8561974.233876535668969, 1044515.906512900721282 ], [ 8562005.242533434182405, 1044515.906512900721282 ], [ 8562005.242533434182405, 1044670.949797394801863 ], [ 8561881.207905838266015, 1044670.949797394801863 ] ] ] } },
{ "type": "Feature", "properties": { "raster_val": 480 }, "geometry": { "type": "Polygon", "coordinates": [ [ [ 8563865.761947363615036, 1044670.949797394801863 ], [ 8563865.761947363615036, 1044577.923826698330231 ], [ 8564082.822545655071735, 1044577.923826698330231 ], [ 8564082.822545655071735, 1044422.88054220424965 ], [ 8564113.831202553585172, 1044422.88054220424965 ], [ 8564113.831202553585172, 1044608.932483597192913 ], [ 8563896.770604262128472, 1044608.932483597192913 ], [ 8563896.770604262128472, 1044670.949797394801863 ], [ 8563865.761947363615036, 1044670.949797394801863 ] ] ] } },
{ "type": "Feature", "properties": { "raster_val": 482 }, "geometry": { "type": "Polygon", "coordinates": [ [ [ 8570253.545268518850207, 1044670.949797394801863 ], [ 8570253.545268518850207, 1044639.94114049593918 ], [ 8570470.605866812169552, 1044639.94114049593918 ], [ 8570470.605866812169552, 1044422.88054220424965 ], [ 8570501.614523710682988, 1044422.88054220424965 ], [ 8570501.614523710682988, 1044670.949797394801863 ], [ 8570253.545268518850207, 1044670.949797394801863 ] ] ] } },
{ "type": "Feature", "properties": { "raster_val": 481 }, "geometry": { "type": "Polygon", "coordinates": [ [ [ 8567214.696892434731126, 1044670.949797394801863 ], [ 8567276.714206233620644, 1044670.949797394801863 ], [ 8567276.714206233620644, 1044639.94114049593918 ], [ 8567245.705549335107207, 1044639.94114049593918 ], [ 8567245.705549335107207, 1044577.923826698330231 ], [ 8566997.636294143274426, 1044577.923826698330231 ], [ 8566997.636294143274426, 1044608.932483597192913 ], [ 8567214.696892434731126, 1044608.932483597192913 ], [ 8567214.696892434731126, 1044670.949797394801863 ] ] ] } },
{ "type": "Feature", "properties": { "raster_val": 488 }, "geometry": { "type": "Polygon", "coordinates": [ [ [ 8561974.233876535668969, 1044515.906512900721282 ], [ 8561974.233876535668969, 1044453.889199103112333 ], [ 8562005.242533434182405, 1044453.889199103112333 ], [ 8562005.242533434182405, 1044515.906512900721282 ], [ 8561974.233876535668969, 1044515.906512900721282 ] ] ] } },
{ "type": "Feature", "properties": { "raster_val": 490 }, "geometry": { "type": "Polygon", "coordinates": [ [ [ 8561912.216562736779451, 1044453.889199103112333 ], [ 8561912.216562736779451, 1044422.88054220424965 ], [ 8561974.233876535668969, 1044422.88054220424965 ], [ 8561974.233876535668969, 1044453.889199103112333 ], [ 8561912.216562736779451, 1044453.889199103112333 ] ] ] } },
{ "type": "Feature", "properties": { "raster_val": 484 }, "geometry": { "type": "Polygon", "coordinates": [ [ [ 8562036.251190332695842, 1044608.932483597192913 ], [ 8562284.320445522665977, 1044608.932483597192913 ], [ 8562284.320445522665977, 1044577.923826698330231 ], [ 8562067.259847231209278, 1044577.923826698330231 ], [ 8562067.259847231209278, 1044422.88054220424965 ], [ 8561974.233876535668969, 1044422.88054220424965 ], [ 8561974.233876535668969, 1044453.889199103112333 ], [ 8562036.251190332695842, 1044453.889199103112333 ], [ 8562036.251190332695842, 1044608.932483597192913 ] ] ] } },
{ "type": "Feature", "properties": { "raster_val": 483 }, "geometry": { "type": "Polygon", "coordinates": [ [ [ 8554749.216819109395146, 1044639.94114049593918 ], [ 8554749.216819109395146, 1044174.811287013697438 ], [ 8554780.225476007908583, 1044174.811287013697438 ], [ 8554780.225476007908583, 1044639.94114049593918 ], [ 8554749.216819109395146, 1044639.94114049593918 ] ] ] } },
{ "type": "Feature", "properties": { "raster_val": 485 }, "geometry": { "type": "Polygon", "coordinates": [ [ [ 8562284.320445522665977, 1044608.932483597192913 ], [ 8562284.320445522665977, 1044577.923826698330231 ], [ 8562470.372386915609241, 1044577.923826698330231 ], [ 8562470.372386915609241, 1044329.854571507778019 ], [ 8562501.381043814122677, 1044329.854571507778019 ], [ 8562501.381043814122677, 1044608.932483597192913 ], [ 8562284.320445522665977, 1044608.932483597192913 ] ] ] } },
{ "type": "Feature", "properties": { "raster_val": 487 }, "geometry": { "type": "Polygon", "coordinates": [ [ [ 8561726.164621343836188, 1044577.923826698330231 ], [ 8561726.164621343836188, 1044267.837257710169069 ], [ 8561912.216562736779451, 1044267.837257710169069 ], [ 8561912.216562736779451, 1044298.845914608915336 ], [ 8561757.173278242349625, 1044298.845914608915336 ], [ 8561757.173278242349625, 1044577.923826698330231 ], [ 8561726.164621343836188, 1044577.923826698330231 ] ] ] } },
{ "type": "Feature", "properties": { "raster_val": 493 }, "geometry": { "type": "Polygon", "coordinates": [ [ [ 8572052.047368651255965, 1044453.889199103112333 ], [ 8572052.047368651255965, 1044422.88054220424965 ], [ 8572176.081996247172356, 1044422.88054220424965 ], [ 8572176.081996247172356, 1044329.854571507778019 ], [ 8572331.125280741602182, 1044329.854571507778019 ], [ 8572331.125280741602182, 1044360.863228406640701 ], [ 8572207.090653145685792, 1044360.863228406640701 ], [ 8572207.090653145685792, 1044453.889199103112333 ], [ 8572052.047368651255965, 1044453.889199103112333 ] ] ] } },
{ "type": "Feature", "properties": { "raster_val": 489 }, "geometry": { "type": "Polygon", "coordinates": [ [ [ 8562656.424328308552504, 1044515.906512900721282 ], [ 8562687.43298520706594, 1044515.906512900721282 ], [ 8562687.43298520706594, 1044422.88054220424965 ], [ 8562594.407014511525631, 1044422.88054220424965 ], [ 8562594.407014511525631, 1044360.863228406640701 ], [ 8562656.424328308552504, 1044360.863228406640701 ], [ 8562656.424328308552504, 1044329.854571507778019 ], [ 8562594.407014511525631, 1044329.854571507778019 ], [ 8562594.407014511525631, 1044267.837257710169069 ], [ 8562563.398357613012195, 1044267.837257710169069 ], [ 8562563.398357613012195, 1044329.854571507778019 ], [ 8562501.381043814122677, 1044329.854571507778019 ], [ 8562501.381043814122677, 1044360.863228406640701 ], [ 8562563.398357613012195, 1044360.863228406640701 ], [ 8562563.398357613012195, 1044453.889199103112333 ], [ 8562656.424328308552504, 1044453.889199103112333 ], [ 8562656.424328308552504, 1044515.906512900721282 ] ] ] } },
{ "type": "Feature", "properties": { "raster_val": 492 }, "geometry": { "type": "Polygon", "coordinates": [ [ [ 8570253.545268518850207, 1044453.889199103112333 ], [ 8570470.605866812169552, 1044453.889199103112333 ], [ 8570470.605866812169552, 1044422.88054220424965 ], [ 8570284.553925419226289, 1044422.88054220424965 ], [ 8570284.553925419226289, 1044329.854571507778019 ], [ 8570222.536611620336771, 1044329.854571507778019 ], [ 8570222.536611620336771, 1044298.845914608915336 ], [ 8570253.545268518850207, 1044298.845914608915336 ], [ 8570253.545268518850207, 1044267.837257710169069 ], [ 8570191.527954721823335, 1044267.837257710169069 ], [ 8570191.527954721823335, 1044360.863228406640701 ], [ 8570253.545268518850207, 1044360.863228406640701 ], [ 8570253.545268518850207, 1044453.889199103112333 ] ] ] } },
{ "type": "Feature", "properties": { "raster_val": 486 }, "geometry": { "type": "Polygon", "coordinates": [ [ [ 8572455.159908335655928, 1044608.932483597192913 ], [ 8572517.177222134545445, 1044608.932483597192913 ], [ 8572517.177222134545445, 1044422.88054220424965 ], [ 8572424.151251437142491, 1044422.88054220424965 ], [ 8572424.151251437142491, 1044329.854571507778019 ], [ 8572331.125280741602182, 1044329.854571507778019 ], [ 8572331.125280741602182, 1044360.863228406640701 ], [ 8572393.142594538629055, 1044360.863228406640701 ], [ 8572393.142594538629055, 1044453.889199103112333 ], [ 8572486.168565234169364, 1044453.889199103112333 ], [ 8572486.168565234169364, 1044577.923826698330231 ], [ 8572455.159908335655928, 1044577.923826698330231 ], [ 8572455.159908335655928, 1044608.932483597192913 ] ] ] } },
{ "type": "Feature", "properties": { "raster_val": 496 }, "geometry": { "type": "Polygon", "coordinates": [ [ [ 8555183.338015692308545, 1044360.863228406640701 ], [ 8555431.407270884141326, 1044360.863228406640701 ], [ 8555431.407270884141326, 1044329.854571507778019 ], [ 8555214.346672592684627, 1044329.854571507778019 ], [ 8555214.346672592684627, 1044267.837257710169069 ], [ 8555028.294731199741364, 1044267.837257710169069 ], [ 8555028.294731199741364, 1044298.845914608915336 ], [ 8555183.338015692308545, 1044298.845914608915336 ], [ 8555183.338015692308545, 1044360.863228406640701 ] ] ] } },
{ "type": "Feature", "properties": { "raster_val": 499 }, "geometry": { "type": "Polygon", "coordinates": [ [ [ 8555400.39861398562789, 1044329.854571507778019 ], [ 8555431.407270884141326, 1044329.854571507778019 ], [ 8555431.407270884141326, 1044267.837257710169069 ], [ 8555276.363986389711499, 1044267.837257710169069 ], [ 8555276.363986389711499, 1044174.811287013697438 ], [ 8555400.39861398562789, 1044174.811287013697438 ], [ 8555400.39861398562789, 1044143.802630114834756 ], [ 8555245.355329491198063, 1044143.802630114834756 ], [ 8555245.355329491198063, 1044298.845914608915336 ], [ 8555400.39861398562789, 1044298.845914608915336 ], [ 8555400.39861398562789, 1044329.854571507778019 ] ] ] } },
{ "type": "Feature", "properties": { "raster_val": 494 }, "geometry": { "type": "Polygon", "coordinates": [ [ [ 8561974.233876535668969, 1044422.88054220424965 ], [ 8562005.242533434182405, 1044422.88054220424965 ], [ 8562005.242533434182405, 1044267.837257710169069 ], [ 8561912.216562736779451, 1044267.837257710169069 ], [ 8561912.216562736779451, 1044298.845914608915336 ], [ 8561974.233876535668969, 1044298.845914608915336 ], [ 8561974.233876535668969, 1044422.88054220424965 ] ] ] } },
{ "type": "Feature", "properties": { "raster_val": 497 }, "geometry": { "type": "Polygon", "coordinates": [ [ [ 8562656.424328308552504, 1044360.863228406640701 ], [ 8562687.43298520706594, 1044360.863228406640701 ], [ 8562687.43298520706594, 1044267.837257710169069 ], [ 8562594.407014511525631, 1044267.837257710169069 ], [ 8562594.407014511525631, 1044298.845914608915336 ], [ 8562656.424328308552504, 1044298.845914608915336 ], [ 8562656.424328308552504, 1044360.863228406640701 ] ] ] } },
{ "type": "Feature", "properties": { "raster_val": 491 }, "geometry": { "type": "Polygon", "coordinates": [ [ [ 8564113.831202553585172, 1044453.889199103112333 ], [ 8564206.857173249125481, 1044453.889199103112333 ], [ 8564206.857173249125481, 1044329.854571507778019 ], [ 8564020.805231856182218, 1044329.854571507778019 ], [ 8564020.805231856182218, 1044267.837257710169069 ], [ 8563958.787918059155345, 1044267.837257710169069 ], [ 8563958.787918059155345, 1044298.845914608915336 ], [ 8563989.796574957668781, 1044298.845914608915336 ], [ 8563989.796574957668781, 1044360.863228406640701 ], [ 8564175.848516350612044, 1044360.863228406640701 ], [ 8564175.848516350612044, 1044422.88054220424965 ], [ 8564113.831202553585172, 1044422.88054220424965 ], [ 8564113.831202553585172, 1044453.889199103112333 ] ] ] } },
{ "type": "Feature", "properties": { "raster_val": 503 }, "geometry": { "type": "Polygon", "coordinates": [ [ [ 8570253.545268518850207, 1044298.845914608915336 ], [ 8570253.545268518850207, 1044267.837257710169069 ], [ 8570346.571239216253161, 1044267.837257710169069 ], [ 8570346.571239216253161, 1044143.802630114834756 ], [ 8570594.640494406223297, 1044143.802630114834756 ], [ 8570594.640494406223297, 1044174.811287013697438 ], [ 8570377.579896114766598, 1044174.811287013697438 ], [ 8570377.579896114766598, 1044298.845914608915336 ], [ 8570253.545268518850207, 1044298.845914608915336 ] ] ] } },
{ "type": "Feature", "properties": { "raster_val": 498 }, "geometry": { "type": "Polygon", "coordinates": [ [ [ 8570656.657808205112815, 1044360.863228406640701 ], [ 8570811.701092697679996, 1044360.863228406640701 ], [ 8570811.701092697679996, 1044329.854571507778019 ], [ 8570687.666465103626251, 1044329.854571507778019 ], [ 8570687.666465103626251, 1044298.845914608915336 ], [ 8570749.683778900653124, 1044298.845914608915336 ], [ 8570749.683778900653124, 1044267.837257710169069 ], [ 8570687.666465103626251, 1044267.837257710169069 ], [ 8570687.666465103626251, 1044174.811287013697438 ], [ 8570656.657808205112815, 1044174.811287013697438 ], [ 8570656.657808205112815, 1044267.837257710169069 ], [ 8570563.631837507709861, 1044267.837257710169069 ], [ 8570563.631837507709861, 1044298.845914608915336 ], [ 8570656.657808205112815, 1044298.845914608915336 ], [ 8570656.657808205112815, 1044360.863228406640701 ] ] ] } },
{ "type": "Feature", "properties": { "raster_val": 500 }, "geometry": { "type": "Polygon", "coordinates": [ [ [ 8570780.69243579916656, 1044329.854571507778019 ], [ 8570811.701092697679996, 1044329.854571507778019 ], [ 8570811.701092697679996, 1044267.837257710169069 ], [ 8570749.683778900653124, 1044267.837257710169069 ], [ 8570749.683778900653124, 1044298.845914608915336 ], [ 8570780.69243579916656, 1044298.845914608915336 ], [ 8570780.69243579916656, 1044329.854571507778019 ] ] ] } },
{ "type": "Feature", "properties": { "raster_val": 504 }, "geometry": { "type": "Polygon", "coordinates": [ [ [ 8570563.631837507709861, 1044267.837257710169069 ], [ 8570563.631837507709861, 1044174.811287013697438 ], [ 8570594.640494406223297, 1044174.811287013697438 ], [ 8570594.640494406223297, 1044267.837257710169069 ], [ 8570563.631837507709861, 1044267.837257710169069 ] ] ] } },
{ "type": "Feature", "properties": { "raster_val": 501 }, "geometry": { "type": "Polygon", "coordinates": [ [ [ 8554935.268760502338409, 1044298.845914608915336 ], [ 8555028.294731199741364, 1044298.845914608915336 ], [ 8555028.294731199741364, 1044267.837257710169069 ], [ 8554966.277417400851846, 1044267.837257710169069 ], [ 8554966.277417400851846, 1044143.802630114834756 ], [ 8554749.216819109395146, 1044143.802630114834756 ], [ 8554749.216819109395146, 1044174.811287013697438 ], [ 8554935.268760502338409, 1044174.811287013697438 ], [ 8554935.268760502338409, 1044298.845914608915336 ] ] ] } },
{ "type": "Feature", "properties": { "raster_val": 495 }, "geometry": { "type": "Polygon", "coordinates": [ [ [ 8568051.930628703907132, 1044391.871885305386968 ], [ 8568051.930628703907132, 1044329.854571507778019 ], [ 8568206.973913198336959, 1044329.854571507778019 ], [ 8568206.973913198336959, 1044081.785316317225806 ], [ 8568237.982570096850395, 1044081.785316317225806 ], [ 8568237.982570096850395, 1044360.863228406640701 ], [ 8568082.939285602420568, 1044360.863228406640701 ], [ 8568082.939285602420568, 1044391.871885305386968 ], [ 8568051.930628703907132, 1044391.871885305386968 ] ] ] } },
{ "type": "Feature", "properties": { "raster_val": 502 }, "geometry": { "type": "Polygon", "coordinates": [ [ [ 8563803.744633564725518, 1044298.845914608915336 ], [ 8563958.787918059155345, 1044298.845914608915336 ], [ 8563958.787918059155345, 1044267.837257710169069 ], [ 8563834.753290463238955, 1044267.837257710169069 ], [ 8563834.753290463238955, 1044143.802630114834756 ], [ 8563710.718662869185209, 1044143.802630114834756 ], [ 8563710.718662869185209, 1044081.785316317225806 ], [ 8563679.710005970671773, 1044081.785316317225806 ], [ 8563679.710005970671773, 1044174.811287013697438 ], [ 8563803.744633564725518, 1044174.811287013697438 ], [ 8563803.744633564725518, 1044298.845914608915336 ] ] ] } },
{ "type": "Feature", "properties": { "raster_val": 508 }, "geometry": { "type": "Polygon", "coordinates": [ [ [ 8563679.710005970671773, 1044081.785316317225806 ], [ 8563679.710005970671773, 1044019.768002519616857 ], [ 8563865.761947363615036, 1044019.768002519616857 ], [ 8563865.761947363615036, 1043957.750688721891493 ], [ 8564020.805231856182218, 1043957.750688721891493 ], [ 8564020.805231856182218, 1044019.768002519616857 ], [ 8563989.796574957668781, 1044019.768002519616857 ], [ 8563989.796574957668781, 1043988.759345620754175 ], [ 8563896.770604262128472, 1043988.759345620754175 ], [ 8563896.770604262128472, 1044050.776659418363124 ], [ 8563710.718662869185209, 1044050.776659418363124 ], [ 8563710.718662869185209, 1044081.785316317225806 ], [ 8563679.710005970671773, 1044081.785316317225806 ] ] ] } },
{ "type": "Feature", "properties": { "raster_val": 510 }, "geometry": { "type": "Polygon", "coordinates": [ [ [ 8563989.796574957668781, 1044050.776659418363124 ], [ 8563989.796574957668781, 1044019.768002519616857 ], [ 8564299.883143946528435, 1044019.768002519616857 ], [ 8564299.883143946528435, 1043895.733374924282543 ], [ 8564330.891800845041871, 1043895.733374924282543 ], [ 8564330.891800845041871, 1044050.776659418363124 ], [ 8563989.796574957668781, 1044050.776659418363124 ] ] ] } },
{ "type": "Feature", "properties": { "raster_val": 514 }, "geometry": { "type": "Polygon", "coordinates": [ [ [ 8566935.618980346247554, 1044050.776659418363124 ], [ 8566935.618980346247554, 1044019.768002519616857 ], [ 8567121.670921739190817, 1044019.768002519616857 ], [ 8567121.670921739190817, 1044050.776659418363124 ], [ 8566935.618980346247554, 1044050.776659418363124 ] ] ] } },
{ "type": "Feature", "properties": { "raster_val": 506 }, "geometry": { "type": "Polygon", "coordinates": [ [ [ 8567214.696892434731126, 1044174.811287013697438 ], [ 8567338.731520030647516, 1044174.811287013697438 ], [ 8567338.731520030647516, 1044019.768002519616857 ], [ 8567307.72286313213408, 1044019.768002519616857 ], [ 8567307.72286313213408, 1044143.802630114834756 ], [ 8567245.705549335107207, 1044143.802630114834756 ], [ 8567245.705549335107207, 1044019.768002519616857 ], [ 8567121.670921739190817, 1044019.768002519616857 ], [ 8567121.670921739190817, 1044050.776659418363124 ], [ 8567214.696892434731126, 1044050.776659418363124 ], [ 8567214.696892434731126, 1044174.811287013697438 ] ] ] } },
{ "type": "Feature", "properties": { "raster_val": 515 }, "geometry": { "type": "Polygon", "coordinates": [ [ [ 8567338.731520030647516, 1044050.776659418363124 ], [ 8567338.731520030647516, 1044019.768002519616857 ], [ 8567617.809432119131088, 1044019.768002519616857 ], [ 8567617.809432119131088, 1043957.750688721891493 ], [ 8567741.844059715047479, 1043957.750688721891493 ], [ 8567741.844059715047479, 1043988.759345620754175 ], [ 8567648.81808901950717, 1043988.759345620754175 ], [ 8567648.81808901950717, 1044050.776659418363124 ], [ 8567338.731520030647516, 1044050.776659418363124 ] ] ] } },
{ "type": "Feature", "properties": { "raster_val": 507 }, "geometry": { "type": "Polygon", "coordinates": [ [ [ 8570656.657808205112815, 1044174.811287013697438 ], [ 8570811.701092697679996, 1044174.811287013697438 ], [ 8570811.701092697679996, 1044019.768002519616857 ], [ 8570687.666465103626251, 1044019.768002519616857 ], [ 8570687.666465103626251, 1043957.750688721891493 ], [ 8570656.657808205112815, 1043957.750688721891493 ], [ 8570656.657808205112815, 1044050.776659418363124 ], [ 8570780.69243579916656, 1044050.776659418363124 ], [ 8570780.69243579916656, 1044143.802630114834756 ], [ 8570656.657808205112815, 1044143.802630114834756 ], [ 8570656.657808205112815, 1044174.811287013697438 ] ] ] } },
{ "type": "Feature", "properties": { "raster_val": 505 }, "geometry": { "type": "Polygon", "coordinates": [ [ [ 8555400.39861398562789, 1044174.811287013697438 ], [ 8555400.39861398562789, 1044143.802630114834756 ], [ 8555493.424584681168199, 1044143.802630114834756 ], [ 8555493.424584681168199, 1043957.750688721891493 ], [ 8555555.441898478195071, 1043957.750688721891493 ], [ 8555555.441898478195071, 1043864.724718025536276 ], [ 8555586.450555378571153, 1043864.724718025536276 ], [ 8555586.450555378571153, 1043988.759345620754175 ], [ 8555524.433241579681635, 1043988.759345620754175 ], [ 8555524.433241579681635, 1044174.811287013697438 ], [ 8555400.39861398562789, 1044174.811287013697438 ] ] ] } },
{ "type": "Feature", "properties": { "raster_val": 512 }, "geometry": { "type": "Polygon", "coordinates": [ [ [ 8564858.038968125358224, 1044050.776659418363124 ], [ 8564858.038968125358224, 1044019.768002519616857 ], [ 8565075.099566416814923, 1044019.768002519616857 ], [ 8565075.099566416814923, 1043833.716061126673594 ], [ 8565137.116880213841796, 1043833.716061126673594 ], [ 8565137.116880213841796, 1043864.724718025536276 ], [ 8565106.10822331532836, 1043864.724718025536276 ], [ 8565106.10822331532836, 1044050.776659418363124 ], [ 8564858.038968125358224, 1044050.776659418363124 ] ] ] } },
{ "type": "Feature", "properties": { "raster_val": 513 }, "geometry": { "type": "Polygon", "coordinates": [ [ [ 8566687.549725156277418, 1044050.776659418363124 ], [ 8566687.549725156277418, 1043802.707404227810912 ], [ 8566718.558382054790854, 1043802.707404227810912 ], [ 8566718.558382054790854, 1044019.768002519616857 ], [ 8566935.618980346247554, 1044019.768002519616857 ], [ 8566935.618980346247554, 1044050.776659418363124 ], [ 8566687.549725156277418, 1044050.776659418363124 ] ] ] } },
{ "type": "Feature", "properties": { "raster_val": 517 }, "geometry": { "type": "Polygon", "coordinates": [ [ [ 8567741.844059715047479, 1043988.759345620754175 ], [ 8567741.844059715047479, 1043833.716061126673594 ], [ 8567989.913314905017614, 1043833.716061126673594 ], [ 8567989.913314905017614, 1043864.724718025536276 ], [ 8567772.852716613560915, 1043864.724718025536276 ], [ 8567772.852716613560915, 1043988.759345620754175 ], [ 8567741.844059715047479, 1043988.759345620754175 ] ] ] } },
{ "type": "Feature", "properties": { "raster_val": 516 }, "geometry": { "type": "Polygon", "coordinates": [ [ [ 8564020.805231856182218, 1043988.759345620754175 ], [ 8564113.831202553585172, 1043988.759345620754175 ], [ 8564113.831202553585172, 1043833.716061126673594 ], [ 8563989.796574957668781, 1043833.716061126673594 ], [ 8563989.796574957668781, 1043957.750688721891493 ], [ 8564020.805231856182218, 1043957.750688721891493 ], [ 8564020.805231856182218, 1043988.759345620754175 ] ], [ [ 8564020.805231856182218, 1043957.750688721891493 ], [ 8564020.805231856182218, 1043864.724718025536276 ], [ 8564082.822545655071735, 1043864.724718025536276 ], [ 8564082.822545655071735, 1043957.750688721891493 ], [ 8564020.805231856182218, 1043957.750688721891493 ] ] ] } },
{ "type": "Feature", "properties": { "raster_val": 518 }, "geometry": { "type": "Polygon", "coordinates": [ [ [ 8570656.657808205112815, 1043957.750688721891493 ], [ 8570656.657808205112815, 1043833.716061126673594 ], [ 8570966.744377192109823, 1043833.716061126673594 ], [ 8570966.744377192109823, 1043802.707404227810912 ], [ 8570997.75303409062326, 1043802.707404227810912 ], [ 8570997.75303409062326, 1043864.724718025536276 ], [ 8570687.666465103626251, 1043864.724718025536276 ], [ 8570687.666465103626251, 1043957.750688721891493 ], [ 8570656.657808205112815, 1043957.750688721891493 ] ] ] } },
{ "type": "Feature", "properties": { "raster_val": 519 }, "geometry": { "type": "Polygon", "coordinates": [ [ [ 8564299.883143946528435, 1043895.733374924282543 ], [ 8564299.883143946528435, 1043833.716061126673594 ], [ 8564578.961056035012007, 1043833.716061126673594 ], [ 8564578.961056035012007, 1043864.724718025536276 ], [ 8564330.891800845041871, 1043864.724718025536276 ], [ 8564330.891800845041871, 1043895.733374924282543 ], [ 8564299.883143946528435, 1043895.733374924282543 ] ] ] } },
{ "type": "Feature", "properties": { "raster_val": 520 }, "geometry": { "type": "Polygon", "coordinates": [ [ [ 8555555.441898478195071, 1043864.724718025536276 ], [ 8555555.441898478195071, 1043833.716061126673594 ], [ 8555648.467869175598025, 1043833.716061126673594 ], [ 8555648.467869175598025, 1043647.664119733730331 ], [ 8555834.519810568541288, 1043647.664119733730331 ], [ 8555834.519810568541288, 1043678.672776632593013 ], [ 8555679.476526074111462, 1043678.672776632593013 ], [ 8555679.476526074111462, 1043864.724718025536276 ], [ 8555555.441898478195071, 1043864.724718025536276 ] ] ] } },
{ "type": "Feature", "properties": { "raster_val": 511 }, "geometry": { "type": "Polygon", "coordinates": [ [ [ 8564609.969712935388088, 1044050.776659418363124 ], [ 8564858.038968125358224, 1044050.776659418363124 ], [ 8564858.038968125358224, 1044019.768002519616857 ], [ 8564640.978369833901525, 1044019.768002519616857 ], [ 8564640.978369833901525, 1043833.716061126673594 ], [ 8564578.961056035012007, 1043833.716061126673594 ], [ 8564578.961056035012007, 1043864.724718025536276 ], [ 8564609.969712935388088, 1043864.724718025536276 ], [ 8564609.969712935388088, 1044050.776659418363124 ] ] ] } },
{ "type": "Feature", "properties": { "raster_val": 521 }, "geometry": { "type": "Polygon", "coordinates": [ [ [ 8565137.116880213841796, 1043864.724718025536276 ], [ 8565137.116880213841796, 1043833.716061126673594 ], [ 8565168.125537112355232, 1043833.716061126673594 ], [ 8565168.125537112355232, 1043740.690090430201963 ], [ 8565354.177478505298495, 1043740.690090430201963 ], [ 8565354.177478505298495, 1043833.716061126673594 ], [ 8565416.194792304188013, 1043833.716061126673594 ], [ 8565416.194792304188013, 1043864.724718025536276 ], [ 8565323.168821606785059, 1043864.724718025536276 ], [ 8565323.168821606785059, 1043771.698747329064645 ], [ 8565199.134194012731314, 1043771.698747329064645 ], [ 8565199.134194012731314, 1043864.724718025536276 ], [ 8565137.116880213841796, 1043864.724718025536276 ] ] ] } },
{ "type": "Feature", "properties": { "raster_val": 522 }, "geometry": { "type": "Polygon", "coordinates": [ [ [ 8565416.194792304188013, 1043864.724718025536276 ], [ 8565416.194792304188013, 1043833.716061126673594 ], [ 8565509.220762999728322, 1043833.716061126673594 ], [ 8565509.220762999728322, 1043740.690090430201963 ], [ 8565695.272704392671585, 1043740.690090430201963 ], [ 8565695.272704392671585, 1043678.672776632593013 ], [ 8565726.281361291185021, 1043678.672776632593013 ], [ 8565726.281361291185021, 1043771.698747329064645 ], [ 8565540.229419898241758, 1043771.698747329064645 ], [ 8565540.229419898241758, 1043864.724718025536276 ], [ 8565416.194792304188013, 1043864.724718025536276 ] ] ] } },
{ "type": "Feature", "properties": { "raster_val": 509 }, "geometry": { "type": "Polygon", "coordinates": [ [ [ 8568206.973913198336959, 1044081.785316317225806 ], [ 8568237.982570096850395, 1044081.785316317225806 ], [ 8568237.982570096850395, 1043833.716061126673594 ], [ 8567989.913314905017614, 1043833.716061126673594 ], [ 8567989.913314905017614, 1043864.724718025536276 ], [ 8568206.973913198336959, 1043864.724718025536276 ], [ 8568206.973913198336959, 1044081.785316317225806 ] ] ] } },
{ "type": "Feature", "properties": { "raster_val": 523 }, "geometry": { "type": "Polygon", "coordinates": [ [ [ 8566687.549725156277418, 1043802.707404227810912 ], [ 8566718.558382054790854, 1043802.707404227810912 ], [ 8566718.558382054790854, 1043740.690090430201963 ], [ 8566470.489126862958074, 1043740.690090430201963 ], [ 8566470.489126862958074, 1043647.664119733730331 ], [ 8566377.463156167417765, 1043647.664119733730331 ], [ 8566377.463156167417765, 1043678.672776632593013 ], [ 8566439.480469964444637, 1043678.672776632593013 ], [ 8566439.480469964444637, 1043771.698747329064645 ], [ 8566687.549725156277418, 1043771.698747329064645 ], [ 8566687.549725156277418, 1043802.707404227810912 ] ] ] } },
{ "type": "Feature", "properties": { "raster_val": 524 }, "geometry": { "type": "Polygon", "coordinates": [ [ [ 8570966.744377192109823, 1043802.707404227810912 ], [ 8570966.744377192109823, 1043740.690090430201963 ], [ 8571152.796318585053086, 1043740.690090430201963 ], [ 8571152.796318585053086, 1043647.664119733730331 ], [ 8571245.82228928245604, 1043647.664119733730331 ], [ 8571245.82228928245604, 1043616.655462834867649 ], [ 8571276.830946180969477, 1043616.655462834867649 ], [ 8571276.830946180969477, 1043678.672776632593013 ], [ 8571183.804975483566523, 1043678.672776632593013 ], [ 8571183.804975483566523, 1043771.698747329064645 ], [ 8570997.75303409062326, 1043771.698747329064645 ], [ 8570997.75303409062326, 1043802.707404227810912 ], [ 8570966.744377192109823, 1043802.707404227810912 ] ] ] } },
{ "type": "Feature", "properties": { "raster_val": 525 }, "geometry": { "type": "Polygon", "coordinates": [ [ [ 8555834.519810568541288, 1043678.672776632593013 ], [ 8555834.519810568541288, 1043647.664119733730331 ], [ 8555958.554438164457679, 1043647.664119733730331 ], [ 8555958.554438164457679, 1043430.603521442040801 ], [ 8556082.589065758511424, 1043430.603521442040801 ], [ 8556082.589065758511424, 1043461.612178340787068 ], [ 8555989.563095062971115, 1043461.612178340787068 ], [ 8555989.563095062971115, 1043678.672776632593013 ], [ 8555834.519810568541288, 1043678.672776632593013 ] ] ] } },
{ "type": "Feature", "properties": { "raster_val": 526 }, "geometry": { "type": "Polygon", "coordinates": [ [ [ 8565695.272704392671585, 1043678.672776632593013 ], [ 8565695.272704392671585, 1043523.629492138512433 ], [ 8565819.307331988587976, 1043523.629492138512433 ], [ 8565819.307331988587976, 1043430.603521442040801 ], [ 8565943.341959584504366, 1043430.603521442040801 ], [ 8565943.341959584504366, 1043461.612178340787068 ], [ 8565850.315988887101412, 1043461.612178340787068 ], [ 8565850.315988887101412, 1043554.6381490372587 ], [ 8565726.281361291185021, 1043554.6381490372587 ], [ 8565726.281361291185021, 1043678.672776632593013 ], [ 8565695.272704392671585, 1043678.672776632593013 ] ] ] } },
{ "type": "Feature", "properties": { "raster_val": 527 }, "geometry": { "type": "Polygon", "coordinates": [ [ [ 8566284.437185470014811, 1043678.672776632593013 ], [ 8566377.463156167417765, 1043678.672776632593013 ], [ 8566377.463156167417765, 1043647.664119733730331 ], [ 8566315.445842370390892, 1043647.664119733730331 ], [ 8566315.445842370390892, 1043523.629492138512433 ], [ 8566160.402557875961065, 1043523.629492138512433 ], [ 8566160.402557875961065, 1043430.603521442040801 ], [ 8566129.393900977447629, 1043430.603521442040801 ], [ 8566129.393900977447629, 1043554.6381490372587 ], [ 8566284.437185470014811, 1043554.6381490372587 ], [ 8566284.437185470014811, 1043678.672776632593013 ] ] ] } },
{ "type": "Feature", "properties": { "raster_val": 528 }, "geometry": { "type": "Polygon", "coordinates": [ [ [ 8571245.82228928245604, 1043616.655462834867649 ], [ 8571276.830946180969477, 1043616.655462834867649 ], [ 8571276.830946180969477, 1043523.629492138512433 ], [ 8570997.75303409062326, 1043523.629492138512433 ], [ 8570997.75303409062326, 1043430.603521442040801 ], [ 8570966.744377192109823, 1043430.603521442040801 ], [ 8570966.744377192109823, 1043554.6381490372587 ], [ 8571245.82228928245604, 1043554.6381490372587 ], [ 8571245.82228928245604, 1043616.655462834867649 ] ] ] } },
{ "type": "Feature", "properties": { "raster_val": 531 }, "geometry": { "type": "Polygon", "coordinates": [ [ [ 8565943.341959584504366, 1043461.612178340787068 ], [ 8565943.341959584504366, 1043430.603521442040801 ], [ 8566129.393900977447629, 1043430.603521442040801 ], [ 8566129.393900977447629, 1043461.612178340787068 ], [ 8565943.341959584504366, 1043461.612178340787068 ] ] ] } },
{ "type": "Feature", "properties": { "raster_val": 529 }, "geometry": { "type": "Polygon", "coordinates": [ [ [ 8556082.589065758511424, 1043554.6381490372587 ], [ 8556082.589065758511424, 1043430.603521442040801 ], [ 8556113.59772265702486, 1043430.603521442040801 ], [ 8556113.59772265702486, 1043523.629492138512433 ], [ 8556175.615036455914378, 1043523.629492138512433 ], [ 8556175.615036455914378, 1043430.603521442040801 ], [ 8556268.641007151454687, 1043430.603521442040801 ], [ 8556268.641007151454687, 1043368.586207644315436 ], [ 8556299.649664049968123, 1043368.586207644315436 ], [ 8556299.649664049968123, 1043461.612178340787068 ], [ 8556206.623693354427814, 1043461.612178340787068 ], [ 8556206.623693354427814, 1043554.6381490372587 ], [ 8556082.589065758511424, 1043554.6381490372587 ] ] ] } },
{ "type": "Feature", "properties": { "raster_val": 530 }, "geometry": { "type": "Polygon", "coordinates": [ [ [ 8556392.675634747371078, 1043461.612178340787068 ], [ 8556485.701605442911386, 1043461.612178340787068 ], [ 8556485.701605442911386, 1043368.586207644315436 ], [ 8556547.718919241800904, 1043368.586207644315436 ], [ 8556547.718919241800904, 1043337.57755074556917 ], [ 8556454.69294854439795, 1043337.57755074556917 ], [ 8556454.69294854439795, 1043430.603521442040801 ], [ 8556423.684291645884514, 1043430.603521442040801 ], [ 8556423.684291645884514, 1043337.57755074556917 ], [ 8556268.641007151454687, 1043337.57755074556917 ], [ 8556268.641007151454687, 1043368.586207644315436 ], [ 8556392.675634747371078, 1043368.586207644315436 ], [ 8556392.675634747371078, 1043461.612178340787068 ] ] ] } },
{ "type": "Feature", "properties": { "raster_val": 532 }, "geometry": { "type": "Polygon", "coordinates": [ [ [ 8570966.744377192109823, 1043430.603521442040801 ], [ 8570966.744377192109823, 1043120.516952453763224 ], [ 8571090.779004788026214, 1043120.516952453763224 ], [ 8571090.779004788026214, 1043089.508295555016957 ], [ 8571121.78766168653965, 1043089.508295555016957 ], [ 8571121.78766168653965, 1043151.525609352625906 ], [ 8570997.75303409062326, 1043151.525609352625906 ], [ 8570997.75303409062326, 1043430.603521442040801 ], [ 8570966.744377192109823, 1043430.603521442040801 ] ] ] } },
{ "type": "Feature", "properties": { "raster_val": 533 }, "geometry": { "type": "Polygon", "coordinates": [ [ [ 8556547.718919241800904, 1043368.586207644315436 ], [ 8556609.736233038827777, 1043368.586207644315436 ], [ 8556609.736233038827777, 1043213.542923150234856 ], [ 8556485.701605442911386, 1043213.542923150234856 ], [ 8556485.701605442911386, 1043151.525609352625906 ], [ 8556547.718919241800904, 1043151.525609352625906 ], [ 8556547.718919241800904, 1043120.516952453763224 ], [ 8556454.69294854439795, 1043120.516952453763224 ], [ 8556454.69294854439795, 1043244.551580049097538 ], [ 8556578.727576140314341, 1043244.551580049097538 ], [ 8556578.727576140314341, 1043337.57755074556917 ], [ 8556547.718919241800904, 1043337.57755074556917 ], [ 8556547.718919241800904, 1043368.586207644315436 ] ] ] } },
{ "type": "Feature", "properties": { "raster_val": 534 }, "geometry": { "type": "Polygon", "coordinates": [ [ [ 8559431.524010831490159, 1043244.551580049097538 ], [ 8559617.575952224433422, 1043244.551580049097538 ], [ 8559617.575952224433422, 1043213.542923150234856 ], [ 8559462.532667730003595, 1043213.542923150234856 ], [ 8559462.532667730003595, 1043151.525609352625906 ], [ 8559524.549981528893113, 1043151.525609352625906 ], [ 8559524.549981528893113, 1043120.516952453763224 ], [ 8559462.532667730003595, 1043120.516952453763224 ], [ 8559462.532667730003595, 1043058.499638656154275 ], [ 8559431.524010831490159, 1043058.499638656154275 ], [ 8559431.524010831490159, 1043120.516952453763224 ], [ 8559369.506697034463286, 1043120.516952453763224 ], [ 8559369.506697034463286, 1043151.525609352625906 ], [ 8559431.524010831490159, 1043151.525609352625906 ], [ 8559431.524010831490159, 1043244.551580049097538 ] ] ] } },
{ "type": "Feature", "properties": { "raster_val": 538 }, "geometry": { "type": "Polygon", "coordinates": [ [ [ 8559524.549981528893113, 1043151.525609352625906 ], [ 8559524.549981528893113, 1043120.516952453763224 ], [ 8559679.593266021460295, 1043120.516952453763224 ], [ 8559679.593266021460295, 1043151.525609352625906 ], [ 8559524.549981528893113, 1043151.525609352625906 ] ] ] } },
{ "type": "Feature", "properties": { "raster_val": 540 }, "geometry": { "type": "Polygon", "coordinates": [ [ [ 8560423.801031593233347, 1043151.525609352625906 ], [ 8560423.801031593233347, 1042903.456354162073694 ], [ 8560454.809688491746783, 1042903.456354162073694 ], [ 8560454.809688491746783, 1043120.516952453763224 ], [ 8560516.827002290636301, 1043120.516952453763224 ], [ 8560516.827002290636301, 1043058.499638656154275 ], [ 8560609.85297298617661, 1043058.499638656154275 ], [ 8560609.85297298617661, 1043089.508295555016957 ], [ 8560547.835659189149737, 1043089.508295555016957 ], [ 8560547.835659189149737, 1043151.525609352625906 ], [ 8560423.801031593233347, 1043151.525609352625906 ] ] ] } },
{ "type": "Feature", "properties": { "raster_val": 536 }, "geometry": { "type": "Polygon", "coordinates": [ [ [ 8556547.718919241800904, 1043151.525609352625906 ], [ 8556919.82280202768743, 1043151.525609352625906 ], [ 8556919.82280202768743, 1043058.499638656154275 ], [ 8556857.805488228797913, 1043058.499638656154275 ], [ 8556857.805488228797913, 1043089.508295555016957 ], [ 8556888.814145129173994, 1043089.508295555016957 ], [ 8556888.814145129173994, 1043120.516952453763224 ], [ 8556547.718919241800904, 1043120.516952453763224 ], [ 8556547.718919241800904, 1043151.525609352625906 ] ] ] } },
{ "type": "Feature", "properties": { "raster_val": 545 }, "geometry": { "type": "Polygon", "coordinates": [ [ [ 8557912.099822789430618, 1043089.508295555016957 ], [ 8557912.099822789430618, 1042903.456354162073694 ], [ 8558005.125793484970927, 1042903.456354162073694 ], [ 8558005.125793484970927, 1042934.465011060819961 ], [ 8557943.108479687944055, 1042934.465011060819961 ], [ 8557943.108479687944055, 1043058.499638656154275 ], [ 8558098.151764182373881, 1043058.499638656154275 ], [ 8558098.151764182373881, 1043027.490981757291593 ], [ 8558129.160421080887318, 1043027.490981757291593 ], [ 8558129.160421080887318, 1043089.508295555016957 ], [ 8557912.099822789430618, 1043089.508295555016957 ] ] ] } },
{ "type": "Feature", "properties": { "raster_val": 537 }, "geometry": { "type": "Polygon", "coordinates": [ [ [ 8559214.46341254003346, 1043151.525609352625906 ], [ 8559369.506697034463286, 1043151.525609352625906 ], [ 8559369.506697034463286, 1043120.516952453763224 ], [ 8559245.472069438546896, 1043120.516952453763224 ], [ 8559245.472069438546896, 1043058.499638656154275 ], [ 8559152.446098743006587, 1043058.499638656154275 ], [ 8559152.446098743006587, 1042903.456354162073694 ], [ 8559121.437441842630506, 1042903.456354162073694 ], [ 8559121.437441842630506, 1043089.508295555016957 ], [ 8559214.46341254003346, 1043089.508295555016957 ], [ 8559214.46341254003346, 1043151.525609352625906 ] ] ] } },
{ "type": "Feature", "properties": { "raster_val": 546 }, "geometry": { "type": "Polygon", "coordinates": [ [ [ 8559462.532667730003595, 1043089.508295555016957 ], [ 8559462.532667730003595, 1043058.499638656154275 ], [ 8559710.601922921836376, 1043058.499638656154275 ], [ 8559710.601922921836376, 1043089.508295555016957 ], [ 8559462.532667730003595, 1043089.508295555016957 ] ] ] } },
{ "type": "Feature", "properties": { "raster_val": 535 }, "geometry": { "type": "Polygon", "coordinates": [ [ [ 8559617.575952224433422, 1043244.551580049097538 ], [ 8559772.619236718863249, 1043244.551580049097538 ], [ 8559772.619236718863249, 1043151.525609352625906 ], [ 8559834.636550515890121, 1043151.525609352625906 ], [ 8559834.636550515890121, 1043120.516952453763224 ], [ 8559772.619236718863249, 1043120.516952453763224 ], [ 8559772.619236718863249, 1043058.499638656154275 ], [ 8559710.601922921836376, 1043058.499638656154275 ], [ 8559710.601922921836376, 1043089.508295555016957 ], [ 8559741.610579820349813, 1043089.508295555016957 ], [ 8559741.610579820349813, 1043120.516952453763224 ], [ 8559679.593266021460295, 1043120.516952453763224 ], [ 8559679.593266021460295, 1043151.525609352625906 ], [ 8559741.610579820349813, 1043151.525609352625906 ], [ 8559741.610579820349813, 1043213.542923150234856 ], [ 8559617.575952224433422, 1043213.542923150234856 ], [ 8559617.575952224433422, 1043244.551580049097538 ] ] ] } },
{ "type": "Feature", "properties": { "raster_val": 541 }, "geometry": { "type": "Polygon", "coordinates": [ [ [ 8571152.796318585053086, 1043151.525609352625906 ], [ 8571276.830946180969477, 1043151.525609352625906 ], [ 8571276.830946180969477, 1043089.508295555016957 ], [ 8571431.874230675399303, 1043089.508295555016957 ], [ 8571431.874230675399303, 1043058.499638656154275 ], [ 8571245.82228928245604, 1043058.499638656154275 ], [ 8571245.82228928245604, 1043120.516952453763224 ], [ 8571183.804975483566523, 1043120.516952453763224 ], [ 8571183.804975483566523, 1043058.499638656154275 ], [ 8571090.779004788026214, 1043058.499638656154275 ], [ 8571090.779004788026214, 1043089.508295555016957 ], [ 8571152.796318585053086, 1043089.508295555016957 ], [ 8571152.796318585053086, 1043151.525609352625906 ] ] ] } },
{ "type": "Feature", "properties": { "raster_val": 549 }, "geometry": { "type": "Polygon", "coordinates": [ [ [ 8571431.874230675399303, 1043089.508295555016957 ], [ 8571431.874230675399303, 1043058.499638656154275 ], [ 8571462.88288757391274, 1043058.499638656154275 ], [ 8571462.88288757391274, 1042903.456354162073694 ], [ 8571586.91751516982913, 1042903.456354162073694 ], [ 8571586.91751516982913, 1043089.508295555016957 ], [ 8571555.908858269453049, 1043089.508295555016957 ], [ 8571555.908858269453049, 1042934.465011060819961 ], [ 8571493.891544472426176, 1042934.465011060819961 ], [ 8571493.891544472426176, 1043089.508295555016957 ], [ 8571431.874230675399303, 1043089.508295555016957 ] ] ] } },
{ "type": "Feature", "properties": { "raster_val": 550 }, "geometry": { "type": "Polygon", "coordinates": [ [ [ 8571586.91751516982913, 1043089.508295555016957 ], [ 8571586.91751516982913, 1043058.499638656154275 ], [ 8571617.926172068342566, 1043058.499638656154275 ], [ 8571617.926172068342566, 1043089.508295555016957 ], [ 8571586.91751516982913, 1043089.508295555016957 ] ] ] } },
{ "type": "Feature", "properties": { "raster_val": 542 }, "geometry": { "type": "Polygon", "coordinates": [ [ [ 8571772.969456562772393, 1043151.525609352625906 ], [ 8572021.038711752742529, 1043151.525609352625906 ], [ 8572021.038711752742529, 1043120.516952453763224 ], [ 8571803.97811346128583, 1043120.516952453763224 ], [ 8571803.97811346128583, 1043058.499638656154275 ], [ 8571617.926172068342566, 1043058.499638656154275 ], [ 8571617.926172068342566, 1043089.508295555016957 ], [ 8571772.969456562772393, 1043089.508295555016957 ], [ 8571772.969456562772393, 1043151.525609352625906 ] ] ] } },
{ "type": "Feature", "properties": { "raster_val": 551 }, "geometry": { "type": "Polygon", "coordinates": [ [ [ 8558098.151764182373881, 1043027.490981757291593 ], [ 8558098.151764182373881, 1042903.456354162073694 ], [ 8558470.255646968260407, 1042903.456354162073694 ], [ 8558470.255646968260407, 1042934.465011060819961 ], [ 8558129.160421080887318, 1042934.465011060819961 ], [ 8558129.160421080887318, 1043027.490981757291593 ], [ 8558098.151764182373881, 1043027.490981757291593 ] ] ] } },
{ "type": "Feature", "properties": { "raster_val": 554 }, "geometry": { "type": "Polygon", "coordinates": [ [ [ 8558749.333559056743979, 1042934.465011060819961 ], [ 8558749.333559056743979, 1042903.456354162073694 ], [ 8559121.437441842630506, 1042903.456354162073694 ], [ 8559121.437441842630506, 1042934.465011060819961 ], [ 8558749.333559056743979, 1042934.465011060819961 ] ] ] } },
{ "type": "Feature", "properties": { "raster_val": 543 }, "geometry": { "type": "Polygon", "coordinates": [ [ [ 8571990.030054854229093, 1043120.516952453763224 ], [ 8571990.030054854229093, 1042655.387098971521482 ], [ 8572021.038711752742529, 1042655.387098971521482 ], [ 8572021.038711752742529, 1043120.516952453763224 ], [ 8571990.030054854229093, 1043120.516952453763224 ] ] ] } },
{ "type": "Feature", "properties": { "raster_val": 544 }, "geometry": { "type": "Polygon", "coordinates": [ [ [ 8556764.779517533257604, 1043089.508295555016957 ], [ 8556764.779517533257604, 1042903.456354162073694 ], [ 8556888.814145129173994, 1042903.456354162073694 ], [ 8556888.814145129173994, 1042810.430383465602063 ], [ 8556919.82280202768743, 1042810.430383465602063 ], [ 8556919.82280202768743, 1042934.465011060819961 ], [ 8556795.78817443177104, 1042934.465011060819961 ], [ 8556795.78817443177104, 1043058.499638656154275 ], [ 8556857.805488228797913, 1043058.499638656154275 ], [ 8556857.805488228797913, 1043089.508295555016957 ], [ 8556764.779517533257604, 1043089.508295555016957 ] ] ] } },
{ "type": "Feature", "properties": { "raster_val": 539 }, "geometry": { "type": "Polygon", "coordinates": [ [ [ 8559834.636550515890121, 1043151.525609352625906 ], [ 8559958.671178111806512, 1043151.525609352625906 ], [ 8559958.671178111806512, 1043058.499638656154275 ], [ 8559865.645207414403558, 1043058.499638656154275 ], [ 8559865.645207414403558, 1042872.447697263211012 ], [ 8559834.636550515890121, 1042872.447697263211012 ], [ 8559834.636550515890121, 1043089.508295555016957 ], [ 8559927.662521213293076, 1043089.508295555016957 ], [ 8559927.662521213293076, 1043120.516952453763224 ], [ 8559834.636550515890121, 1043120.516952453763224 ], [ 8559834.636550515890121, 1043151.525609352625906 ] ] ] } },
{ "type": "Feature", "properties": { "raster_val": 547 }, "geometry": { "type": "Polygon", "coordinates": [ [ [ 8560609.85297298617661, 1043089.508295555016957 ], [ 8560609.85297298617661, 1043058.499638656154275 ], [ 8560640.861629884690046, 1043058.499638656154275 ], [ 8560640.861629884690046, 1042903.456354162073694 ], [ 8560733.887600582093, 1042903.456354162073694 ], [ 8560733.887600582093, 1042810.430383465602063 ], [ 8560826.913571277633309, 1042810.430383465602063 ], [ 8560826.913571277633309, 1042841.43904036434833 ], [ 8560764.896257480606437, 1042841.43904036434833 ], [ 8560764.896257480606437, 1042934.465011060819961 ], [ 8560671.870286785066128, 1042934.465011060819961 ], [ 8560671.870286785066128, 1043089.508295555016957 ], [ 8560609.85297298617661, 1043089.508295555016957 ] ] ] } },
{ "type": "Feature", "properties": { "raster_val": 548 }, "geometry": { "type": "Polygon", "coordinates": [ [ [ 8560826.913571277633309, 1043089.508295555016957 ], [ 8560826.913571277633309, 1042841.43904036434833 ], [ 8560857.922228178009391, 1042841.43904036434833 ], [ 8560857.922228178009391, 1043058.499638656154275 ], [ 8560950.9481988735497, 1043058.499638656154275 ], [ 8560950.9481988735497, 1042965.473667959682643 ], [ 8560981.956855772063136, 1042965.473667959682643 ], [ 8560981.956855772063136, 1043089.508295555016957 ], [ 8560826.913571277633309, 1043089.508295555016957 ] ] ] } },
{ "type": "Feature", "properties": { "raster_val": 553 }, "geometry": { "type": "Polygon", "coordinates": [ [ [ 8558470.255646968260407, 1042934.465011060819961 ], [ 8558470.255646968260407, 1042903.456354162073694 ], [ 8558594.290274564176798, 1042903.456354162073694 ], [ 8558594.290274564176798, 1042810.430383465602063 ], [ 8558718.324902158230543, 1042810.430383465602063 ], [ 8558718.324902158230543, 1042903.456354162073694 ], [ 8558749.333559056743979, 1042903.456354162073694 ], [ 8558749.333559056743979, 1042934.465011060819961 ], [ 8558687.316245259717107, 1042934.465011060819961 ], [ 8558687.316245259717107, 1042841.43904036434833 ], [ 8558625.298931462690234, 1042841.43904036434833 ], [ 8558625.298931462690234, 1042934.465011060819961 ], [ 8558470.255646968260407, 1042934.465011060819961 ] ] ] } },
{ "type": "Feature", "properties": { "raster_val": 555 }, "geometry": { "type": "Polygon", "coordinates": [ [ [ 8560361.783717796206474, 1042934.465011060819961 ], [ 8560361.783717796206474, 1042748.413069667993113 ], [ 8560516.827002290636301, 1042748.413069667993113 ], [ 8560516.827002290636301, 1042655.387098971521482 ], [ 8560547.835659189149737, 1042655.387098971521482 ], [ 8560547.835659189149737, 1042779.42172656673938 ], [ 8560392.792374694719911, 1042779.42172656673938 ], [ 8560392.792374694719911, 1042903.456354162073694 ], [ 8560423.801031593233347, 1042903.456354162073694 ], [ 8560423.801031593233347, 1042934.465011060819961 ], [ 8560361.783717796206474, 1042934.465011060819961 ] ] ] } },
{ "type": "Feature", "properties": { "raster_val": 557 }, "geometry": { "type": "Polygon", "coordinates": [ [ [ 8561509.104023052379489, 1042934.465011060819961 ], [ 8561509.104023052379489, 1042903.456354162073694 ], [ 8561571.121336849406362, 1042903.456354162073694 ], [ 8561571.121336849406362, 1042810.430383465602063 ], [ 8561726.164621343836188, 1042810.430383465602063 ], [ 8561726.164621343836188, 1042748.413069667993113 ], [ 8561819.190592041239142, 1042748.413069667993113 ], [ 8561819.190592041239142, 1042779.42172656673938 ], [ 8561757.173278242349625, 1042779.42172656673938 ], [ 8561757.173278242349625, 1042841.43904036434833 ], [ 8561602.129993749782443, 1042841.43904036434833 ], [ 8561602.129993749782443, 1042934.465011060819961 ], [ 8561509.104023052379489, 1042934.465011060819961 ] ] ] } },
{ "type": "Feature", "properties": { "raster_val": 561 }, "geometry": { "type": "Polygon", "coordinates": [ [ [ 8560826.913571277633309, 1042841.43904036434833 ], [ 8560826.913571277633309, 1042810.430383465602063 ], [ 8560857.922228178009391, 1042810.430383465602063 ], [ 8560857.922228178009391, 1042841.43904036434833 ], [ 8560826.913571277633309, 1042841.43904036434833 ] ] ] } },
{ "type": "Feature", "properties": { "raster_val": 552 }, "geometry": { "type": "Polygon", "coordinates": [ [ [ 8560950.9481988735497, 1042965.473667959682643 ], [ 8560981.956855772063136, 1042965.473667959682643 ], [ 8560981.956855772063136, 1042934.465011060819961 ], [ 8561074.98282646946609, 1042934.465011060819961 ], [ 8561074.98282646946609, 1042810.430383465602063 ], [ 8560981.956855772063136, 1042810.430383465602063 ], [ 8560981.956855772063136, 1042779.42172656673938 ], [ 8561043.974169570952654, 1042779.42172656673938 ], [ 8561043.974169570952654, 1042748.413069667993113 ], [ 8560950.9481988735497, 1042748.413069667993113 ], [ 8560950.9481988735497, 1042841.43904036434833 ], [ 8561043.974169570952654, 1042841.43904036434833 ], [ 8561043.974169570952654, 1042903.456354162073694 ], [ 8560950.9481988735497, 1042903.456354162073694 ], [ 8560950.9481988735497, 1042965.473667959682643 ] ] ] } },
{ "type": "Feature", "properties": { "raster_val": 556 }, "geometry": { "type": "Polygon", "coordinates": [ [ [ 8561261.034767862409353, 1042934.465011060819961 ], [ 8561509.104023052379489, 1042934.465011060819961 ], [ 8561509.104023052379489, 1042903.456354162073694 ], [ 8561292.04342476092279, 1042903.456354162073694 ], [ 8561292.04342476092279, 1042810.430383465602063 ], [ 8561137.000140266492963, 1042810.430383465602063 ], [ 8561137.000140266492963, 1042841.43904036434833 ], [ 8561261.034767862409353, 1042841.43904036434833 ], [ 8561261.034767862409353, 1042934.465011060819961 ] ] ] } },
{ "type": "Feature", "properties": { "raster_val": 562 }, "geometry": { "type": "Polygon", "coordinates": [ [ [ 8561137.000140266492963, 1042810.430383465602063 ], [ 8561168.008797165006399, 1042810.430383465602063 ], [ 8561168.008797165006399, 1042748.413069667993113 ], [ 8561043.974169570952654, 1042748.413069667993113 ], [ 8561043.974169570952654, 1042779.42172656673938 ], [ 8561137.000140266492963, 1042779.42172656673938 ], [ 8561137.000140266492963, 1042810.430383465602063 ] ] ] } },
{ "type": "Feature", "properties": { "raster_val": 563 }, "geometry": { "type": "Polygon", "coordinates": [ [ [ 8561819.190592041239142, 1042779.42172656673938 ], [ 8561819.190592041239142, 1042748.413069667993113 ], [ 8561881.207905838266015, 1042748.413069667993113 ], [ 8561881.207905838266015, 1042655.387098971521482 ], [ 8562005.242533434182405, 1042655.387098971521482 ], [ 8562005.242533434182405, 1042748.413069667993113 ], [ 8562036.251190332695842, 1042748.413069667993113 ], [ 8562036.251190332695842, 1042717.404412769130431 ], [ 8562067.259847231209278, 1042717.404412769130431 ], [ 8562067.259847231209278, 1042779.42172656673938 ], [ 8561974.233876535668969, 1042779.42172656673938 ], [ 8561974.233876535668969, 1042686.395755870267749 ], [ 8561912.216562736779451, 1042686.395755870267749 ], [ 8561912.216562736779451, 1042779.42172656673938 ], [ 8561819.190592041239142, 1042779.42172656673938 ] ] ] } },
{ "type": "Feature", "properties": { "raster_val": 566 }, "geometry": { "type": "Polygon", "coordinates": [ [ [ 8562036.251190332695842, 1042717.404412769130431 ], [ 8562036.251190332695842, 1042686.395755870267749 ], [ 8562067.259847231209278, 1042686.395755870267749 ], [ 8562067.259847231209278, 1042717.404412769130431 ], [ 8562036.251190332695842, 1042717.404412769130431 ] ] ] } },
{ "type": "Feature", "properties": { "raster_val": 560 }, "geometry": { "type": "Polygon", "coordinates": [ [ [ 8556764.779517533257604, 1042841.43904036434833 ], [ 8556888.814145129173994, 1042841.43904036434833 ], [ 8556888.814145129173994, 1042810.430383465602063 ], [ 8556795.78817443177104, 1042810.430383465602063 ], [ 8556795.78817443177104, 1042779.42172656673938 ], [ 8556919.82280202768743, 1042779.42172656673938 ], [ 8556919.82280202768743, 1042655.387098971521482 ], [ 8556826.796831330284476, 1042655.387098971521482 ], [ 8556826.796831330284476, 1042686.395755870267749 ], [ 8556888.814145129173994, 1042686.395755870267749 ], [ 8556888.814145129173994, 1042748.413069667993113 ], [ 8556764.779517533257604, 1042748.413069667993113 ], [ 8556764.779517533257604, 1042841.43904036434833 ] ] ] } },
{ "type": "Feature", "properties": { "raster_val": 559 }, "geometry": { "type": "Polygon", "coordinates": [ [ [ 8559834.636550515890121, 1042872.447697263211012 ], [ 8559865.645207414403558, 1042872.447697263211012 ], [ 8559865.645207414403558, 1042779.42172656673938 ], [ 8559958.671178111806512, 1042779.42172656673938 ], [ 8559958.671178111806512, 1042655.387098971521482 ], [ 8559772.619236718863249, 1042655.387098971521482 ], [ 8559772.619236718863249, 1042686.395755870267749 ], [ 8559927.662521213293076, 1042686.395755870267749 ], [ 8559927.662521213293076, 1042748.413069667993113 ], [ 8559834.636550515890121, 1042748.413069667993113 ], [ 8559834.636550515890121, 1042872.447697263211012 ] ] ] } },
{ "type": "Feature", "properties": { "raster_val": 564 }, "geometry": { "type": "Polygon", "coordinates": [ [ [ 8562160.285817928612232, 1042779.42172656673938 ], [ 8562408.355073118582368, 1042779.42172656673938 ], [ 8562408.355073118582368, 1042748.413069667993113 ], [ 8562191.294474827125669, 1042748.413069667993113 ], [ 8562191.294474827125669, 1042655.387098971521482 ], [ 8562036.251190332695842, 1042655.387098971521482 ], [ 8562036.251190332695842, 1042686.395755870267749 ], [ 8562160.285817928612232, 1042686.395755870267749 ], [ 8562160.285817928612232, 1042779.42172656673938 ] ] ] } },
{ "type": "Feature", "properties": { "raster_val": 558 }, "geometry": { "type": "Polygon", "coordinates": [ [ [ 8557974.117136586457491, 1042903.456354162073694 ], [ 8558005.125793484970927, 1042903.456354162073694 ], [ 8558005.125793484970927, 1042748.413069667993113 ], [ 8557943.108479687944055, 1042748.413069667993113 ], [ 8557943.108479687944055, 1042500.343814477324486 ], [ 8557912.099822789430618, 1042500.343814477324486 ], [ 8557912.099822789430618, 1042779.42172656673938 ], [ 8557974.117136586457491, 1042779.42172656673938 ], [ 8557974.117136586457491, 1042903.456354162073694 ] ] ] } },
{ "type": "Feature", "properties": { "raster_val": 565 }, "geometry": { "type": "Polygon", "coordinates": [ [ [ 8562408.355073118582368, 1042779.42172656673938 ], [ 8562408.355073118582368, 1042748.413069667993113 ], [ 8562563.398357613012195, 1042748.413069667993113 ], [ 8562563.398357613012195, 1042655.387098971521482 ], [ 8562656.424328308552504, 1042655.387098971521482 ], [ 8562656.424328308552504, 1042562.36112827504985 ], [ 8562687.43298520706594, 1042562.36112827504985 ], [ 8562687.43298520706594, 1042686.395755870267749 ], [ 8562594.407014511525631, 1042686.395755870267749 ], [ 8562594.407014511525631, 1042779.42172656673938 ], [ 8562408.355073118582368, 1042779.42172656673938 ] ] ] } },
{ "type": "Feature", "properties": { "raster_val": 567 }, "geometry": { "type": "Polygon", "coordinates": [ [ [ 8556578.727576140314341, 1042686.395755870267749 ], [ 8556578.727576140314341, 1042438.326500679715537 ], [ 8556609.736233038827777, 1042438.326500679715537 ], [ 8556609.736233038827777, 1042655.387098971521482 ], [ 8556826.796831330284476, 1042655.387098971521482 ], [ 8556826.796831330284476, 1042686.395755870267749 ], [ 8556578.727576140314341, 1042686.395755870267749 ] ] ] } },
{ "type": "Feature", "properties": { "raster_val": 571 }, "geometry": { "type": "Polygon", "coordinates": [ [ [ 8562656.424328308552504, 1042562.36112827504985 ], [ 8562656.424328308552504, 1042500.343814477324486 ], [ 8563090.545524891465902, 1042500.343814477324486 ], [ 8563090.545524891465902, 1042531.352471376187168 ], [ 8562687.43298520706594, 1042531.352471376187168 ], [ 8562687.43298520706594, 1042562.36112827504985 ], [ 8562656.424328308552504, 1042562.36112827504985 ] ] ] } },
{ "type": "Feature", "properties": { "raster_val": 568 }, "geometry": { "type": "Polygon", "coordinates": [ [ [ 8559741.610579820349813, 1042686.395755870267749 ], [ 8559772.619236718863249, 1042686.395755870267749 ], [ 8559772.619236718863249, 1042531.352471376187168 ], [ 8559865.645207414403558, 1042531.352471376187168 ], [ 8559865.645207414403558, 1042438.326500679715537 ], [ 8559772.619236718863249, 1042438.326500679715537 ], [ 8559772.619236718863249, 1042407.31784378096927 ], [ 8559741.610579820349813, 1042407.31784378096927 ], [ 8559741.610579820349813, 1042469.335157578578219 ], [ 8559834.636550515890121, 1042469.335157578578219 ], [ 8559834.636550515890121, 1042500.343814477324486 ], [ 8559741.610579820349813, 1042500.343814477324486 ], [ 8559741.610579820349813, 1042686.395755870267749 ] ] ] } },
{ "type": "Feature", "properties": { "raster_val": 569 }, "geometry": { "type": "Polygon", "coordinates": [ [ [ 8560423.801031593233347, 1042686.395755870267749 ], [ 8560423.801031593233347, 1042283.283216185634956 ], [ 8560454.809688491746783, 1042283.283216185634956 ], [ 8560454.809688491746783, 1042655.387098971521482 ], [ 8560516.827002290636301, 1042655.387098971521482 ], [ 8560516.827002290636301, 1042686.395755870267749 ], [ 8560423.801031593233347, 1042686.395755870267749 ] ] ] } },
{ "type": "Feature", "properties": { "raster_val": 570 }, "geometry": { "type": "Polygon", "coordinates": [ [ [ 8571990.030054854229093, 1042655.387098971521482 ], [ 8571990.030054854229093, 1042438.326500679715537 ], [ 8572083.056025549769402, 1042438.326500679715537 ], [ 8572083.056025549769402, 1042345.300529983243905 ], [ 8572176.081996247172356, 1042345.300529983243905 ], [ 8572176.081996247172356, 1042376.309186882106587 ], [ 8572114.064682448282838, 1042376.309186882106587 ], [ 8572114.064682448282838, 1042469.335157578578219 ], [ 8572021.038711752742529, 1042469.335157578578219 ], [ 8572021.038711752742529, 1042655.387098971521482 ], [ 8571990.030054854229093, 1042655.387098971521482 ] ] ] } },
{ "type": "Feature", "properties": { "raster_val": 572 }, "geometry": { "type": "Polygon", "coordinates": [ [ [ 8563090.545524891465902, 1042531.352471376187168 ], [ 8563090.545524891465902, 1042438.326500679715537 ], [ 8563183.571495588868856, 1042438.326500679715537 ], [ 8563183.571495588868856, 1042159.248588590300642 ], [ 8563214.580152487382293, 1042159.248588590300642 ], [ 8563214.580152487382293, 1042469.335157578578219 ], [ 8563121.554181791841984, 1042469.335157578578219 ], [ 8563121.554181791841984, 1042531.352471376187168 ], [ 8563090.545524891465902, 1042531.352471376187168 ] ] ] } },
{ "type": "Feature", "properties": { "raster_val": 574 }, "geometry": { "type": "Polygon", "coordinates": [ [ [ 8556609.736233038827777, 1042469.335157578578219 ], [ 8556609.736233038827777, 1042438.326500679715537 ], [ 8556764.779517533257604, 1042438.326500679715537 ], [ 8556764.779517533257604, 1042345.300529983243905 ], [ 8556981.840115824714303, 1042345.300529983243905 ], [ 8556981.840115824714303, 1042376.309186882106587 ], [ 8556795.78817443177104, 1042376.309186882106587 ], [ 8556795.78817443177104, 1042469.335157578578219 ], [ 8556609.736233038827777, 1042469.335157578578219 ] ] ] } },
{ "type": "Feature", "properties": { "raster_val": 575 }, "geometry": { "type": "Polygon", "coordinates": [ [ [ 8559741.610579820349813, 1042407.31784378096927 ], [ 8559741.610579820349813, 1042345.300529983243905 ], [ 8559834.636550515890121, 1042345.300529983243905 ], [ 8559834.636550515890121, 1042221.265902388026007 ], [ 8560051.697148807346821, 1042221.265902388026007 ], [ 8560051.697148807346821, 1042252.274559286772273 ], [ 8559865.645207414403558, 1042252.274559286772273 ], [ 8559865.645207414403558, 1042376.309186882106587 ], [ 8559772.619236718863249, 1042376.309186882106587 ], [ 8559772.619236718863249, 1042407.31784378096927 ], [ 8559741.610579820349813, 1042407.31784378096927 ] ] ] } },
{ "type": "Feature", "properties": { "raster_val": 577 }, "geometry": { "type": "Polygon", "coordinates": [ [ [ 8570036.484670227393508, 1042376.309186882106587 ], [ 8570036.484670227393508, 1042221.265902388026007 ], [ 8570160.519297823309898, 1042221.265902388026007 ], [ 8570160.519297823309898, 1042252.274559286772273 ], [ 8570067.493327125906944, 1042252.274559286772273 ], [ 8570067.493327125906944, 1042345.300529983243905 ], [ 8570284.553925419226289, 1042345.300529983243905 ], [ 8570284.553925419226289, 1042376.309186882106587 ], [ 8570036.484670227393508, 1042376.309186882106587 ] ] ] } },
{ "type": "Feature", "properties": { "raster_val": 578 }, "geometry": { "type": "Polygon", "coordinates": [ [ [ 8570284.553925419226289, 1042376.309186882106587 ], [ 8570284.553925419226289, 1042345.300529983243905 ], [ 8570749.683778900653124, 1042345.300529983243905 ], [ 8570749.683778900653124, 1042376.309186882106587 ], [ 8570284.553925419226289, 1042376.309186882106587 ] ] ] } },
{ "type": "Feature", "properties": { "raster_val": 579 }, "geometry": { "type": "Polygon", "coordinates": [ [ [ 8570749.683778900653124, 1042376.309186882106587 ], [ 8570749.683778900653124, 1042345.300529983243905 ], [ 8570966.744377192109823, 1042345.300529983243905 ], [ 8570966.744377192109823, 1042221.265902388026007 ], [ 8571090.779004788026214, 1042221.265902388026007 ], [ 8571090.779004788026214, 1042252.274559286772273 ], [ 8570997.75303409062326, 1042252.274559286772273 ], [ 8570997.75303409062326, 1042376.309186882106587 ], [ 8570749.683778900653124, 1042376.309186882106587 ] ] ] } },
{ "type": "Feature", "properties": { "raster_val": 573 }, "geometry": { "type": "Polygon", "coordinates": [ [ [ 8557912.099822789430618, 1042500.343814477324486 ], [ 8557943.108479687944055, 1042500.343814477324486 ], [ 8557943.108479687944055, 1042221.265902388026007 ], [ 8557819.073852092027664, 1042221.265902388026007 ], [ 8557819.073852092027664, 1042159.248588590300642 ], [ 8557788.065195193514228, 1042159.248588590300642 ], [ 8557788.065195193514228, 1042252.274559286772273 ], [ 8557912.099822789430618, 1042252.274559286772273 ], [ 8557912.099822789430618, 1042500.343814477324486 ] ] ] } },
{ "type": "Feature", "properties": { "raster_val": 576 }, "geometry": { "type": "Polygon", "coordinates": [ [ [ 8556981.840115824714303, 1042376.309186882106587 ], [ 8556981.840115824714303, 1042345.300529983243905 ], [ 8557012.848772723227739, 1042345.300529983243905 ], [ 8557012.848772723227739, 1042221.265902388026007 ], [ 8557074.866086522117257, 1042221.265902388026007 ], [ 8557074.866086522117257, 1042035.213960995082743 ], [ 8557136.88340031914413, 1042035.213960995082743 ], [ 8557136.88340031914413, 1042066.222617893945426 ], [ 8557105.874743420630693, 1042066.222617893945426 ], [ 8557105.874743420630693, 1042252.274559286772273 ], [ 8557043.857429621741176, 1042252.274559286772273 ], [ 8557043.857429621741176, 1042376.309186882106587 ], [ 8556981.840115824714303, 1042376.309186882106587 ] ] ] } },
{ "type": "Feature", "properties": { "raster_val": 580 }, "geometry": { "type": "Polygon", "coordinates": [ [ [ 8572176.081996247172356, 1042376.309186882106587 ], [ 8572176.081996247172356, 1042345.300529983243905 ], [ 8572300.116623841226101, 1042345.300529983243905 ], [ 8572300.116623841226101, 1042035.213960995082743 ], [ 8572331.125280741602182, 1042035.213960995082743 ], [ 8572331.125280741602182, 1042376.309186882106587 ], [ 8572176.081996247172356, 1042376.309186882106587 ] ] ] } },
{ "type": "Feature", "properties": { "raster_val": 582 }, "geometry": { "type": "Polygon", "coordinates": [ [ [ 8560051.697148807346821, 1042252.274559286772273 ], [ 8560051.697148807346821, 1041911.17933339974843 ], [ 8560206.740433301776648, 1041911.17933339974843 ], [ 8560206.740433301776648, 1041942.187990298611112 ], [ 8560082.705805705860257, 1041942.187990298611112 ], [ 8560082.705805705860257, 1042252.274559286772273 ], [ 8560051.697148807346821, 1042252.274559286772273 ] ] ] } },
{ "type": "Feature", "properties": { "raster_val": 581 }, "geometry": { "type": "Polygon", "coordinates": [ [ [ 8560423.801031593233347, 1042283.283216185634956 ], [ 8560454.809688491746783, 1042283.283216185634956 ], [ 8560454.809688491746783, 1042221.265902388026007 ], [ 8560237.749090200290084, 1042221.265902388026007 ], [ 8560237.749090200290084, 1042159.248588590300642 ], [ 8560330.775060897693038, 1042159.248588590300642 ], [ 8560330.775060897693038, 1042128.239931691554375 ], [ 8560206.740433301776648, 1042128.239931691554375 ], [ 8560206.740433301776648, 1042252.274559286772273 ], [ 8560423.801031593233347, 1042252.274559286772273 ], [ 8560423.801031593233347, 1042283.283216185634956 ] ] ] } },
{ "type": "Feature", "properties": { "raster_val": 583 }, "geometry": { "type": "Polygon", "coordinates": [ [ [ 8570160.519297823309898, 1042252.274559286772273 ], [ 8570160.519297823309898, 1042221.265902388026007 ], [ 8570470.605866812169552, 1042221.265902388026007 ], [ 8570470.605866812169552, 1042097.231274792691693 ], [ 8570501.614523710682988, 1042097.231274792691693 ], [ 8570501.614523710682988, 1042252.274559286772273 ], [ 8570160.519297823309898, 1042252.274559286772273 ] ] ] } },
{ "type": "Feature", "properties": { "raster_val": 584 }, "geometry": { "type": "Polygon", "coordinates": [ [ [ 8571090.779004788026214, 1042252.274559286772273 ], [ 8571090.779004788026214, 1042128.239931691554375 ], [ 8571245.82228928245604, 1042128.239931691554375 ], [ 8571245.82228928245604, 1042035.213960995082743 ], [ 8571369.856916876509786, 1042035.213960995082743 ], [ 8571369.856916876509786, 1042066.222617893945426 ], [ 8571276.830946180969477, 1042066.222617893945426 ], [ 8571276.830946180969477, 1042159.248588590300642 ], [ 8571121.78766168653965, 1042159.248588590300642 ], [ 8571121.78766168653965, 1042252.274559286772273 ], [ 8571090.779004788026214, 1042252.274559286772273 ] ] ] } },
{ "type": "Feature", "properties": { "raster_val": 586 }, "geometry": { "type": "Polygon", "coordinates": [ [ [ 8560330.775060897693038, 1042159.248588590300642 ], [ 8560392.792374694719911, 1042159.248588590300642 ], [ 8560392.792374694719911, 1042035.213960995082743 ], [ 8560237.749090200290084, 1042035.213960995082743 ], [ 8560237.749090200290084, 1041911.17933339974843 ], [ 8560206.740433301776648, 1041911.17933339974843 ], [ 8560206.740433301776648, 1042066.222617893945426 ], [ 8560361.783717796206474, 1042066.222617893945426 ], [ 8560361.783717796206474, 1042128.239931691554375 ], [ 8560330.775060897693038, 1042128.239931691554375 ], [ 8560330.775060897693038, 1042159.248588590300642 ] ] ] } },
{ "type": "Feature", "properties": { "raster_val": 587 }, "geometry": { "type": "Polygon", "coordinates": [ [ [ 8563090.545524891465902, 1042159.248588590300642 ], [ 8563214.580152487382293, 1042159.248588590300642 ], [ 8563214.580152487382293, 1042128.239931691554375 ], [ 8563121.554181791841984, 1042128.239931691554375 ], [ 8563121.554181791841984, 1042035.213960995082743 ], [ 8562904.493583498522639, 1042035.213960995082743 ], [ 8562904.493583498522639, 1042004.205304096220061 ], [ 8562873.484926600009203, 1042004.205304096220061 ], [ 8562873.484926600009203, 1042066.222617893945426 ], [ 8563090.545524891465902, 1042066.222617893945426 ], [ 8563090.545524891465902, 1042159.248588590300642 ] ] ] } },
{ "type": "Feature", "properties": { "raster_val": 590 }, "geometry": { "type": "Polygon", "coordinates": [ [ [ 8571369.856916876509786, 1042066.222617893945426 ], [ 8571369.856916876509786, 1042035.213960995082743 ], [ 8571555.908858269453049, 1042035.213960995082743 ], [ 8571555.908858269453049, 1041911.17933339974843 ], [ 8571710.952142763882875, 1041911.17933339974843 ], [ 8571710.952142763882875, 1041942.187990298611112 ], [ 8571586.91751516982913, 1041942.187990298611112 ], [ 8571586.91751516982913, 1042066.222617893945426 ], [ 8571369.856916876509786, 1042066.222617893945426 ] ] ] } },
{ "type": "Feature", "properties": { "raster_val": 585 }, "geometry": { "type": "Polygon", "coordinates": [ [ [ 8557788.065195193514228, 1042159.248588590300642 ], [ 8557788.065195193514228, 1041911.17933339974843 ], [ 8557974.117136586457491, 1041911.17933339974843 ], [ 8557974.117136586457491, 1041880.170676501002163 ], [ 8558005.125793484970927, 1041880.170676501002163 ], [ 8558005.125793484970927, 1041942.187990298611112 ], [ 8557819.073852092027664, 1041942.187990298611112 ], [ 8557819.073852092027664, 1042159.248588590300642 ], [ 8557788.065195193514228, 1042159.248588590300642 ] ] ] } },
{ "type": "Feature", "properties": { "raster_val": 591 }, "geometry": { "type": "Polygon", "coordinates": [ [ [ 8572331.125280741602182, 1042066.222617893945426 ], [ 8572331.125280741602182, 1042035.213960995082743 ], [ 8572486.168565234169364, 1042035.213960995082743 ], [ 8572486.168565234169364, 1041911.17933339974843 ], [ 8572610.203192830085754, 1041911.17933339974843 ], [ 8572610.203192830085754, 1041880.170676501002163 ], [ 8572641.211849728599191, 1041880.170676501002163 ], [ 8572641.211849728599191, 1041942.187990298611112 ], [ 8572517.177222134545445, 1041942.187990298611112 ], [ 8572517.177222134545445, 1042066.222617893945426 ], [ 8572331.125280741602182, 1042066.222617893945426 ] ] ] } },
{ "type": "Feature", "properties": { "raster_val": 593 }, "geometry": { "type": "Polygon", "coordinates": [ [ [ 8571710.952142763882875, 1041942.187990298611112 ], [ 8571710.952142763882875, 1041911.17933339974843 ], [ 8571990.030054854229093, 1041911.17933339974843 ], [ 8571990.030054854229093, 1041818.153362703276798 ], [ 8572083.056025549769402, 1041818.153362703276798 ], [ 8572083.056025549769402, 1041849.16201960213948 ], [ 8572021.038711752742529, 1041849.16201960213948 ], [ 8572021.038711752742529, 1041942.187990298611112 ], [ 8571710.952142763882875, 1041942.187990298611112 ] ] ] } },
{ "type": "Feature", "properties": { "raster_val": 596 }, "geometry": { "type": "Polygon", "coordinates": [ [ [ 8562284.320445522665977, 1041849.16201960213948 ], [ 8562284.320445522665977, 1041694.1187351080589 ], [ 8562346.337759321555495, 1041694.1187351080589 ], [ 8562346.337759321555495, 1041663.110078209196217 ], [ 8562377.346416220068932, 1041663.110078209196217 ], [ 8562377.346416220068932, 1041725.127392006805167 ], [ 8562315.329102421179414, 1041725.127392006805167 ], [ 8562315.329102421179414, 1041818.153362703276798 ], [ 8562532.389700712636113, 1041818.153362703276798 ], [ 8562532.389700712636113, 1041849.16201960213948 ], [ 8562284.320445522665977, 1041849.16201960213948 ] ] ] } },
{ "type": "Feature", "properties": { "raster_val": 597 }, "geometry": { "type": "Polygon", "coordinates": [ [ [ 8562532.389700712636113, 1041849.16201960213948 ], [ 8562532.389700712636113, 1041818.153362703276798 ], [ 8562594.407014511525631, 1041818.153362703276798 ], [ 8562594.407014511525631, 1041849.16201960213948 ], [ 8562532.389700712636113, 1041849.16201960213948 ] ] ] } },
{ "type": "Feature", "properties": { "raster_val": 592 }, "geometry": { "type": "Polygon", "coordinates": [ [ [ 8562873.484926600009203, 1042004.205304096220061 ], [ 8562904.493583498522639, 1042004.205304096220061 ], [ 8562904.493583498522639, 1041911.17933339974843 ], [ 8562811.46761280298233, 1041911.17933339974843 ], [ 8562811.46761280298233, 1041818.153362703276798 ], [ 8562594.407014511525631, 1041818.153362703276798 ], [ 8562594.407014511525631, 1041849.16201960213948 ], [ 8562780.458955904468894, 1041849.16201960213948 ], [ 8562780.458955904468894, 1041942.187990298611112 ], [ 8562873.484926600009203, 1041942.187990298611112 ], [ 8562873.484926600009203, 1042004.205304096220061 ] ] ] } },
{ "type": "Feature", "properties": { "raster_val": 588 }, "geometry": { "type": "Polygon", "coordinates": [ [ [ 8570470.605866812169552, 1042097.231274792691693 ], [ 8570501.614523710682988, 1042097.231274792691693 ], [ 8570501.614523710682988, 1041911.17933339974843 ], [ 8570377.579896114766598, 1041911.17933339974843 ], [ 8570377.579896114766598, 1041818.153362703276798 ], [ 8570284.553925419226289, 1041818.153362703276798 ], [ 8570284.553925419226289, 1041849.16201960213948 ], [ 8570346.571239216253161, 1041849.16201960213948 ], [ 8570346.571239216253161, 1041942.187990298611112 ], [ 8570470.605866812169552, 1041942.187990298611112 ], [ 8570470.605866812169552, 1042097.231274792691693 ] ] ] } },
{ "type": "Feature", "properties": { "raster_val": 601 }, "geometry": { "type": "Polygon", "coordinates": [ [ [ 8572083.056025549769402, 1041849.16201960213948 ], [ 8572083.056025549769402, 1041818.153362703276798 ], [ 8572176.081996247172356, 1041818.153362703276798 ], [ 8572176.081996247172356, 1041694.1187351080589 ], [ 8572331.125280741602182, 1041694.1187351080589 ], [ 8572331.125280741602182, 1041725.127392006805167 ], [ 8572207.090653145685792, 1041725.127392006805167 ], [ 8572207.090653145685792, 1041849.16201960213948 ], [ 8572083.056025549769402, 1041849.16201960213948 ] ] ] } },
{ "type": "Feature", "properties": { "raster_val": 602 }, "geometry": { "type": "Polygon", "coordinates": [ [ [ 8563183.571495588868856, 1041818.153362703276798 ], [ 8563183.571495588868856, 1041694.1187351080589 ], [ 8563462.649407677352428, 1041694.1187351080589 ], [ 8563462.649407677352428, 1041725.127392006805167 ], [ 8563214.580152487382293, 1041725.127392006805167 ], [ 8563214.580152487382293, 1041818.153362703276798 ], [ 8563183.571495588868856, 1041818.153362703276798 ] ] ] } },
{ "type": "Feature", "properties": { "raster_val": 598 }, "geometry": { "type": "Polygon", "coordinates": [ [ [ 8562966.510897297412157, 1041849.16201960213948 ], [ 8563214.580152487382293, 1041849.16201960213948 ], [ 8563214.580152487382293, 1041818.153362703276798 ], [ 8562997.519554195925593, 1041818.153362703276798 ], [ 8562997.519554195925593, 1041694.1187351080589 ], [ 8562873.484926600009203, 1041694.1187351080589 ], [ 8562873.484926600009203, 1041725.127392006805167 ], [ 8562966.510897297412157, 1041725.127392006805167 ], [ 8562966.510897297412157, 1041849.16201960213948 ] ] ] } },
{ "type": "Feature", "properties": { "raster_val": 599 }, "geometry": { "type": "Polygon", "coordinates": [ [ [ 8563555.675378374755383, 1041849.16201960213948 ], [ 8563710.718662869185209, 1041849.16201960213948 ], [ 8563710.718662869185209, 1041725.127392006805167 ], [ 8563679.710005970671773, 1041725.127392006805167 ], [ 8563679.710005970671773, 1041818.153362703276798 ], [ 8563586.684035273268819, 1041818.153362703276798 ], [ 8563586.684035273268819, 1041694.1187351080589 ], [ 8563462.649407677352428, 1041694.1187351080589 ], [ 8563462.649407677352428, 1041725.127392006805167 ], [ 8563555.675378374755383, 1041725.127392006805167 ], [ 8563555.675378374755383, 1041849.16201960213948 ] ] ] } },
{ "type": "Feature", "properties": { "raster_val": 595 }, "geometry": { "type": "Polygon", "coordinates": [ [ [ 8572610.203192830085754, 1041880.170676501002163 ], [ 8572641.211849728599191, 1041880.170676501002163 ], [ 8572641.211849728599191, 1041818.153362703276798 ], [ 8572517.177222134545445, 1041818.153362703276798 ], [ 8572517.177222134545445, 1041694.1187351080589 ], [ 8572331.125280741602182, 1041694.1187351080589 ], [ 8572331.125280741602182, 1041725.127392006805167 ], [ 8572486.168565234169364, 1041725.127392006805167 ], [ 8572486.168565234169364, 1041849.16201960213948 ], [ 8572610.203192830085754, 1041849.16201960213948 ], [ 8572610.203192830085754, 1041880.170676501002163 ] ] ] } },
{ "type": "Feature", "properties": { "raster_val": 589 }, "geometry": { "type": "Polygon", "coordinates": [ [ [ 8557136.88340031914413, 1042066.222617893945426 ], [ 8557136.88340031914413, 1042035.213960995082743 ], [ 8557167.892057217657566, 1042035.213960995082743 ], [ 8557167.892057217657566, 1041632.10142131044995 ], [ 8557198.900714116171002, 1041632.10142131044995 ], [ 8557198.900714116171002, 1042066.222617893945426 ], [ 8557136.88340031914413, 1042066.222617893945426 ] ] ] } },
{ "type": "Feature", "properties": { "raster_val": 600 }, "geometry": { "type": "Polygon", "coordinates": [ [ [ 8570253.545268518850207, 1041849.16201960213948 ], [ 8570253.545268518850207, 1041539.075450613978319 ], [ 8570439.59720991179347, 1041539.075450613978319 ], [ 8570439.59720991179347, 1041570.084107512724586 ], [ 8570284.553925419226289, 1041570.084107512724586 ], [ 8570284.553925419226289, 1041849.16201960213948 ], [ 8570253.545268518850207, 1041849.16201960213948 ] ] ] } },
{ "type": "Feature", "properties": { "raster_val": 603 }, "geometry": { "type": "Polygon", "coordinates": [ [ [ 8562780.458955904468894, 1041725.127392006805167 ], [ 8562780.458955904468894, 1041539.075450613978319 ], [ 8562873.484926600009203, 1041539.075450613978319 ], [ 8562873.484926600009203, 1041415.040823018644005 ], [ 8562904.493583498522639, 1041415.040823018644005 ], [ 8562904.493583498522639, 1041570.084107512724586 ], [ 8562811.46761280298233, 1041570.084107512724586 ], [ 8562811.46761280298233, 1041694.1187351080589 ], [ 8562873.484926600009203, 1041694.1187351080589 ], [ 8562873.484926600009203, 1041725.127392006805167 ], [ 8562780.458955904468894, 1041725.127392006805167 ] ] ] } },
{ "type": "Feature", "properties": { "raster_val": 605 }, "geometry": { "type": "Polygon", "coordinates": [ [ [ 8568051.930628703907132, 1041725.127392006805167 ], [ 8568051.930628703907132, 1041477.058136816252954 ], [ 8568082.939285602420568, 1041477.058136816252954 ], [ 8568082.939285602420568, 1041694.1187351080589 ], [ 8568299.999883893877268, 1041694.1187351080589 ], [ 8568299.999883893877268, 1041725.127392006805167 ], [ 8568051.930628703907132, 1041725.127392006805167 ] ] ] } },
{ "type": "Feature", "properties": { "raster_val": 606 }, "geometry": { "type": "Polygon", "coordinates": [ [ [ 8568299.999883893877268, 1041725.127392006805167 ], [ 8568299.999883893877268, 1041694.1187351080589 ], [ 8568362.01719769090414, 1041694.1187351080589 ], [ 8568362.01719769090414, 1041601.092764411587268 ], [ 8568517.060482185333967, 1041601.092764411587268 ], [ 8568517.060482185333967, 1041477.058136816252954 ], [ 8568548.069139083847404, 1041477.058136816252954 ], [ 8568548.069139083847404, 1041632.10142131044995 ], [ 8568393.025854591280222, 1041632.10142131044995 ], [ 8568393.025854591280222, 1041725.127392006805167 ], [ 8568299.999883893877268, 1041725.127392006805167 ] ] ] } },
{ "type": "Feature", "properties": { "raster_val": 608 }, "geometry": { "type": "Polygon", "coordinates": [ [ [ 8557167.892057217657566, 1041632.10142131044995 ], [ 8557167.892057217657566, 1041601.092764411587268 ], [ 8557384.952655509114265, 1041601.092764411587268 ], [ 8557384.952655509114265, 1041539.075450613978319 ], [ 8557571.004596902057528, 1041539.075450613978319 ], [ 8557571.004596902057528, 1041570.084107512724586 ], [ 8557415.961312407627702, 1041570.084107512724586 ], [ 8557415.961312407627702, 1041632.10142131044995 ], [ 8557167.892057217657566, 1041632.10142131044995 ] ] ] } },
{ "type": "Feature", "properties": { "raster_val": 594 }, "geometry": { "type": "Polygon", "coordinates": [ [ [ 8557974.117136586457491, 1041880.170676501002163 ], [ 8558005.125793484970927, 1041880.170676501002163 ], [ 8558005.125793484970927, 1041818.153362703276798 ], [ 8557943.108479687944055, 1041818.153362703276798 ], [ 8557943.108479687944055, 1041601.092764411587268 ], [ 8557788.065195193514228, 1041601.092764411587268 ], [ 8557788.065195193514228, 1041632.10142131044995 ], [ 8557912.099822789430618, 1041632.10142131044995 ], [ 8557912.099822789430618, 1041849.16201960213948 ], [ 8557974.117136586457491, 1041849.16201960213948 ], [ 8557974.117136586457491, 1041880.170676501002163 ] ] ] } },
{ "type": "Feature", "properties": { "raster_val": 609 }, "geometry": { "type": "Polygon", "coordinates": [ [ [ 8557788.065195193514228, 1041601.092764411587268 ], [ 8557819.073852092027664, 1041601.092764411587268 ], [ 8557819.073852092027664, 1041539.075450613978319 ], [ 8557571.004596902057528, 1041539.075450613978319 ], [ 8557571.004596902057528, 1041570.084107512724586 ], [ 8557788.065195193514228, 1041570.084107512724586 ], [ 8557788.065195193514228, 1041601.092764411587268 ] ] ] } },
{ "type": "Feature", "properties": { "raster_val": 604 }, "geometry": { "type": "Polygon", "coordinates": [ [ [ 8563679.710005970671773, 1041725.127392006805167 ], [ 8563710.718662869185209, 1041725.127392006805167 ], [ 8563710.718662869185209, 1041632.10142131044995 ], [ 8563834.753290463238955, 1041632.10142131044995 ], [ 8563834.753290463238955, 1041539.075450613978319 ], [ 8563710.718662869185209, 1041539.075450613978319 ], [ 8563710.718662869185209, 1041508.066793715115637 ], [ 8563679.710005970671773, 1041508.066793715115637 ], [ 8563679.710005970671773, 1041570.084107512724586 ], [ 8563803.744633564725518, 1041570.084107512724586 ], [ 8563803.744633564725518, 1041601.092764411587268 ], [ 8563679.710005970671773, 1041601.092764411587268 ], [ 8563679.710005970671773, 1041725.127392006805167 ] ] ] } },
{ "type": "Feature", "properties": { "raster_val": 612 }, "geometry": { "type": "Polygon", "coordinates": [ [ [ 8570439.59720991179347, 1041570.084107512724586 ], [ 8570439.59720991179347, 1041539.075450613978319 ], [ 8570842.709749598056078, 1041539.075450613978319 ], [ 8570842.709749598056078, 1041508.066793715115637 ], [ 8570873.718406496569514, 1041508.066793715115637 ], [ 8570873.718406496569514, 1041570.084107512724586 ], [ 8570439.59720991179347, 1041570.084107512724586 ] ] ] } },
{ "type": "Feature", "properties": { "raster_val": 610 }, "geometry": { "type": "Polygon", "coordinates": [ [ [ 8568827.147051174193621, 1041570.084107512724586 ], [ 8568827.147051174193621, 1041322.014852322172374 ], [ 8568858.155708072707057, 1041322.014852322172374 ], [ 8568858.155708072707057, 1041539.075450613978319 ], [ 8569075.216306364163756, 1041539.075450613978319 ], [ 8569075.216306364163756, 1041570.084107512724586 ], [ 8568827.147051174193621, 1041570.084107512724586 ] ] ] } },
{ "type": "Feature", "properties": { "raster_val": 611 }, "geometry": { "type": "Polygon", "coordinates": [ [ [ 8569726.3981012403965, 1041570.084107512724586 ], [ 8569726.3981012403965, 1041322.014852322172374 ], [ 8569757.406758138909936, 1041322.014852322172374 ], [ 8569757.406758138909936, 1041539.075450613978319 ], [ 8569881.441385734826326, 1041539.075450613978319 ], [ 8569881.441385734826326, 1041477.058136816252954 ], [ 8569912.450042633339763, 1041477.058136816252954 ], [ 8569912.450042633339763, 1041570.084107512724586 ], [ 8569726.3981012403965, 1041570.084107512724586 ] ] ] } },
{ "type": "Feature", "properties": { "raster_val": 614 }, "geometry": { "type": "Polygon", "coordinates": [ [ [ 8563679.710005970671773, 1041508.066793715115637 ], [ 8563679.710005970671773, 1041384.032166119781323 ], [ 8563989.796574957668781, 1041384.032166119781323 ], [ 8563989.796574957668781, 1041353.023509221035056 ], [ 8564020.805231856182218, 1041353.023509221035056 ], [ 8564020.805231856182218, 1041415.040823018644005 ], [ 8563710.718662869185209, 1041415.040823018644005 ], [ 8563710.718662869185209, 1041508.066793715115637 ], [ 8563679.710005970671773, 1041508.066793715115637 ] ] ] } },
{ "type": "Feature", "properties": { "raster_val": 617 }, "geometry": { "type": "Polygon", "coordinates": [ [ [ 8568517.060482185333967, 1041477.058136816252954 ], [ 8568517.060482185333967, 1041291.006195423426107 ], [ 8568703.11242357827723, 1041291.006195423426107 ], [ 8568703.11242357827723, 1041384.032166119781323 ], [ 8568734.121080476790667, 1041384.032166119781323 ], [ 8568734.121080476790667, 1041415.040823018644005 ], [ 8568672.103766679763794, 1041415.040823018644005 ], [ 8568672.103766679763794, 1041322.014852322172374 ], [ 8568548.069139083847404, 1041322.014852322172374 ], [ 8568548.069139083847404, 1041477.058136816252954 ], [ 8568517.060482185333967, 1041477.058136816252954 ] ] ] } },
{ "type": "Feature", "properties": { "raster_val": 607 }, "geometry": { "type": "Polygon", "coordinates": [ [ [ 8562346.337759321555495, 1041663.110078209196217 ], [ 8562377.346416220068932, 1041663.110078209196217 ], [ 8562377.346416220068932, 1041384.032166119781323 ], [ 8562315.329102421179414, 1041384.032166119781323 ], [ 8562315.329102421179414, 1041322.014852322172374 ], [ 8562346.337759321555495, 1041322.014852322172374 ], [ 8562346.337759321555495, 1041291.006195423426107 ], [ 8562284.320445522665977, 1041291.006195423426107 ], [ 8562284.320445522665977, 1041415.040823018644005 ], [ 8562346.337759321555495, 1041415.040823018644005 ], [ 8562346.337759321555495, 1041663.110078209196217 ] ] ] } },
{ "type": "Feature", "properties": { "raster_val": 620 }, "geometry": { "type": "Polygon", "coordinates": [ [ [ 8568734.121080476790667, 1041415.040823018644005 ], [ 8568734.121080476790667, 1041291.006195423426107 ], [ 8568858.155708072707057, 1041291.006195423426107 ], [ 8568858.155708072707057, 1041322.014852322172374 ], [ 8568765.129737377166748, 1041322.014852322172374 ], [ 8568765.129737377166748, 1041415.040823018644005 ], [ 8568734.121080476790667, 1041415.040823018644005 ] ] ] } },
{ "type": "Feature", "properties": { "raster_val": 622 }, "geometry": { "type": "Polygon", "coordinates": [ [ [ 8562346.337759321555495, 1041322.014852322172374 ], [ 8562346.337759321555495, 1041228.988881625700742 ], [ 8562656.424328308552504, 1041228.988881625700742 ], [ 8562656.424328308552504, 1041166.971567828091793 ], [ 8562687.43298520706594, 1041166.971567828091793 ], [ 8562687.43298520706594, 1041259.997538524563424 ], [ 8562377.346416220068932, 1041259.997538524563424 ], [ 8562377.346416220068932, 1041322.014852322172374 ], [ 8562346.337759321555495, 1041322.014852322172374 ] ] ] } },
{ "type": "Feature", "properties": { "raster_val": 616 }, "geometry": { "type": "Polygon", "coordinates": [ [ [ 8568051.930628703907132, 1041477.058136816252954 ], [ 8568082.939285602420568, 1041477.058136816252954 ], [ 8568082.939285602420568, 1041384.032166119781323 ], [ 8567834.870030412450433, 1041384.032166119781323 ], [ 8567834.870030412450433, 1041291.006195423426107 ], [ 8567772.852716613560915, 1041291.006195423426107 ], [ 8567772.852716613560915, 1041322.014852322172374 ], [ 8567803.861373512074351, 1041322.014852322172374 ], [ 8567803.861373512074351, 1041415.040823018644005 ], [ 8568051.930628703907132, 1041415.040823018644005 ], [ 8568051.930628703907132, 1041477.058136816252954 ] ] ] } },
{ "type": "Feature", "properties": { "raster_val": 626 }, "geometry": { "type": "Polygon", "coordinates": [ [ [ 8569695.389444341883063, 1041322.014852322172374 ], [ 8569695.389444341883063, 1041291.006195423426107 ], [ 8569757.406758138909936, 1041291.006195423426107 ], [ 8569757.406758138909936, 1041322.014852322172374 ], [ 8569695.389444341883063, 1041322.014852322172374 ] ] ] } },
{ "type": "Feature", "properties": { "raster_val": 628 }, "geometry": { "type": "Polygon", "coordinates": [ [ [ 8570253.545268518850207, 1041291.006195423426107 ], [ 8570253.545268518850207, 1041228.988881625700742 ], [ 8570656.657808205112815, 1041228.988881625700742 ], [ 8570656.657808205112815, 1041259.997538524563424 ], [ 8570284.553925419226289, 1041259.997538524563424 ], [ 8570284.553925419226289, 1041291.006195423426107 ], [ 8570253.545268518850207, 1041291.006195423426107 ] ] ] } },
{ "type": "Feature", "properties": { "raster_val": 613 }, "geometry": { "type": "Polygon", "coordinates": [ [ [ 8569044.20764946565032, 1041539.075450613978319 ], [ 8569075.216306364163756, 1041539.075450613978319 ], [ 8569075.216306364163756, 1041228.988881625700742 ], [ 8568982.190335668623447, 1041228.988881625700742 ], [ 8568982.190335668623447, 1041166.971567828091793 ], [ 8568951.181678770110011, 1041166.971567828091793 ], [ 8568951.181678770110011, 1041259.997538524563424 ], [ 8569044.20764946565032, 1041259.997538524563424 ], [ 8569044.20764946565032, 1041539.075450613978319 ] ] ] } },
{ "type": "Feature", "properties": { "raster_val": 615 }, "geometry": { "type": "Polygon", "coordinates": [ [ [ 8570842.709749598056078, 1041508.066793715115637 ], [ 8570873.718406496569514, 1041508.066793715115637 ], [ 8570873.718406496569514, 1041291.006195423426107 ], [ 8570811.701092697679996, 1041291.006195423426107 ], [ 8570811.701092697679996, 1041228.988881625700742 ], [ 8570656.657808205112815, 1041228.988881625700742 ], [ 8570656.657808205112815, 1041259.997538524563424 ], [ 8570780.69243579916656, 1041259.997538524563424 ], [ 8570780.69243579916656, 1041322.014852322172374 ], [ 8570842.709749598056078, 1041322.014852322172374 ], [ 8570842.709749598056078, 1041508.066793715115637 ] ] ] } },
{ "type": "Feature", "properties": { "raster_val": 621 }, "geometry": { "type": "Polygon", "coordinates": [ [ [ 8563989.796574957668781, 1041353.023509221035056 ], [ 8563989.796574957668781, 1041291.006195423426107 ], [ 8564082.822545655071735, 1041291.006195423426107 ], [ 8564082.822545655071735, 1040980.91962643514853 ], [ 8564113.831202553585172, 1040980.91962643514853 ], [ 8564113.831202553585172, 1041322.014852322172374 ], [ 8564020.805231856182218, 1041322.014852322172374 ], [ 8564020.805231856182218, 1041353.023509221035056 ], [ 8563989.796574957668781, 1041353.023509221035056 ] ] ] } },
{ "type": "Feature", "properties": { "raster_val": 624 }, "geometry": { "type": "Polygon", "coordinates": [ [ [ 8567741.844059715047479, 1041322.014852322172374 ], [ 8567741.844059715047479, 1040980.91962643514853 ], [ 8567803.861373512074351, 1040980.91962643514853 ], [ 8567803.861373512074351, 1040918.90231263753958 ], [ 8567834.870030412450433, 1040918.90231263753958 ], [ 8567834.870030412450433, 1041011.928283334011212 ], [ 8567772.852716613560915, 1041011.928283334011212 ], [ 8567772.852716613560915, 1041322.014852322172374 ], [ 8567741.844059715047479, 1041322.014852322172374 ] ] ] } },
{ "type": "Feature", "properties": { "raster_val": 627 }, "geometry": { "type": "Polygon", "coordinates": [ [ [ 8570036.484670227393508, 1041322.014852322172374 ], [ 8570036.484670227393508, 1041135.96291092922911 ], [ 8570129.510640924796462, 1041135.96291092922911 ], [ 8570129.510640924796462, 1041166.971567828091793 ], [ 8570067.493327125906944, 1041166.971567828091793 ], [ 8570067.493327125906944, 1041291.006195423426107 ], [ 8570284.553925419226289, 1041291.006195423426107 ], [ 8570284.553925419226289, 1041322.014852322172374 ], [ 8570036.484670227393508, 1041322.014852322172374 ] ] ] } },
{ "type": "Feature", "properties": { "raster_val": 629 }, "geometry": { "type": "Polygon", "coordinates": [ [ [ 8563989.796574957668781, 1041259.997538524563424 ], [ 8563989.796574957668781, 1040980.91962643514853 ], [ 8564082.822545655071735, 1040980.91962643514853 ], [ 8564082.822545655071735, 1041011.928283334011212 ], [ 8564020.805231856182218, 1041011.928283334011212 ], [ 8564020.805231856182218, 1041259.997538524563424 ], [ 8563989.796574957668781, 1041259.997538524563424 ] ] ] } },
{ "type": "Feature", "properties": { "raster_val": 618 }, "geometry": { "type": "Polygon", "coordinates": [ [ [ 8569881.441385734826326, 1041477.058136816252954 ], [ 8569912.450042633339763, 1041477.058136816252954 ], [ 8569912.450042633339763, 1041415.040823018644005 ], [ 8569974.467356430366635, 1041415.040823018644005 ], [ 8569974.467356430366635, 1041228.988881625700742 ], [ 8569912.450042633339763, 1041228.988881625700742 ], [ 8569912.450042633339763, 1041135.96291092922911 ], [ 8569881.441385734826326, 1041135.96291092922911 ], [ 8569881.441385734826326, 1041259.997538524563424 ], [ 8569943.458699531853199, 1041259.997538524563424 ], [ 8569943.458699531853199, 1041384.032166119781323 ], [ 8569881.441385734826326, 1041384.032166119781323 ], [ 8569881.441385734826326, 1041477.058136816252954 ] ] ] } },
{ "type": "Feature", "properties": { "raster_val": 630 }, "geometry": { "type": "Polygon", "coordinates": [ [ [ 8562656.424328308552504, 1041166.971567828091793 ], [ 8562656.424328308552504, 1041135.96291092922911 ], [ 8562687.43298520706594, 1041135.96291092922911 ], [ 8562687.43298520706594, 1041166.971567828091793 ], [ 8562656.424328308552504, 1041166.971567828091793 ] ] ] } },
{ "type": "Feature", "properties": { "raster_val": 619 }, "geometry": { "type": "Polygon", "coordinates": [ [ [ 8562873.484926600009203, 1041415.040823018644005 ], [ 8562904.493583498522639, 1041415.040823018644005 ], [ 8562904.493583498522639, 1041228.988881625700742 ], [ 8562811.46761280298233, 1041228.988881625700742 ], [ 8562811.46761280298233, 1041135.96291092922911 ], [ 8562687.43298520706594, 1041135.96291092922911 ], [ 8562687.43298520706594, 1041166.971567828091793 ], [ 8562780.458955904468894, 1041166.971567828091793 ], [ 8562780.458955904468894, 1041259.997538524563424 ], [ 8562873.484926600009203, 1041259.997538524563424 ], [ 8562873.484926600009203, 1041415.040823018644005 ] ] ] } },
{ "type": "Feature", "properties": { "raster_val": 623 }, "geometry": { "type": "Polygon", "coordinates": [ [ [ 8563803.744633564725518, 1041322.014852322172374 ], [ 8563896.770604262128472, 1041322.014852322172374 ], [ 8563896.770604262128472, 1041259.997538524563424 ], [ 8563989.796574957668781, 1041259.997538524563424 ], [ 8563989.796574957668781, 1041228.988881625700742 ], [ 8563865.761947363615036, 1041228.988881625700742 ], [ 8563865.761947363615036, 1041291.006195423426107 ], [ 8563834.753290463238955, 1041291.006195423426107 ], [ 8563834.753290463238955, 1041135.96291092922911 ], [ 8563741.727319767698646, 1041135.96291092922911 ], [ 8563741.727319767698646, 1041166.971567828091793 ], [ 8563803.744633564725518, 1041166.971567828091793 ], [ 8563803.744633564725518, 1041322.014852322172374 ] ] ] } },
{ "type": "Feature", "properties": { "raster_val": 625 }, "geometry": { "type": "Polygon", "coordinates": [ [ [ 8569447.320189150050282, 1041322.014852322172374 ], [ 8569695.389444341883063, 1041322.014852322172374 ], [ 8569695.389444341883063, 1041291.006195423426107 ], [ 8569478.328846048563719, 1041291.006195423426107 ], [ 8569478.328846048563719, 1041135.96291092922911 ], [ 8569385.30287535302341, 1041135.96291092922911 ], [ 8569385.30287535302341, 1041166.971567828091793 ], [ 8569447.320189150050282, 1041166.971567828091793 ], [ 8569447.320189150050282, 1041322.014852322172374 ] ] ] } },
{ "type": "Feature", "properties": { "raster_val": 634 }, "geometry": { "type": "Polygon", "coordinates": [ [ [ 8570129.510640924796462, 1041166.971567828091793 ], [ 8570129.510640924796462, 1041135.96291092922911 ], [ 8570191.527954721823335, 1041135.96291092922911 ], [ 8570191.527954721823335, 1040980.91962643514853 ], [ 8570346.571239216253161, 1040980.91962643514853 ], [ 8570346.571239216253161, 1040918.90231263753958 ], [ 8570377.579896114766598, 1040918.90231263753958 ], [ 8570377.579896114766598, 1041011.928283334011212 ], [ 8570222.536611620336771, 1041011.928283334011212 ], [ 8570222.536611620336771, 1041166.971567828091793 ], [ 8570129.510640924796462, 1041166.971567828091793 ] ] ] } },
{ "type": "Feature", "properties": { "raster_val": 633 }, "geometry": { "type": "Polygon", "coordinates": [ [ [ 8569261.268247757107019, 1041166.971567828091793 ], [ 8569385.30287535302341, 1041166.971567828091793 ], [ 8569385.30287535302341, 1041135.96291092922911 ], [ 8569292.276904655620456, 1041135.96291092922911 ], [ 8569292.276904655620456, 1040980.91962643514853 ], [ 8569168.24227706156671, 1040980.91962643514853 ], [ 8569168.24227706156671, 1040918.90231263753958 ], [ 8569137.233620163053274, 1040918.90231263753958 ], [ 8569137.233620163053274, 1041011.928283334011212 ], [ 8569261.268247757107019, 1041011.928283334011212 ], [ 8569261.268247757107019, 1041166.971567828091793 ] ] ] } },
{ "type": "Feature", "properties": { "raster_val": 635 }, "geometry": { "type": "Polygon", "coordinates": [ [ [ 8570656.657808205112815, 1041166.971567828091793 ], [ 8570811.701092697679996, 1041166.971567828091793 ], [ 8570811.701092697679996, 1041042.936940232757479 ], [ 8570780.69243579916656, 1041042.936940232757479 ], [ 8570780.69243579916656, 1041135.96291092922911 ], [ 8570687.666465103626251, 1041135.96291092922911 ], [ 8570687.666465103626251, 1040980.91962643514853 ], [ 8570594.640494406223297, 1040980.91962643514853 ], [ 8570594.640494406223297, 1041011.928283334011212 ], [ 8570656.657808205112815, 1041011.928283334011212 ], [ 8570656.657808205112815, 1041166.971567828091793 ] ] ] } },
{ "type": "Feature", "properties": { "raster_val": 636 }, "geometry": { "type": "Polygon", "coordinates": [ [ [ 8569881.441385734826326, 1041135.96291092922911 ], [ 8569912.450042633339763, 1041135.96291092922911 ], [ 8569912.450042633339763, 1040980.91962643514853 ], [ 8569757.406758138909936, 1040980.91962643514853 ], [ 8569757.406758138909936, 1040918.90231263753958 ], [ 8569633.372130542993546, 1040918.90231263753958 ], [ 8569633.372130542993546, 1040949.910969536285847 ], [ 8569726.3981012403965, 1040949.910969536285847 ], [ 8569726.3981012403965, 1041011.928283334011212 ], [ 8569881.441385734826326, 1041011.928283334011212 ], [ 8569881.441385734826326, 1041135.96291092922911 ] ] ] } },
{ "type": "Feature", "properties": { "raster_val": 640 }, "geometry": { "type": "Polygon", "coordinates": [ [ [ 8570563.631837507709861, 1041011.928283334011212 ], [ 8570594.640494406223297, 1041011.928283334011212 ], [ 8570594.640494406223297, 1040918.90231263753958 ], [ 8570377.579896114766598, 1040918.90231263753958 ], [ 8570377.579896114766598, 1040949.910969536285847 ], [ 8570563.631837507709861, 1040949.910969536285847 ], [ 8570563.631837507709861, 1041011.928283334011212 ] ] ] } },
{ "type": "Feature", "properties": { "raster_val": 632 }, "geometry": { "type": "Polygon", "coordinates": [ [ [ 8568951.181678770110011, 1041166.971567828091793 ], [ 8568951.181678770110011, 1040701.841714345733635 ], [ 8568982.190335668623447, 1040701.841714345733635 ], [ 8568982.190335668623447, 1041166.971567828091793 ], [ 8568951.181678770110011, 1041166.971567828091793 ] ] ] } },
{ "type": "Feature", "properties": { "raster_val": 638 }, "geometry": { "type": "Polygon", "coordinates": [ [ [ 8564113.831202553585172, 1041011.928283334011212 ], [ 8564113.831202553585172, 1040980.91962643514853 ], [ 8564299.883143946528435, 1040980.91962643514853 ], [ 8564299.883143946528435, 1040918.90231263753958 ], [ 8564392.909114642068744, 1040918.90231263753958 ], [ 8564392.909114642068744, 1040825.876341941067949 ], [ 8564423.917771542444825, 1040825.876341941067949 ], [ 8564423.917771542444825, 1040949.910969536285847 ], [ 8564330.891800845041871, 1040949.910969536285847 ], [ 8564330.891800845041871, 1041011.928283334011212 ], [ 8564113.831202553585172, 1041011.928283334011212 ] ] ] } },
{ "type": "Feature", "properties": { "raster_val": 642 }, "geometry": { "type": "Polygon", "coordinates": [ [ [ 8563400.632093880325556, 1040949.910969536285847 ], [ 8563400.632093880325556, 1040701.841714345733635 ], [ 8563431.640750778838992, 1040701.841714345733635 ], [ 8563431.640750778838992, 1040918.90231263753958 ], [ 8563493.65806457772851, 1040918.90231263753958 ], [ 8563493.65806457772851, 1040825.876341941067949 ], [ 8563555.675378374755383, 1040825.876341941067949 ], [ 8563555.675378374755383, 1040856.884998839930631 ], [ 8563524.666721476241946, 1040856.884998839930631 ], [ 8563524.666721476241946, 1040949.910969536285847 ], [ 8563400.632093880325556, 1040949.910969536285847 ] ] ] } },
{ "type": "Feature", "properties": { "raster_val": 631 }, "geometry": { "type": "Polygon", "coordinates": [ [ [ 8563679.710005970671773, 1041166.971567828091793 ], [ 8563741.727319767698646, 1041166.971567828091793 ], [ 8563741.727319767698646, 1041135.96291092922911 ], [ 8563710.718662869185209, 1041135.96291092922911 ], [ 8563710.718662869185209, 1040918.90231263753958 ], [ 8563586.684035273268819, 1040918.90231263753958 ], [ 8563586.684035273268819, 1040856.884998839930631 ], [ 8563555.675378374755383, 1040856.884998839930631 ], [ 8563555.675378374755383, 1040949.910969536285847 ], [ 8563679.710005970671773, 1040949.910969536285847 ], [ 8563679.710005970671773, 1041166.971567828091793 ] ] ] } },
{ "type": "Feature", "properties": { "raster_val": 643 }, "geometry": { "type": "Polygon", "coordinates": [ [ [ 8564920.056281922385097, 1040949.910969536285847 ], [ 8564920.056281922385097, 1040701.841714345733635 ], [ 8564951.064938820898533, 1040701.841714345733635 ], [ 8564951.064938820898533, 1040918.90231263753958 ], [ 8565013.082252619788051, 1040918.90231263753958 ], [ 8565013.082252619788051, 1040794.867685042205267 ], [ 8565044.090909518301487, 1040794.867685042205267 ], [ 8565044.090909518301487, 1040949.910969536285847 ], [ 8564920.056281922385097, 1040949.910969536285847 ] ] ] } },
{ "type": "Feature", "properties": { "raster_val": 639 }, "geometry": { "type": "Polygon", "coordinates": [ [ [ 8569943.458699531853199, 1041011.928283334011212 ], [ 8570067.493327125906944, 1041011.928283334011212 ], [ 8570067.493327125906944, 1040949.910969536285847 ], [ 8570129.510640924796462, 1040949.910969536285847 ], [ 8570129.510640924796462, 1040918.90231263753958 ], [ 8570036.484670227393508, 1040918.90231263753958 ], [ 8570036.484670227393508, 1040980.91962643514853 ], [ 8569974.467356430366635, 1040980.91962643514853 ], [ 8569974.467356430366635, 1040918.90231263753958 ], [ 8569912.450042633339763, 1040918.90231263753958 ], [ 8569912.450042633339763, 1040825.876341941067949 ], [ 8569881.441385734826326, 1040825.876341941067949 ], [ 8569881.441385734826326, 1040949.910969536285847 ], [ 8569943.458699531853199, 1040949.910969536285847 ], [ 8569943.458699531853199, 1041011.928283334011212 ] ] ] } },
{ "type": "Feature", "properties": { "raster_val": 645 }, "geometry": { "type": "Polygon", "coordinates": [ [ [ 8570129.510640924796462, 1040949.910969536285847 ], [ 8570129.510640924796462, 1040918.90231263753958 ], [ 8570253.545268518850207, 1040918.90231263753958 ], [ 8570253.545268518850207, 1040825.876341941067949 ], [ 8570501.614523710682988, 1040825.876341941067949 ], [ 8570501.614523710682988, 1040856.884998839930631 ], [ 8570284.553925419226289, 1040856.884998839930631 ], [ 8570284.553925419226289, 1040949.910969536285847 ], [ 8570129.510640924796462, 1040949.910969536285847 ] ] ] } },
{ "type": "Feature", "properties": { "raster_val": 646 }, "geometry": { "type": "Polygon", "coordinates": [ [ [ 8567803.861373512074351, 1040918.90231263753958 ], [ 8567803.861373512074351, 1040825.876341941067949 ], [ 8568206.973913198336959, 1040825.876341941067949 ], [ 8568206.973913198336959, 1040856.884998839930631 ], [ 8567834.870030412450433, 1040856.884998839930631 ], [ 8567834.870030412450433, 1040918.90231263753958 ], [ 8567803.861373512074351, 1040918.90231263753958 ] ] ] } },
{ "type": "Feature", "properties": { "raster_val": 648 }, "geometry": { "type": "Polygon", "coordinates": [ [ [ 8563555.675378374755383, 1040856.884998839930631 ], [ 8563555.675378374755383, 1040825.876341941067949 ], [ 8563586.684035273268819, 1040825.876341941067949 ], [ 8563586.684035273268819, 1040856.884998839930631 ], [ 8563555.675378374755383, 1040856.884998839930631 ] ] ] } },
{ "type": "Feature", "properties": { "raster_val": 650 }, "geometry": { "type": "Polygon", "coordinates": [ [ [ 8564423.917771542444825, 1040856.884998839930631 ], [ 8564423.917771542444825, 1040825.876341941067949 ], [ 8564485.935085339471698, 1040825.876341941067949 ], [ 8564485.935085339471698, 1040701.841714345733635 ], [ 8564702.995683630928397, 1040701.841714345733635 ], [ 8564702.995683630928397, 1040670.833057446987368 ], [ 8564734.004340529441833, 1040670.833057446987368 ], [ 8564734.004340529441833, 1040732.850371244596317 ], [ 8564516.943742237985134, 1040732.850371244596317 ], [ 8564516.943742237985134, 1040856.884998839930631 ], [ 8564423.917771542444825, 1040856.884998839930631 ] ] ] } },
{ "type": "Feature", "properties": { "raster_val": 644 }, "geometry": { "type": "Polygon", "coordinates": [ [ [ 8569447.320189150050282, 1040949.910969536285847 ], [ 8569633.372130542993546, 1040949.910969536285847 ], [ 8569633.372130542993546, 1040918.90231263753958 ], [ 8569478.328846048563719, 1040918.90231263753958 ], [ 8569478.328846048563719, 1040825.876341941067949 ], [ 8569354.294218454509974, 1040825.876341941067949 ], [ 8569354.294218454509974, 1040763.859028143459 ], [ 8569323.285561555996537, 1040763.859028143459 ], [ 8569323.285561555996537, 1040856.884998839930631 ], [ 8569447.320189150050282, 1040856.884998839930631 ], [ 8569447.320189150050282, 1040949.910969536285847 ] ] ] } },
{ "type": "Feature", "properties": { "raster_val": 652 }, "geometry": { "type": "Polygon", "coordinates": [ [ [ 8570501.614523710682988, 1040856.884998839930631 ], [ 8570501.614523710682988, 1040825.876341941067949 ], [ 8570532.623180609196424, 1040825.876341941067949 ], [ 8570532.623180609196424, 1040856.884998839930631 ], [ 8570501.614523710682988, 1040856.884998839930631 ] ] ] } },
{ "type": "Feature", "properties": { "raster_val": 637 }, "geometry": { "type": "Polygon", "coordinates": [ [ [ 8570780.69243579916656, 1041042.936940232757479 ], [ 8570811.701092697679996, 1041042.936940232757479 ], [ 8570811.701092697679996, 1040918.90231263753958 ], [ 8570687.666465103626251, 1040918.90231263753958 ], [ 8570687.666465103626251, 1040825.876341941067949 ], [ 8570532.623180609196424, 1040825.876341941067949 ], [ 8570532.623180609196424, 1040856.884998839930631 ], [ 8570656.657808205112815, 1040856.884998839930631 ], [ 8570656.657808205112815, 1040949.910969536285847 ], [ 8570780.69243579916656, 1040949.910969536285847 ], [ 8570780.69243579916656, 1041042.936940232757479 ] ] ] } },
{ "type": "Feature", "properties": { "raster_val": 657 }, "geometry": { "type": "Polygon", "coordinates": [ [ [ 8563214.580152487382293, 1040732.850371244596317 ], [ 8563214.580152487382293, 1040701.841714345733635 ], [ 8563400.632093880325556, 1040701.841714345733635 ], [ 8563400.632093880325556, 1040732.850371244596317 ], [ 8563214.580152487382293, 1040732.850371244596317 ] ] ] } },
{ "type": "Feature", "properties": { "raster_val": 649 }, "geometry": { "type": "Polygon", "coordinates": [ [ [ 8563865.761947363615036, 1040856.884998839930631 ], [ 8564020.805231856182218, 1040856.884998839930631 ], [ 8564020.805231856182218, 1040732.850371244596317 ], [ 8563989.796574957668781, 1040732.850371244596317 ], [ 8563989.796574957668781, 1040825.876341941067949 ], [ 8563896.770604262128472, 1040825.876341941067949 ], [ 8563896.770604262128472, 1040701.841714345733635 ], [ 8563834.753290463238955, 1040701.841714345733635 ], [ 8563834.753290463238955, 1040670.833057446987368 ], [ 8563803.744633564725518, 1040670.833057446987368 ], [ 8563803.744633564725518, 1040732.850371244596317 ], [ 8563865.761947363615036, 1040732.850371244596317 ], [ 8563865.761947363615036, 1040856.884998839930631 ] ] ] } },
{ "type": "Feature", "properties": { "raster_val": 651 }, "geometry": { "type": "Polygon", "coordinates": [ [ [ 8568206.973913198336959, 1040856.884998839930631 ], [ 8568393.025854591280222, 1040856.884998839930631 ], [ 8568393.025854591280222, 1040701.841714345733635 ], [ 8568206.973913198336959, 1040701.841714345733635 ], [ 8568206.973913198336959, 1040732.850371244596317 ], [ 8568362.01719769090414, 1040732.850371244596317 ], [ 8568362.01719769090414, 1040825.876341941067949 ], [ 8568206.973913198336959, 1040825.876341941067949 ], [ 8568206.973913198336959, 1040856.884998839930631 ] ] ] } },
{ "type": "Feature", "properties": { "raster_val": 641 }, "geometry": { "type": "Polygon", "coordinates": [ [ [ 8564082.822545655071735, 1040980.91962643514853 ], [ 8564082.822545655071735, 1040918.90231263753958 ], [ 8564175.848516350612044, 1040918.90231263753958 ], [ 8564175.848516350612044, 1040608.815743649378419 ], [ 8564206.857173249125481, 1040608.815743649378419 ], [ 8564206.857173249125481, 1040949.910969536285847 ], [ 8564113.831202553585172, 1040949.910969536285847 ], [ 8564113.831202553585172, 1040980.91962643514853 ], [ 8564082.822545655071735, 1040980.91962643514853 ] ] ] } },
{ "type": "Feature", "properties": { "raster_val": 653 }, "geometry": { "type": "Polygon", "coordinates": [ [ [ 8569881.441385734826326, 1040825.876341941067949 ], [ 8569881.441385734826326, 1040701.841714345733635 ], [ 8569943.458699531853199, 1040701.841714345733635 ], [ 8569943.458699531853199, 1040608.815743649378419 ], [ 8570067.493327125906944, 1040608.815743649378419 ], [ 8570067.493327125906944, 1040732.850371244596317 ], [ 8570036.484670227393508, 1040732.850371244596317 ], [ 8570036.484670227393508, 1040639.824400548124686 ], [ 8569974.467356430366635, 1040639.824400548124686 ], [ 8569974.467356430366635, 1040732.850371244596317 ], [ 8569912.450042633339763, 1040732.850371244596317 ], [ 8569912.450042633339763, 1040825.876341941067949 ], [ 8569881.441385734826326, 1040825.876341941067949 ] ] ] } },
{ "type": "Feature", "properties": { "raster_val": 654 }, "geometry": { "type": "Polygon", "coordinates": [ [ [ 8565013.082252619788051, 1040794.867685042205267 ], [ 8565013.082252619788051, 1040701.841714345733635 ], [ 8565168.125537112355232, 1040701.841714345733635 ], [ 8565168.125537112355232, 1040608.815743649378419 ], [ 8565323.168821606785059, 1040608.815743649378419 ], [ 8565323.168821606785059, 1040639.824400548124686 ], [ 8565199.134194012731314, 1040639.824400548124686 ], [ 8565199.134194012731314, 1040732.850371244596317 ], [ 8565044.090909518301487, 1040732.850371244596317 ], [ 8565044.090909518301487, 1040794.867685042205267 ], [ 8565013.082252619788051, 1040794.867685042205267 ] ] ] } },
{ "type": "Feature", "properties": { "raster_val": 656 }, "geometry": { "type": "Polygon", "coordinates": [ [ [ 8562966.510897297412157, 1040732.850371244596317 ], [ 8562966.510897297412157, 1040484.781116054044105 ], [ 8562997.519554195925593, 1040484.781116054044105 ], [ 8562997.519554195925593, 1040701.841714345733635 ], [ 8563214.580152487382293, 1040701.841714345733635 ], [ 8563214.580152487382293, 1040732.850371244596317 ], [ 8562966.510897297412157, 1040732.850371244596317 ] ] ] } },
{ "type": "Feature", "properties": { "raster_val": 659 }, "geometry": { "type": "Polygon", "coordinates": [ [ [ 8568051.930628703907132, 1040732.850371244596317 ], [ 8568051.930628703907132, 1040608.815743649378419 ], [ 8568299.999883893877268, 1040608.815743649378419 ], [ 8568299.999883893877268, 1040639.824400548124686 ], [ 8568082.939285602420568, 1040639.824400548124686 ], [ 8568082.939285602420568, 1040701.841714345733635 ], [ 8568206.973913198336959, 1040701.841714345733635 ], [ 8568206.973913198336959, 1040732.850371244596317 ], [ 8568051.930628703907132, 1040732.850371244596317 ] ] ] } },
{ "type": "Feature", "properties": { "raster_val": 660 }, "geometry": { "type": "Polygon", "coordinates": [ [ [ 8570067.493327125906944, 1040732.850371244596317 ], [ 8570067.493327125906944, 1040701.841714345733635 ], [ 8570253.545268518850207, 1040701.841714345733635 ], [ 8570253.545268518850207, 1040608.815743649378419 ], [ 8570439.59720991179347, 1040608.815743649378419 ], [ 8570439.59720991179347, 1040639.824400548124686 ], [ 8570284.553925419226289, 1040639.824400548124686 ], [ 8570284.553925419226289, 1040732.850371244596317 ], [ 8570067.493327125906944, 1040732.850371244596317 ] ] ] } },
{ "type": "Feature", "properties": { "raster_val": 663 }, "geometry": { "type": "Polygon", "coordinates": [ [ [ 8568951.181678770110011, 1040701.841714345733635 ], [ 8568951.181678770110011, 1040608.815743649378419 ], [ 8568982.190335668623447, 1040608.815743649378419 ], [ 8568982.190335668623447, 1040701.841714345733635 ], [ 8568951.181678770110011, 1040701.841714345733635 ] ] ] } },
{ "type": "Feature", "properties": { "raster_val": 665 }, "geometry": { "type": "Polygon", "coordinates": [ [ [ 8564702.995683630928397, 1040670.833057446987368 ], [ 8564702.995683630928397, 1040608.815743649378419 ], [ 8564765.01299742795527, 1040608.815743649378419 ], [ 8564765.01299742795527, 1040515.789772952906787 ], [ 8564827.030311226844788, 1040515.789772952906787 ], [ 8564827.030311226844788, 1040546.798429851653054 ], [ 8564796.021654328331351, 1040546.798429851653054 ], [ 8564796.021654328331351, 1040639.824400548124686 ], [ 8564734.004340529441833, 1040639.824400548124686 ], [ 8564734.004340529441833, 1040670.833057446987368 ], [ 8564702.995683630928397, 1040670.833057446987368 ] ] ] } },
{ "type": "Feature", "properties": { "raster_val": 647 }, "geometry": { "type": "Polygon", "coordinates": [ [ [ 8569137.233620163053274, 1040918.90231263753958 ], [ 8569168.24227706156671, 1040918.90231263753958 ], [ 8569168.24227706156671, 1040701.841714345733635 ], [ 8569075.216306364163756, 1040701.841714345733635 ], [ 8569075.216306364163756, 1040608.815743649378419 ], [ 8568982.190335668623447, 1040608.815743649378419 ], [ 8568982.190335668623447, 1040639.824400548124686 ], [ 8569044.20764946565032, 1040639.824400548124686 ], [ 8569044.20764946565032, 1040732.850371244596317 ], [ 8569137.233620163053274, 1040732.850371244596317 ], [ 8569137.233620163053274, 1040918.90231263753958 ] ] ] } },
{ "type": "Feature", "properties": { "raster_val": 661 }, "geometry": { "type": "Polygon", "coordinates": [ [ [ 8570470.605866812169552, 1040732.850371244596317 ], [ 8570687.666465103626251, 1040732.850371244596317 ], [ 8570687.666465103626251, 1040577.807086750515737 ], [ 8570656.657808205112815, 1040577.807086750515737 ], [ 8570656.657808205112815, 1040701.841714345733635 ], [ 8570501.614523710682988, 1040701.841714345733635 ], [ 8570501.614523710682988, 1040608.815743649378419 ], [ 8570439.59720991179347, 1040608.815743649378419 ], [ 8570439.59720991179347, 1040639.824400548124686 ], [ 8570470.605866812169552, 1040639.824400548124686 ], [ 8570470.605866812169552, 1040732.850371244596317 ] ] ] } },
{ "type": "Feature", "properties": { "raster_val": 664 }, "geometry": { "type": "Polygon", "coordinates": [ [ [ 8563803.744633564725518, 1040670.833057446987368 ], [ 8563834.753290463238955, 1040670.833057446987368 ], [ 8563834.753290463238955, 1040608.815743649378419 ], [ 8563710.718662869185209, 1040608.815743649378419 ], [ 8563710.718662869185209, 1040515.789772952906787 ], [ 8563586.684035273268819, 1040515.789772952906787 ], [ 8563586.684035273268819, 1040453.772459155181423 ], [ 8563555.675378374755383, 1040453.772459155181423 ], [ 8563555.675378374755383, 1040546.798429851653054 ], [ 8563679.710005970671773, 1040546.798429851653054 ], [ 8563679.710005970671773, 1040639.824400548124686 ], [ 8563803.744633564725518, 1040639.824400548124686 ], [ 8563803.744633564725518, 1040670.833057446987368 ] ] ] } },
{ "type": "Feature", "properties": { "raster_val": 658 }, "geometry": { "type": "Polygon", "coordinates": [ [ [ 8563989.796574957668781, 1040732.850371244596317 ], [ 8564020.805231856182218, 1040732.850371244596317 ], [ 8564020.805231856182218, 1040639.824400548124686 ], [ 8564113.831202553585172, 1040639.824400548124686 ], [ 8564113.831202553585172, 1040515.789772952906787 ], [ 8564020.805231856182218, 1040515.789772952906787 ], [ 8564020.805231856182218, 1040453.772459155181423 ], [ 8563989.796574957668781, 1040453.772459155181423 ], [ 8563989.796574957668781, 1040546.798429851653054 ], [ 8564082.822545655071735, 1040546.798429851653054 ], [ 8564082.822545655071735, 1040608.815743649378419 ], [ 8563989.796574957668781, 1040608.815743649378419 ], [ 8563989.796574957668781, 1040732.850371244596317 ] ] ] } },
{ "type": "Feature", "properties": { "raster_val": 662 }, "geometry": { "type": "Polygon", "coordinates": [ [ [ 8564920.056281922385097, 1040701.841714345733635 ], [ 8564951.064938820898533, 1040701.841714345733635 ], [ 8564951.064938820898533, 1040546.798429851653054 ], [ 8565044.090909518301487, 1040546.798429851653054 ], [ 8565044.090909518301487, 1040515.789772952906787 ], [ 8564951.064938820898533, 1040515.789772952906787 ], [ 8564951.064938820898533, 1040422.763802256435156 ], [ 8564920.056281922385097, 1040422.763802256435156 ], [ 8564920.056281922385097, 1040515.789772952906787 ], [ 8564827.030311226844788, 1040515.789772952906787 ], [ 8564827.030311226844788, 1040546.798429851653054 ], [ 8564920.056281922385097, 1040546.798429851653054 ], [ 8564920.056281922385097, 1040701.841714345733635 ] ] ] } },
{ "type": "Feature", "properties": { "raster_val": 666 }, "geometry": { "type": "Polygon", "coordinates": [ [ [ 8565323.168821606785059, 1040639.824400548124686 ], [ 8565323.168821606785059, 1040298.729174661100842 ], [ 8565478.212106101214886, 1040298.729174661100842 ], [ 8565478.212106101214886, 1040329.737831559963524 ], [ 8565354.177478505298495, 1040329.737831559963524 ], [ 8565354.177478505298495, 1040639.824400548124686 ], [ 8565323.168821606785059, 1040639.824400548124686 ] ] ] } },
{ "type": "Feature", "properties": { "raster_val": 667 }, "geometry": { "type": "Polygon", "coordinates": [ [ [ 8568299.999883893877268, 1040639.824400548124686 ], [ 8568299.999883893877268, 1040608.815743649378419 ], [ 8568362.01719769090414, 1040608.815743649378419 ], [ 8568362.01719769090414, 1040391.755145357572474 ], [ 8568548.069139083847404, 1040391.755145357572474 ], [ 8568548.069139083847404, 1040422.763802256435156 ], [ 8568393.025854591280222, 1040422.763802256435156 ], [ 8568393.025854591280222, 1040639.824400548124686 ], [ 8568299.999883893877268, 1040639.824400548124686 ] ] ] } },
{ "type": "Feature", "properties": { "raster_val": 669 }, "geometry": { "type": "Polygon", "coordinates": [ [ [ 8570656.657808205112815, 1040577.807086750515737 ], [ 8570656.657808205112815, 1040391.755145357572474 ], [ 8570780.69243579916656, 1040391.755145357572474 ], [ 8570780.69243579916656, 1040236.711860863491893 ], [ 8570811.701092697679996, 1040236.711860863491893 ], [ 8570811.701092697679996, 1040422.763802256435156 ], [ 8570687.666465103626251, 1040422.763802256435156 ], [ 8570687.666465103626251, 1040577.807086750515737 ], [ 8570656.657808205112815, 1040577.807086750515737 ] ] ] } },
{ "type": "Feature", "properties": { "raster_val": 670 }, "geometry": { "type": "Polygon", "coordinates": [ [ [ 8565013.082252619788051, 1040515.789772952906787 ], [ 8565013.082252619788051, 1040391.755145357572474 ], [ 8565075.099566416814923, 1040391.755145357572474 ], [ 8565075.099566416814923, 1040205.703203964629211 ], [ 8565199.134194012731314, 1040205.703203964629211 ], [ 8565199.134194012731314, 1040236.711860863491893 ], [ 8565106.10822331532836, 1040236.711860863491893 ], [ 8565106.10822331532836, 1040422.763802256435156 ], [ 8565044.090909518301487, 1040422.763802256435156 ], [ 8565044.090909518301487, 1040515.789772952906787 ], [ 8565013.082252619788051, 1040515.789772952906787 ] ] ] } },
{ "type": "Feature", "properties": { "raster_val": 655 }, "geometry": { "type": "Polygon", "coordinates": [ [ [ 8569323.285561555996537, 1040763.859028143459 ], [ 8569354.294218454509974, 1040763.859028143459 ], [ 8569354.294218454509974, 1040391.755145357572474 ], [ 8569292.276904655620456, 1040391.755145357572474 ], [ 8569292.276904655620456, 1040360.746488458709791 ], [ 8569261.268247757107019, 1040360.746488458709791 ], [ 8569261.268247757107019, 1040422.763802256435156 ], [ 8569323.285561555996537, 1040422.763802256435156 ], [ 8569323.285561555996537, 1040763.859028143459 ] ] ] } },
{ "type": "Feature", "properties": { "raster_val": 668 }, "geometry": { "type": "Polygon", "coordinates": [ [ [ 8564175.848516350612044, 1040608.815743649378419 ], [ 8564206.857173249125481, 1040608.815743649378419 ], [ 8564206.857173249125481, 1040298.729174661100842 ], [ 8564020.805231856182218, 1040298.729174661100842 ], [ 8564020.805231856182218, 1040329.737831559963524 ], [ 8564175.848516350612044, 1040329.737831559963524 ], [ 8564175.848516350612044, 1040608.815743649378419 ] ] ] } },
{ "type": "Feature", "properties": { "raster_val": 675 }, "geometry": { "type": "Polygon", "coordinates": [ [ [ 8565509.220762999728322, 1040422.763802256435156 ], [ 8565633.255390595644712, 1040422.763802256435156 ], [ 8565633.255390595644712, 1040329.737831559963524 ], [ 8565726.281361291185021, 1040329.737831559963524 ], [ 8565726.281361291185021, 1040267.72051776223816 ], [ 8565695.272704392671585, 1040267.72051776223816 ], [ 8565695.272704392671585, 1040298.729174661100842 ], [ 8565602.246733697131276, 1040298.729174661100842 ], [ 8565602.246733697131276, 1040391.755145357572474 ], [ 8565540.229419898241758, 1040391.755145357572474 ], [ 8565540.229419898241758, 1040298.729174661100842 ], [ 8565478.212106101214886, 1040298.729174661100842 ], [ 8565478.212106101214886, 1040329.737831559963524 ], [ 8565509.220762999728322, 1040329.737831559963524 ], [ 8565509.220762999728322, 1040422.763802256435156 ] ] ] } },
{ "type": "Feature", "properties": { "raster_val": 680 }, "geometry": { "type": "Polygon", "coordinates": [ [ [ 8567989.913314905017614, 1040329.737831559963524 ], [ 8567989.913314905017614, 1040298.729174661100842 ], [ 8568206.973913198336959, 1040298.729174661100842 ], [ 8568206.973913198336959, 1040205.703203964629211 ], [ 8568362.01719769090414, 1040205.703203964629211 ], [ 8568362.01719769090414, 1040236.711860863491893 ], [ 8568237.982570096850395, 1040236.711860863491893 ], [ 8568237.982570096850395, 1040329.737831559963524 ], [ 8567989.913314905017614, 1040329.737831559963524 ] ] ] } },
{ "type": "Feature", "properties": { "raster_val": 673 }, "geometry": { "type": "Polygon", "coordinates": [ [ [ 8563989.796574957668781, 1040453.772459155181423 ], [ 8564020.805231856182218, 1040453.772459155181423 ], [ 8564020.805231856182218, 1040205.703203964629211 ], [ 8563927.779261160641909, 1040205.703203964629211 ], [ 8563927.779261160641909, 1040236.711860863491893 ], [ 8563989.796574957668781, 1040236.711860863491893 ], [ 8563989.796574957668781, 1040298.729174661100842 ], [ 8563834.753290463238955, 1040298.729174661100842 ], [ 8563834.753290463238955, 1040329.737831559963524 ], [ 8563989.796574957668781, 1040329.737831559963524 ], [ 8563989.796574957668781, 1040453.772459155181423 ] ] ] } },
{ "type": "Feature", "properties": { "raster_val": 684 }, "geometry": { "type": "Polygon", "coordinates": [ [ [ 8568579.077795984223485, 1040236.711860863491893 ], [ 8568579.077795984223485, 1040205.703203964629211 ], [ 8568703.11242357827723, 1040205.703203964629211 ], [ 8568703.11242357827723, 1040236.711860863491893 ], [ 8568579.077795984223485, 1040236.711860863491893 ] ] ] } },
{ "type": "Feature", "properties": { "raster_val": 676 }, "geometry": { "type": "Polygon", "coordinates": [ [ [ 8568548.069139083847404, 1040422.763802256435156 ], [ 8568703.11242357827723, 1040422.763802256435156 ], [ 8568703.11242357827723, 1040329.737831559963524 ], [ 8568765.129737377166748, 1040329.737831559963524 ], [ 8568765.129737377166748, 1040174.694547065882944 ], [ 8568734.121080476790667, 1040174.694547065882944 ], [ 8568734.121080476790667, 1040205.703203964629211 ], [ 8568703.11242357827723, 1040205.703203964629211 ], [ 8568703.11242357827723, 1040236.711860863491893 ], [ 8568734.121080476790667, 1040236.711860863491893 ], [ 8568734.121080476790667, 1040298.729174661100842 ], [ 8568672.103766679763794, 1040298.729174661100842 ], [ 8568672.103766679763794, 1040391.755145357572474 ], [ 8568548.069139083847404, 1040391.755145357572474 ], [ 8568548.069139083847404, 1040422.763802256435156 ] ] ] } },
{ "type": "Feature", "properties": { "raster_val": 671 }, "geometry": { "type": "Polygon", "coordinates": [ [ [ 8562966.510897297412157, 1040484.781116054044105 ], [ 8562966.510897297412157, 1040298.729174661100842 ], [ 8563090.545524891465902, 1040298.729174661100842 ], [ 8563090.545524891465902, 1040143.685890167020261 ], [ 8563121.554181791841984, 1040143.685890167020261 ], [ 8563121.554181791841984, 1040329.737831559963524 ], [ 8562997.519554195925593, 1040329.737831559963524 ], [ 8562997.519554195925593, 1040484.781116054044105 ], [ 8562966.510897297412157, 1040484.781116054044105 ] ] ] } },
{ "type": "Feature", "properties": { "raster_val": 672 }, "geometry": { "type": "Polygon", "coordinates": [ [ [ 8563555.675378374755383, 1040453.772459155181423 ], [ 8563555.675378374755383, 1040019.651262571685947 ], [ 8563617.692692171782255, 1040019.651262571685947 ], [ 8563617.692692171782255, 1040050.65991947054863 ], [ 8563586.684035273268819, 1040050.65991947054863 ], [ 8563586.684035273268819, 1040453.772459155181423 ], [ 8563555.675378374755383, 1040453.772459155181423 ] ] ] } },
{ "type": "Feature", "properties": { "raster_val": 674 }, "geometry": { "type": "Polygon", "coordinates": [ [ [ 8564920.056281922385097, 1040422.763802256435156 ], [ 8564920.056281922385097, 1040298.729174661100842 ], [ 8565013.082252619788051, 1040298.729174661100842 ], [ 8565013.082252619788051, 1040050.65991947054863 ], [ 8565044.090909518301487, 1040050.65991947054863 ], [ 8565044.090909518301487, 1040329.737831559963524 ], [ 8564951.064938820898533, 1040329.737831559963524 ], [ 8564951.064938820898533, 1040422.763802256435156 ], [ 8564920.056281922385097, 1040422.763802256435156 ] ] ] } },
{ "type": "Feature", "properties": { "raster_val": 678 }, "geometry": { "type": "Polygon", "coordinates": [ [ [ 8563679.710005970671773, 1040329.737831559963524 ], [ 8563679.710005970671773, 1040205.703203964629211 ], [ 8563803.744633564725518, 1040205.703203964629211 ], [ 8563803.744633564725518, 1040112.677233268157579 ], [ 8563834.753290463238955, 1040112.677233268157579 ], [ 8563834.753290463238955, 1040236.711860863491893 ], [ 8563710.718662869185209, 1040236.711860863491893 ], [ 8563710.718662869185209, 1040298.729174661100842 ], [ 8563834.753290463238955, 1040298.729174661100842 ], [ 8563834.753290463238955, 1040329.737831559963524 ], [ 8563679.710005970671773, 1040329.737831559963524 ] ] ] } },
{ "type": "Feature", "properties": { "raster_val": 679 }, "geometry": { "type": "Polygon", "coordinates": [ [ [ 8567741.844059715047479, 1040329.737831559963524 ], [ 8567741.844059715047479, 1040081.668576369411312 ], [ 8567772.852716613560915, 1040081.668576369411312 ], [ 8567772.852716613560915, 1040298.729174661100842 ], [ 8567989.913314905017614, 1040298.729174661100842 ], [ 8567989.913314905017614, 1040329.737831559963524 ], [ 8567741.844059715047479, 1040329.737831559963524 ] ] ] } },
{ "type": "Feature", "properties": { "raster_val": 681 }, "geometry": { "type": "Polygon", "coordinates": [ [ [ 8565695.272704392671585, 1040267.72051776223816 ], [ 8565695.272704392671585, 1040205.703203964629211 ], [ 8565912.333302684128284, 1040205.703203964629211 ], [ 8565912.333302684128284, 1040019.651262571685947 ], [ 8565943.341959584504366, 1040019.651262571685947 ], [ 8565943.341959584504366, 1040236.711860863491893 ], [ 8565726.281361291185021, 1040236.711860863491893 ], [ 8565726.281361291185021, 1040267.72051776223816 ], [ 8565695.272704392671585, 1040267.72051776223816 ] ] ] } },
{ "type": "Feature", "properties": { "raster_val": 683 }, "geometry": { "type": "Polygon", "coordinates": [ [ [ 8568362.01719769090414, 1040236.711860863491893 ], [ 8568362.01719769090414, 1040081.668576369411312 ], [ 8568548.069139083847404, 1040081.668576369411312 ], [ 8568548.069139083847404, 1040205.703203964629211 ], [ 8568579.077795984223485, 1040205.703203964629211 ], [ 8568579.077795984223485, 1040236.711860863491893 ], [ 8568517.060482185333967, 1040236.711860863491893 ], [ 8568517.060482185333967, 1040112.677233268157579 ], [ 8568393.025854591280222, 1040112.677233268157579 ], [ 8568393.025854591280222, 1040236.711860863491893 ], [ 8568362.01719769090414, 1040236.711860863491893 ] ] ] } },
{ "type": "Feature", "properties": { "raster_val": 689 }, "geometry": { "type": "Polygon", "coordinates": [ [ [ 8568734.121080476790667, 1040174.694547065882944 ], [ 8568734.121080476790667, 1040081.668576369411312 ], [ 8568920.17302186973393, 1040081.668576369411312 ], [ 8568920.17302186973393, 1040112.677233268157579 ], [ 8568765.129737377166748, 1040112.677233268157579 ], [ 8568765.129737377166748, 1040174.694547065882944 ], [ 8568734.121080476790667, 1040174.694547065882944 ] ] ] } },
{ "type": "Feature", "properties": { "raster_val": 682 }, "geometry": { "type": "Polygon", "coordinates": [ [ [ 8563865.761947363615036, 1040236.711860863491893 ], [ 8563927.779261160641909, 1040236.711860863491893 ], [ 8563927.779261160641909, 1040205.703203964629211 ], [ 8563896.770604262128472, 1040205.703203964629211 ], [ 8563896.770604262128472, 1040081.668576369411312 ], [ 8563803.744633564725518, 1040081.668576369411312 ], [ 8563803.744633564725518, 1040112.677233268157579 ], [ 8563865.761947363615036, 1040112.677233268157579 ], [ 8563865.761947363615036, 1040236.711860863491893 ] ] ] } },
{ "type": "Feature", "properties": { "raster_val": 688 }, "geometry": { "type": "Polygon", "coordinates": [ [ [ 8565168.125537112355232, 1040205.703203964629211 ], [ 8565199.134194012731314, 1040205.703203964629211 ], [ 8565199.134194012731314, 1040081.668576369411312 ], [ 8565106.10822331532836, 1040081.668576369411312 ], [ 8565106.10822331532836, 1040050.65991947054863 ], [ 8565292.160164708271623, 1040050.65991947054863 ], [ 8565292.160164708271623, 1040019.651262571685947 ], [ 8565075.099566416814923, 1040019.651262571685947 ], [ 8565075.099566416814923, 1040112.677233268157579 ], [ 8565168.125537112355232, 1040112.677233268157579 ], [ 8565168.125537112355232, 1040205.703203964629211 ] ] ] } },
{ "type": "Feature", "properties": { "raster_val": 685 }, "geometry": { "type": "Polygon", "coordinates": [ [ [ 8568765.129737377166748, 1040236.711860863491893 ], [ 8568982.190335668623447, 1040236.711860863491893 ], [ 8568982.190335668623447, 1040112.677233268157579 ], [ 8569013.198992567136884, 1040112.677233268157579 ], [ 8569013.198992567136884, 1040081.668576369411312 ], [ 8568982.190335668623447, 1040081.668576369411312 ], [ 8568982.190335668623447, 1040019.651262571685947 ], [ 8568951.181678770110011, 1040019.651262571685947 ], [ 8568951.181678770110011, 1040081.668576369411312 ], [ 8568920.17302186973393, 1040081.668576369411312 ], [ 8568920.17302186973393, 1040112.677233268157579 ], [ 8568951.181678770110011, 1040112.677233268157579 ], [ 8568951.181678770110011, 1040205.703203964629211 ], [ 8568765.129737377166748, 1040205.703203964629211 ], [ 8568765.129737377166748, 1040236.711860863491893 ] ] ] } },
{ "type": "Feature", "properties": { "raster_val": 691 }, "geometry": { "type": "Polygon", "coordinates": [ [ [ 8569013.198992567136884, 1040112.677233268157579 ], [ 8569013.198992567136884, 1040081.668576369411312 ], [ 8569199.250933960080147, 1040081.668576369411312 ], [ 8569199.250933960080147, 1040112.677233268157579 ], [ 8569013.198992567136884, 1040112.677233268157579 ] ] ] } },
{ "type": "Feature", "properties": { "raster_val": 677 }, "geometry": { "type": "Polygon", "coordinates": [ [ [ 8569261.268247757107019, 1040360.746488458709791 ], [ 8569292.276904655620456, 1040360.746488458709791 ], [ 8569292.276904655620456, 1040112.677233268157579 ], [ 8569354.294218454509974, 1040112.677233268157579 ], [ 8569354.294218454509974, 1040081.668576369411312 ], [ 8569292.276904655620456, 1040081.668576369411312 ], [ 8569292.276904655620456, 1040019.651262571685947 ], [ 8569261.268247757107019, 1040019.651262571685947 ], [ 8569261.268247757107019, 1040081.668576369411312 ], [ 8569199.250933960080147, 1040081.668576369411312 ], [ 8569199.250933960080147, 1040112.677233268157579 ], [ 8569261.268247757107019, 1040112.677233268157579 ], [ 8569261.268247757107019, 1040360.746488458709791 ] ] ] } },
{ "type": "Feature", "properties": { "raster_val": 686 }, "geometry": { "type": "Polygon", "coordinates": [ [ [ 8569447.320189150050282, 1040236.711860863491893 ], [ 8569602.363473644480109, 1040236.711860863491893 ], [ 8569602.363473644480109, 1040112.677233268157579 ], [ 8569571.354816745966673, 1040112.677233268157579 ], [ 8569571.354816745966673, 1040205.703203964629211 ], [ 8569478.328846048563719, 1040205.703203964629211 ], [ 8569478.328846048563719, 1040081.668576369411312 ], [ 8569354.294218454509974, 1040081.668576369411312 ], [ 8569354.294218454509974, 1040112.677233268157579 ], [ 8569447.320189150050282, 1040112.677233268157579 ], [ 8569447.320189150050282, 1040236.711860863491893 ] ] ] } },
{ "type": "Feature", "properties": { "raster_val": 692 }, "geometry": { "type": "Polygon", "coordinates": [ [ [ 8569571.354816745966673, 1040112.677233268157579 ], [ 8569571.354816745966673, 1040081.668576369411312 ], [ 8569633.372130542993546, 1040081.668576369411312 ], [ 8569633.372130542993546, 1040019.651262571685947 ], [ 8569757.406758138909936, 1040019.651262571685947 ], [ 8569757.406758138909936, 1040081.668576369411312 ], [ 8569912.450042633339763, 1040081.668576369411312 ], [ 8569912.450042633339763, 1040112.677233268157579 ], [ 8569726.3981012403965, 1040112.677233268157579 ], [ 8569726.3981012403965, 1040050.65991947054863 ], [ 8569664.380787441506982, 1040050.65991947054863 ], [ 8569664.380787441506982, 1040112.677233268157579 ], [ 8569571.354816745966673, 1040112.677233268157579 ] ] ] } },
{ "type": "Feature", "properties": { "raster_val": 687 }, "geometry": { "type": "Polygon", "coordinates": [ [ [ 8570780.69243579916656, 1040236.711860863491893 ], [ 8570780.69243579916656, 1040205.703203964629211 ], [ 8570842.709749598056078, 1040205.703203964629211 ], [ 8570842.709749598056078, 1039833.5993211788591 ], [ 8570873.718406496569514, 1039833.5993211788591 ], [ 8570873.718406496569514, 1040236.711860863491893 ], [ 8570780.69243579916656, 1040236.711860863491893 ] ] ] } },
{ "type": "Feature", "properties": { "raster_val": 693 }, "geometry": { "type": "Polygon", "coordinates": [ [ [ 8569912.450042633339763, 1040112.677233268157579 ], [ 8569912.450042633339763, 1040081.668576369411312 ], [ 8569943.458699531853199, 1040081.668576369411312 ], [ 8569943.458699531853199, 1040019.651262571685947 ], [ 8570036.484670227393508, 1040019.651262571685947 ], [ 8570036.484670227393508, 1039771.582007381133735 ], [ 8570067.493327125906944, 1039771.582007381133735 ], [ 8570067.493327125906944, 1040050.65991947054863 ], [ 8569974.467356430366635, 1040050.65991947054863 ], [ 8569974.467356430366635, 1040112.677233268157579 ], [ 8569912.450042633339763, 1040112.677233268157579 ] ] ] } },
{ "type": "Feature", "properties": { "raster_val": 694 }, "geometry": { "type": "Polygon", "coordinates": [ [ [ 8567741.844059715047479, 1040081.668576369411312 ], [ 8567741.844059715047479, 1040019.651262571685947 ], [ 8567803.861373512074351, 1040019.651262571685947 ], [ 8567803.861373512074351, 1039895.616634976468049 ], [ 8568051.930628703907132, 1039895.616634976468049 ], [ 8568051.930628703907132, 1039926.625291875214316 ], [ 8567834.870030412450433, 1039926.625291875214316 ], [ 8567834.870030412450433, 1040050.65991947054863 ], [ 8567772.852716613560915, 1040050.65991947054863 ], [ 8567772.852716613560915, 1040081.668576369411312 ], [ 8567741.844059715047479, 1040081.668576369411312 ] ] ] } },
{ "type": "Feature", "properties": { "raster_val": 697 }, "geometry": { "type": "Polygon", "coordinates": [ [ [ 8565292.160164708271623, 1040050.65991947054863 ], [ 8565292.160164708271623, 1040019.651262571685947 ], [ 8565323.168821606785059, 1040019.651262571685947 ], [ 8565323.168821606785059, 1039771.582007381133735 ], [ 8565385.186135405674577, 1039771.582007381133735 ], [ 8565385.186135405674577, 1039678.556036684662104 ], [ 8565416.194792304188013, 1039678.556036684662104 ], [ 8565416.194792304188013, 1039802.590664279996417 ], [ 8565354.177478505298495, 1039802.590664279996417 ], [ 8565354.177478505298495, 1040050.65991947054863 ], [ 8565292.160164708271623, 1040050.65991947054863 ] ] ] } },
{ "type": "Feature", "properties": { "raster_val": 699 }, "geometry": { "type": "Polygon", "coordinates": [ [ [ 8568982.190335668623447, 1040050.65991947054863 ], [ 8568982.190335668623447, 1040019.651262571685947 ], [ 8569044.20764946565032, 1040019.651262571685947 ], [ 8569044.20764946565032, 1039895.616634976468049 ], [ 8569261.268247757107019, 1039895.616634976468049 ], [ 8569261.268247757107019, 1039864.607978077605367 ], [ 8569292.276904655620456, 1039864.607978077605367 ], [ 8569292.276904655620456, 1039926.625291875214316 ], [ 8569075.216306364163756, 1039926.625291875214316 ], [ 8569075.216306364163756, 1040050.65991947054863 ], [ 8568982.190335668623447, 1040050.65991947054863 ] ] ] } },
{ "type": "Feature", "properties": { "raster_val": 700 }, "geometry": { "type": "Polygon", "coordinates": [ [ [ 8569292.276904655620456, 1040050.65991947054863 ], [ 8569292.276904655620456, 1040019.651262571685947 ], [ 8569323.285561555996537, 1040019.651262571685947 ], [ 8569323.285561555996537, 1039895.616634976468049 ], [ 8569447.320189150050282, 1039895.616634976468049 ], [ 8569447.320189150050282, 1039771.582007381133735 ], [ 8569509.3375029489398, 1039771.582007381133735 ], [ 8569509.3375029489398, 1039802.590664279996417 ], [ 8569478.328846048563719, 1039802.590664279996417 ], [ 8569478.328846048563719, 1039926.625291875214316 ], [ 8569354.294218454509974, 1039926.625291875214316 ], [ 8569354.294218454509974, 1040050.65991947054863 ], [ 8569292.276904655620456, 1040050.65991947054863 ] ] ] } },
{ "type": "Feature", "properties": { "raster_val": 701 }, "geometry": { "type": "Polygon", "coordinates": [ [ [ 8562780.458955904468894, 1039926.625291875214316 ], [ 8562780.458955904468894, 1039771.582007381133735 ], [ 8562966.510897297412157, 1039771.582007381133735 ], [ 8562966.510897297412157, 1039709.564693583524786 ], [ 8562997.519554195925593, 1039709.564693583524786 ], [ 8562997.519554195925593, 1039802.590664279996417 ], [ 8562811.46761280298233, 1039802.590664279996417 ], [ 8562811.46761280298233, 1039895.616634976468049 ], [ 8562873.484926600009203, 1039895.616634976468049 ], [ 8562873.484926600009203, 1039926.625291875214316 ], [ 8562780.458955904468894, 1039926.625291875214316 ] ] ] } },
{ "type": "Feature", "properties": { "raster_val": 690 }, "geometry": { "type": "Polygon", "coordinates": [ [ [ 8563090.545524891465902, 1040143.685890167020261 ], [ 8563121.554181791841984, 1040143.685890167020261 ], [ 8563121.554181791841984, 1040081.668576369411312 ], [ 8562997.519554195925593, 1040081.668576369411312 ], [ 8562997.519554195925593, 1039895.616634976468049 ], [ 8562873.484926600009203, 1039895.616634976468049 ], [ 8562873.484926600009203, 1039926.625291875214316 ], [ 8562966.510897297412157, 1039926.625291875214316 ], [ 8562966.510897297412157, 1040112.677233268157579 ], [ 8563090.545524891465902, 1040112.677233268157579 ], [ 8563090.545524891465902, 1040143.685890167020261 ] ] ] } },
{ "type": "Feature", "properties": { "raster_val": 695 }, "geometry": { "type": "Polygon", "coordinates": [ [ [ 8563617.692692171782255, 1040050.65991947054863 ], [ 8563834.753290463238955, 1040050.65991947054863 ], [ 8563834.753290463238955, 1039895.616634976468049 ], [ 8563679.710005970671773, 1039895.616634976468049 ], [ 8563679.710005970671773, 1039926.625291875214316 ], [ 8563803.744633564725518, 1039926.625291875214316 ], [ 8563803.744633564725518, 1040019.651262571685947 ], [ 8563617.692692171782255, 1040019.651262571685947 ], [ 8563617.692692171782255, 1040050.65991947054863 ] ] ] } },
{ "type": "Feature", "properties": { "raster_val": 703 }, "geometry": { "type": "Polygon", "coordinates": [ [ [ 8568051.930628703907132, 1039926.625291875214316 ], [ 8568051.930628703907132, 1039895.616634976468049 ], [ 8568362.01719769090414, 1039895.616634976468049 ], [ 8568362.01719769090414, 1039771.582007381133735 ], [ 8568393.025854591280222, 1039771.582007381133735 ], [ 8568393.025854591280222, 1039926.625291875214316 ], [ 8568051.930628703907132, 1039926.625291875214316 ] ] ] } },
{ "type": "Feature", "properties": { "raster_val": 705 }, "geometry": { "type": "Polygon", "coordinates": [ [ [ 8563679.710005970671773, 1039895.616634976468049 ], [ 8563679.710005970671773, 1039771.582007381133735 ], [ 8563865.761947363615036, 1039771.582007381133735 ], [ 8563865.761947363615036, 1039709.564693583524786 ], [ 8563989.796574957668781, 1039709.564693583524786 ], [ 8563989.796574957668781, 1039740.573350482387468 ], [ 8563896.770604262128472, 1039740.573350482387468 ], [ 8563896.770604262128472, 1039802.590664279996417 ], [ 8563710.718662869185209, 1039802.590664279996417 ], [ 8563710.718662869185209, 1039895.616634976468049 ], [ 8563679.710005970671773, 1039895.616634976468049 ] ] ] } },
{ "type": "Feature", "properties": { "raster_val": 707 }, "geometry": { "type": "Polygon", "coordinates": [ [ [ 8570842.709749598056078, 1039833.5993211788591 ], [ 8570842.709749598056078, 1039771.582007381133735 ], [ 8571152.796318585053086, 1039771.582007381133735 ], [ 8571152.796318585053086, 1039709.564693583524786 ], [ 8571214.813632383942604, 1039709.564693583524786 ], [ 8571214.813632383942604, 1039740.573350482387468 ], [ 8571183.804975483566523, 1039740.573350482387468 ], [ 8571183.804975483566523, 1039802.590664279996417 ], [ 8570873.718406496569514, 1039802.590664279996417 ], [ 8570873.718406496569514, 1039833.5993211788591 ], [ 8570842.709749598056078, 1039833.5993211788591 ] ] ] } },
{ "type": "Feature", "properties": { "raster_val": 696 }, "geometry": { "type": "Polygon", "coordinates": [ [ [ 8565013.082252619788051, 1040050.65991947054863 ], [ 8565044.090909518301487, 1040050.65991947054863 ], [ 8565044.090909518301487, 1039771.582007381133735 ], [ 8564827.030311226844788, 1039771.582007381133735 ], [ 8564827.030311226844788, 1039802.590664279996417 ], [ 8565013.082252619788051, 1039802.590664279996417 ], [ 8565013.082252619788051, 1040050.65991947054863 ] ] ] } },
{ "type": "Feature", "properties": { "raster_val": 698 }, "geometry": { "type": "Polygon", "coordinates": [ [ [ 8565943.341959584504366, 1040050.65991947054863 ], [ 8566036.367930280044675, 1040050.65991947054863 ], [ 8566036.367930280044675, 1039771.582007381133735 ], [ 8565943.341959584504366, 1039771.582007381133735 ], [ 8565943.341959584504366, 1039740.573350482387468 ], [ 8565912.333302684128284, 1039740.573350482387468 ], [ 8565912.333302684128284, 1039802.590664279996417 ], [ 8566005.359273381531239, 1039802.590664279996417 ], [ 8566005.359273381531239, 1040019.651262571685947 ], [ 8565943.341959584504366, 1040019.651262571685947 ], [ 8565943.341959584504366, 1040050.65991947054863 ] ] ] } },
{ "type": "Feature", "properties": { "raster_val": 702 }, "geometry": { "type": "Polygon", "coordinates": [ [ [ 8563183.571495588868856, 1039926.625291875214316 ], [ 8563431.640750778838992, 1039926.625291875214316 ], [ 8563431.640750778838992, 1039895.616634976468049 ], [ 8563214.580152487382293, 1039895.616634976468049 ], [ 8563214.580152487382293, 1039709.564693583524786 ], [ 8563152.56283869035542, 1039709.564693583524786 ], [ 8563152.56283869035542, 1039740.573350482387468 ], [ 8563183.571495588868856, 1039740.573350482387468 ], [ 8563183.571495588868856, 1039926.625291875214316 ] ] ] } },
{ "type": "Feature", "properties": { "raster_val": 706 }, "geometry": { "type": "Polygon", "coordinates": [ [ [ 8569261.268247757107019, 1039864.607978077605367 ], [ 8569261.268247757107019, 1039709.564693583524786 ], [ 8569323.285561555996537, 1039709.564693583524786 ], [ 8569323.285561555996537, 1039616.538722887053154 ], [ 8569509.3375029489398, 1039616.538722887053154 ], [ 8569509.3375029489398, 1039647.547379785915837 ], [ 8569354.294218454509974, 1039647.547379785915837 ], [ 8569354.294218454509974, 1039740.573350482387468 ], [ 8569292.276904655620456, 1039740.573350482387468 ], [ 8569292.276904655620456, 1039864.607978077605367 ], [ 8569261.268247757107019, 1039864.607978077605367 ] ] ] } },
{ "type": "Feature", "properties": { "raster_val": 708 }, "geometry": { "type": "Polygon", "coordinates": [ [ [ 8564765.01299742795527, 1039802.590664279996417 ], [ 8564765.01299742795527, 1039709.564693583524786 ], [ 8564920.056281922385097, 1039709.564693583524786 ], [ 8564920.056281922385097, 1039523.512752190581523 ], [ 8564951.064938820898533, 1039523.512752190581523 ], [ 8564951.064938820898533, 1039740.573350482387468 ], [ 8564796.021654328331351, 1039740.573350482387468 ], [ 8564796.021654328331351, 1039771.582007381133735 ], [ 8564827.030311226844788, 1039771.582007381133735 ], [ 8564827.030311226844788, 1039802.590664279996417 ], [ 8564765.01299742795527, 1039802.590664279996417 ] ] ] } },
{ "type": "Feature", "properties": { "raster_val": 709 }, "geometry": { "type": "Polygon", "coordinates": [ [ [ 8568393.025854591280222, 1039802.590664279996417 ], [ 8568393.025854591280222, 1039771.582007381133735 ], [ 8568517.060482185333967, 1039771.582007381133735 ], [ 8568517.060482185333967, 1039709.564693583524786 ], [ 8568672.103766679763794, 1039709.564693583524786 ], [ 8568672.103766679763794, 1039616.538722887053154 ], [ 8568703.11242357827723, 1039616.538722887053154 ], [ 8568703.11242357827723, 1039740.573350482387468 ], [ 8568548.069139083847404, 1039740.573350482387468 ], [ 8568548.069139083847404, 1039802.590664279996417 ], [ 8568393.025854591280222, 1039802.590664279996417 ] ] ] } },
{ "type": "Feature", "properties": { "raster_val": 714 }, "geometry": { "type": "Polygon", "coordinates": [ [ [ 8565695.272704392671585, 1039740.573350482387468 ], [ 8565695.272704392671585, 1039616.538722887053154 ], [ 8565850.315988887101412, 1039616.538722887053154 ], [ 8565850.315988887101412, 1039647.547379785915837 ], [ 8565726.281361291185021, 1039647.547379785915837 ], [ 8565726.281361291185021, 1039709.564693583524786 ], [ 8565943.341959584504366, 1039709.564693583524786 ], [ 8565943.341959584504366, 1039740.573350482387468 ], [ 8565695.272704392671585, 1039740.573350482387468 ] ] ] } },
{ "type": "Feature", "properties": { "raster_val": 715 }, "geometry": { "type": "Polygon", "coordinates": [ [ [ 8567431.75749072805047, 1039740.573350482387468 ], [ 8567431.75749072805047, 1039616.538722887053154 ], [ 8567524.783461423590779, 1039616.538722887053154 ], [ 8567524.783461423590779, 1039585.530065988190472 ], [ 8567555.792118322104216, 1039585.530065988190472 ], [ 8567555.792118322104216, 1039647.547379785915837 ], [ 8567462.766147626563907, 1039647.547379785915837 ], [ 8567462.766147626563907, 1039709.564693583524786 ], [ 8567679.826745918020606, 1039709.564693583524786 ], [ 8567679.826745918020606, 1039740.573350482387468 ], [ 8567431.75749072805047, 1039740.573350482387468 ] ] ] } },
{ "type": "Feature", "properties": { "raster_val": 716 }, "geometry": { "type": "Polygon", "coordinates": [ [ [ 8567679.826745918020606, 1039740.573350482387468 ], [ 8567679.826745918020606, 1039709.564693583524786 ], [ 8567803.861373512074351, 1039709.564693583524786 ], [ 8567803.861373512074351, 1039616.538722887053154 ], [ 8568051.930628703907132, 1039616.538722887053154 ], [ 8568051.930628703907132, 1039647.547379785915837 ], [ 8567834.870030412450433, 1039647.547379785915837 ], [ 8567834.870030412450433, 1039740.573350482387468 ], [ 8567679.826745918020606, 1039740.573350482387468 ] ] ] } },
{ "type": "Feature", "properties": { "raster_val": 717 }, "geometry": { "type": "Polygon", "coordinates": [ [ [ 8571214.813632383942604, 1039740.573350482387468 ], [ 8571214.813632383942604, 1039709.564693583524786 ], [ 8571245.82228928245604, 1039709.564693583524786 ], [ 8571245.82228928245604, 1039616.538722887053154 ], [ 8571400.865573776885867, 1039616.538722887053154 ], [ 8571400.865573776885867, 1039461.495438392972574 ], [ 8571431.874230675399303, 1039461.495438392972574 ], [ 8571431.874230675399303, 1039647.547379785915837 ], [ 8571276.830946180969477, 1039647.547379785915837 ], [ 8571276.830946180969477, 1039740.573350482387468 ], [ 8571214.813632383942604, 1039740.573350482387468 ] ] ] } },
{ "type": "Feature", "properties": { "raster_val": 718 }, "geometry": { "type": "Polygon", "coordinates": [ [ [ 8562966.510897297412157, 1039709.564693583524786 ], [ 8562966.510897297412157, 1039523.512752190581523 ], [ 8562997.519554195925593, 1039523.512752190581523 ], [ 8562997.519554195925593, 1039709.564693583524786 ], [ 8562966.510897297412157, 1039709.564693583524786 ] ] ] } },
{ "type": "Feature", "properties": { "raster_val": 704 }, "geometry": { "type": "Polygon", "coordinates": [ [ [ 8563400.632093880325556, 1039895.616634976468049 ], [ 8563431.640750778838992, 1039895.616634976468049 ], [ 8563431.640750778838992, 1039616.538722887053154 ], [ 8563276.597466284409165, 1039616.538722887053154 ], [ 8563276.597466284409165, 1039585.530065988190472 ], [ 8563245.588809385895729, 1039585.530065988190472 ], [ 8563245.588809385895729, 1039647.547379785915837 ], [ 8563400.632093880325556, 1039647.547379785915837 ], [ 8563400.632093880325556, 1039895.616634976468049 ] ] ] } },
{ "type": "Feature", "properties": { "raster_val": 722 }, "geometry": { "type": "Polygon", "coordinates": [ [ [ 8568051.930628703907132, 1039647.547379785915837 ], [ 8568051.930628703907132, 1039616.538722887053154 ], [ 8568362.01719769090414, 1039616.538722887053154 ], [ 8568362.01719769090414, 1039492.504095291718841 ], [ 8568393.025854591280222, 1039492.504095291718841 ], [ 8568393.025854591280222, 1039647.547379785915837 ], [ 8568051.930628703907132, 1039647.547379785915837 ] ] ] } },
{ "type": "Feature", "properties": { "raster_val": 724 }, "geometry": { "type": "Polygon", "coordinates": [ [ [ 8569509.3375029489398, 1039647.547379785915837 ], [ 8569509.3375029489398, 1039616.538722887053154 ], [ 8569664.380787441506982, 1039616.538722887053154 ], [ 8569664.380787441506982, 1039647.547379785915837 ], [ 8569509.3375029489398, 1039647.547379785915837 ] ] ] } },
{ "type": "Feature", "properties": { "raster_val": 710 }, "geometry": { "type": "Polygon", "coordinates": [ [ [ 8569509.3375029489398, 1039802.590664279996417 ], [ 8569664.380787441506982, 1039802.590664279996417 ], [ 8569664.380787441506982, 1039740.573350482387468 ], [ 8569757.406758138909936, 1039740.573350482387468 ], [ 8569757.406758138909936, 1039616.538722887053154 ], [ 8569664.380787441506982, 1039616.538722887053154 ], [ 8569664.380787441506982, 1039647.547379785915837 ], [ 8569726.3981012403965, 1039647.547379785915837 ], [ 8569726.3981012403965, 1039709.564693583524786 ], [ 8569633.372130542993546, 1039709.564693583524786 ], [ 8569633.372130542993546, 1039771.582007381133735 ], [ 8569509.3375029489398, 1039771.582007381133735 ], [ 8569509.3375029489398, 1039802.590664279996417 ] ] ] } },
{ "type": "Feature", "properties": { "raster_val": 725 }, "geometry": { "type": "Polygon", "coordinates": [ [ [ 8565819.307331988587976, 1039616.538722887053154 ], [ 8565819.307331988587976, 1039461.495438392972574 ], [ 8565943.341959584504366, 1039461.495438392972574 ], [ 8565943.341959584504366, 1039492.504095291718841 ], [ 8565850.315988887101412, 1039492.504095291718841 ], [ 8565850.315988887101412, 1039616.538722887053154 ], [ 8565819.307331988587976, 1039616.538722887053154 ] ] ] } },
{ "type": "Feature", "properties": { "raster_val": 712 }, "geometry": { "type": "Polygon", "coordinates": [ [ [ 8563090.545524891465902, 1039740.573350482387468 ], [ 8563152.56283869035542, 1039740.573350482387468 ], [ 8563152.56283869035542, 1039709.564693583524786 ], [ 8563121.554181791841984, 1039709.564693583524786 ], [ 8563121.554181791841984, 1039461.495438392972574 ], [ 8562966.510897297412157, 1039461.495438392972574 ], [ 8562966.510897297412157, 1039523.512752190581523 ], [ 8562997.519554195925593, 1039523.512752190581523 ], [ 8562997.519554195925593, 1039492.504095291718841 ], [ 8563090.545524891465902, 1039492.504095291718841 ], [ 8563090.545524891465902, 1039740.573350482387468 ] ] ] } },
{ "type": "Feature", "properties": { "raster_val": 719 }, "geometry": { "type": "Polygon", "coordinates": [ [ [ 8565385.186135405674577, 1039678.556036684662104 ], [ 8565416.194792304188013, 1039678.556036684662104 ], [ 8565416.194792304188013, 1039616.538722887053154 ], [ 8565354.177478505298495, 1039616.538722887053154 ], [ 8565354.177478505298495, 1039461.495438392972574 ], [ 8565199.134194012731314, 1039461.495438392972574 ], [ 8565199.134194012731314, 1039430.486781494109891 ], [ 8565168.125537112355232, 1039430.486781494109891 ], [ 8565168.125537112355232, 1039492.504095291718841 ], [ 8565323.168821606785059, 1039492.504095291718841 ], [ 8565323.168821606785059, 1039647.547379785915837 ], [ 8565385.186135405674577, 1039647.547379785915837 ], [ 8565385.186135405674577, 1039678.556036684662104 ] ] ] } },
{ "type": "Feature", "properties": { "raster_val": 720 }, "geometry": { "type": "Polygon", "coordinates": [ [ [ 8566005.359273381531239, 1039647.547379785915837 ], [ 8566160.402557875961065, 1039647.547379785915837 ], [ 8566160.402557875961065, 1039523.512752190581523 ], [ 8566129.393900977447629, 1039523.512752190581523 ], [ 8566129.393900977447629, 1039616.538722887053154 ], [ 8566036.367930280044675, 1039616.538722887053154 ], [ 8566036.367930280044675, 1039461.495438392972574 ], [ 8565943.341959584504366, 1039461.495438392972574 ], [ 8565943.341959584504366, 1039492.504095291718841 ], [ 8566005.359273381531239, 1039492.504095291718841 ], [ 8566005.359273381531239, 1039647.547379785915837 ] ] ] } },
{ "type": "Feature", "properties": { "raster_val": 723 }, "geometry": { "type": "Polygon", "coordinates": [ [ [ 8568517.060482185333967, 1039647.547379785915837 ], [ 8568672.103766679763794, 1039647.547379785915837 ], [ 8568672.103766679763794, 1039616.538722887053154 ], [ 8568548.069139083847404, 1039616.538722887053154 ], [ 8568548.069139083847404, 1039461.495438392972574 ], [ 8568362.01719769090414, 1039461.495438392972574 ], [ 8568362.01719769090414, 1039492.504095291718841 ], [ 8568517.060482185333967, 1039492.504095291718841 ], [ 8568517.060482185333967, 1039647.547379785915837 ] ] ] } },
{ "type": "Feature", "properties": { "raster_val": 711 }, "geometry": { "type": "Polygon", "coordinates": [ [ [ 8570036.484670227393508, 1039771.582007381133735 ], [ 8570036.484670227393508, 1039306.452153898891993 ], [ 8570067.493327125906944, 1039306.452153898891993 ], [ 8570067.493327125906944, 1039771.582007381133735 ], [ 8570036.484670227393508, 1039771.582007381133735 ] ] ] } },
{ "type": "Feature", "properties": { "raster_val": 721 }, "geometry": { "type": "Polygon", "coordinates": [ [ [ 8566439.480469964444637, 1039647.547379785915837 ], [ 8566439.480469964444637, 1039399.478124595363624 ], [ 8566470.489126862958074, 1039399.478124595363624 ], [ 8566470.489126862958074, 1039616.538722887053154 ], [ 8566532.506440661847591, 1039616.538722887053154 ], [ 8566532.506440661847591, 1039492.504095291718841 ], [ 8566563.515097560361028, 1039492.504095291718841 ], [ 8566563.515097560361028, 1039647.547379785915837 ], [ 8566439.480469964444637, 1039647.547379785915837 ] ] ] } },
{ "type": "Feature", "properties": { "raster_val": 726 }, "geometry": { "type": "Polygon", "coordinates": [ [ [ 8563245.588809385895729, 1039585.530065988190472 ], [ 8563245.588809385895729, 1039399.478124595363624 ], [ 8563400.632093880325556, 1039399.478124595363624 ], [ 8563400.632093880325556, 1039306.452153898891993 ], [ 8563462.649407677352428, 1039306.452153898891993 ], [ 8563462.649407677352428, 1039337.46081079763826 ], [ 8563431.640750778838992, 1039337.46081079763826 ], [ 8563431.640750778838992, 1039430.486781494109891 ], [ 8563276.597466284409165, 1039430.486781494109891 ], [ 8563276.597466284409165, 1039585.530065988190472 ], [ 8563245.588809385895729, 1039585.530065988190472 ] ] ] } },
{ "type": "Feature", "properties": { "raster_val": 727 }, "geometry": { "type": "Polygon", "coordinates": [ [ [ 8567524.783461423590779, 1039585.530065988190472 ], [ 8567524.783461423590779, 1039461.495438392972574 ], [ 8567741.844059715047479, 1039461.495438392972574 ], [ 8567741.844059715047479, 1039399.478124595363624 ], [ 8567834.870030412450433, 1039399.478124595363624 ], [ 8567834.870030412450433, 1039430.486781494109891 ], [ 8567772.852716613560915, 1039430.486781494109891 ], [ 8567772.852716613560915, 1039492.504095291718841 ], [ 8567555.792118322104216, 1039492.504095291718841 ], [ 8567555.792118322104216, 1039585.530065988190472 ], [ 8567524.783461423590779, 1039585.530065988190472 ] ] ] } },
{ "type": "Feature", "properties": { "raster_val": 728 }, "geometry": { "type": "Polygon", "coordinates": [ [ [ 8564920.056281922385097, 1039523.512752190581523 ], [ 8564920.056281922385097, 1039461.495438392972574 ], [ 8565013.082252619788051, 1039461.495438392972574 ], [ 8565013.082252619788051, 1039399.478124595363624 ], [ 8565199.134194012731314, 1039399.478124595363624 ], [ 8565199.134194012731314, 1039430.486781494109891 ], [ 8565044.090909518301487, 1039430.486781494109891 ], [ 8565044.090909518301487, 1039492.504095291718841 ], [ 8564951.064938820898533, 1039492.504095291718841 ], [ 8564951.064938820898533, 1039523.512752190581523 ], [ 8564920.056281922385097, 1039523.512752190581523 ] ] ] } },
{ "type": "Feature", "properties": { "raster_val": 729 }, "geometry": { "type": "Polygon", "coordinates": [ [ [ 8566129.393900977447629, 1039523.512752190581523 ], [ 8566129.393900977447629, 1039461.495438392972574 ], [ 8566222.419871672987938, 1039461.495438392972574 ], [ 8566222.419871672987938, 1039399.478124595363624 ], [ 8566439.480469964444637, 1039399.478124595363624 ], [ 8566439.480469964444637, 1039430.486781494109891 ], [ 8566253.428528571501374, 1039430.486781494109891 ], [ 8566253.428528571501374, 1039492.504095291718841 ], [ 8566160.402557875961065, 1039492.504095291718841 ], [ 8566160.402557875961065, 1039523.512752190581523 ], [ 8566129.393900977447629, 1039523.512752190581523 ] ] ] } },
{ "type": "Feature", "properties": { "raster_val": 713 }, "geometry": { "type": "Polygon", "coordinates": [ [ [ 8563989.796574957668781, 1039740.573350482387468 ], [ 8564020.805231856182218, 1039740.573350482387468 ], [ 8564020.805231856182218, 1039461.495438392972574 ], [ 8563896.770604262128472, 1039461.495438392972574 ], [ 8563896.770604262128472, 1039399.478124595363624 ], [ 8563865.761947363615036, 1039399.478124595363624 ], [ 8563865.761947363615036, 1039492.504095291718841 ], [ 8563989.796574957668781, 1039492.504095291718841 ], [ 8563989.796574957668781, 1039740.573350482387468 ] ] ] } },
{ "type": "Feature", "properties": { "raster_val": 731 }, "geometry": { "type": "Polygon", "coordinates": [ [ [ 8571431.874230675399303, 1039492.504095291718841 ], [ 8571431.874230675399303, 1039461.495438392972574 ], [ 8571710.952142763882875, 1039461.495438392972574 ], [ 8571710.952142763882875, 1039306.452153898891993 ], [ 8571741.960799662396312, 1039306.452153898891993 ], [ 8571741.960799662396312, 1039492.504095291718841 ], [ 8571431.874230675399303, 1039492.504095291718841 ] ] ] } },
{ "type": "Feature", "properties": { "raster_val": 730 }, "geometry": { "type": "Polygon", "coordinates": [ [ [ 8566532.506440661847591, 1039492.504095291718841 ], [ 8566532.506440661847591, 1039306.452153898891993 ], [ 8566594.523754458874464, 1039306.452153898891993 ], [ 8566594.523754458874464, 1039151.408869404694997 ], [ 8566687.549725156277418, 1039151.408869404694997 ], [ 8566687.549725156277418, 1039182.417526303557679 ], [ 8566625.5324113573879, 1039182.417526303557679 ], [ 8566625.5324113573879, 1039337.46081079763826 ], [ 8566563.515097560361028, 1039337.46081079763826 ], [ 8566563.515097560361028, 1039492.504095291718841 ], [ 8566532.506440661847591, 1039492.504095291718841 ] ] ] } },
{ "type": "Feature", "properties": { "raster_val": 732 }, "geometry": { "type": "Polygon", "coordinates": [ [ [ 8563896.770604262128472, 1039430.486781494109891 ], [ 8563896.770604262128472, 1039399.478124595363624 ], [ 8564082.822545655071735, 1039399.478124595363624 ], [ 8564082.822545655071735, 1039151.408869404694997 ], [ 8564113.831202553585172, 1039151.408869404694997 ], [ 8564113.831202553585172, 1039430.486781494109891 ], [ 8563896.770604262128472, 1039430.486781494109891 ] ] ] } },
{ "type": "Feature", "properties": { "raster_val": 733 }, "geometry": { "type": "Polygon", "coordinates": [ [ [ 8567803.861373512074351, 1039399.478124595363624 ], [ 8567803.861373512074351, 1039151.408869404694997 ], [ 8567927.896001107990742, 1039151.408869404694997 ], [ 8567927.896001107990742, 1039089.391555607086048 ], [ 8567989.913314905017614, 1039089.391555607086048 ], [ 8567989.913314905017614, 1039120.40021250594873 ], [ 8567958.904658006504178, 1039120.40021250594873 ], [ 8567958.904658006504178, 1039182.417526303557679 ], [ 8567834.870030412450433, 1039182.417526303557679 ], [ 8567834.870030412450433, 1039399.478124595363624 ], [ 8567803.861373512074351, 1039399.478124595363624 ] ] ] } },
{ "type": "Feature", "properties": { "raster_val": 734 }, "geometry": { "type": "Polygon", "coordinates": [ [ [ 8563462.649407677352428, 1039337.46081079763826 ], [ 8563462.649407677352428, 1039306.452153898891993 ], [ 8563679.710005970671773, 1039306.452153898891993 ], [ 8563679.710005970671773, 1039151.408869404694997 ], [ 8563772.735976666212082, 1039151.408869404694997 ], [ 8563772.735976666212082, 1039182.417526303557679 ], [ 8563710.718662869185209, 1039182.417526303557679 ], [ 8563710.718662869185209, 1039337.46081079763826 ], [ 8563462.649407677352428, 1039337.46081079763826 ] ] ] } },
{ "type": "Feature", "properties": { "raster_val": 735 }, "geometry": { "type": "Polygon", "coordinates": [ [ [ 8569323.285561555996537, 1039337.46081079763826 ], [ 8569323.285561555996537, 1039151.408869404694997 ], [ 8569416.311532251536846, 1039151.408869404694997 ], [ 8569416.311532251536846, 1039182.417526303557679 ], [ 8569354.294218454509974, 1039182.417526303557679 ], [ 8569354.294218454509974, 1039306.452153898891993 ], [ 8569571.354816745966673, 1039306.452153898891993 ], [ 8569571.354816745966673, 1039337.46081079763826 ], [ 8569323.285561555996537, 1039337.46081079763826 ] ] ] } },
{ "type": "Feature", "properties": { "raster_val": 737 }, "geometry": { "type": "Polygon", "coordinates": [ [ [ 8571741.960799662396312, 1039337.46081079763826 ], [ 8571741.960799662396312, 1039306.452153898891993 ], [ 8571865.995427258312702, 1039306.452153898891993 ], [ 8571865.995427258312702, 1039151.408869404694997 ], [ 8572052.047368651255965, 1039151.408869404694997 ], [ 8572052.047368651255965, 1039182.417526303557679 ], [ 8571897.004084156826138, 1039182.417526303557679 ], [ 8571897.004084156826138, 1039337.46081079763826 ], [ 8571741.960799662396312, 1039337.46081079763826 ] ] ] } },
{ "type": "Feature", "properties": { "raster_val": 739 }, "geometry": { "type": "Polygon", "coordinates": [ [ [ 8563772.735976666212082, 1039182.417526303557679 ], [ 8563772.735976666212082, 1039151.408869404694997 ], [ 8564082.822545655071735, 1039151.408869404694997 ], [ 8564082.822545655071735, 1039182.417526303557679 ], [ 8563772.735976666212082, 1039182.417526303557679 ] ] ] } },
{ "type": "Feature", "properties": { "raster_val": 740 }, "geometry": { "type": "Polygon", "coordinates": [ [ [ 8566687.549725156277418, 1039182.417526303557679 ], [ 8566687.549725156277418, 1039089.391555607086048 ], [ 8566842.5930096488446, 1039089.391555607086048 ], [ 8566842.5930096488446, 1038996.365584910614416 ], [ 8566904.610323447734118, 1038996.365584910614416 ], [ 8566904.610323447734118, 1038934.348271113005467 ], [ 8566935.618980346247554, 1038934.348271113005467 ], [ 8566935.618980346247554, 1039027.374241809477098 ], [ 8566873.601666549220681, 1039027.374241809477098 ], [ 8566873.601666549220681, 1039120.40021250594873 ], [ 8566718.558382054790854, 1039120.40021250594873 ], [ 8566718.558382054790854, 1039182.417526303557679 ], [ 8566687.549725156277418, 1039182.417526303557679 ] ] ] } },
{ "type": "Feature", "properties": { "raster_val": 741 }, "geometry": { "type": "Polygon", "coordinates": [ [ [ 8569416.311532251536846, 1039182.417526303557679 ], [ 8569416.311532251536846, 1039151.408869404694997 ], [ 8569478.328846048563719, 1039151.408869404694997 ], [ 8569478.328846048563719, 1039182.417526303557679 ], [ 8569416.311532251536846, 1039182.417526303557679 ] ] ] } },
{ "type": "Feature", "properties": { "raster_val": 736 }, "geometry": { "type": "Polygon", "coordinates": [ [ [ 8569571.354816745966673, 1039337.46081079763826 ], [ 8569602.363473644480109, 1039337.46081079763826 ], [ 8569602.363473644480109, 1039182.417526303557679 ], [ 8569695.389444341883063, 1039182.417526303557679 ], [ 8569695.389444341883063, 1039151.408869404694997 ], [ 8569602.363473644480109, 1039151.408869404694997 ], [ 8569602.363473644480109, 1039120.40021250594873 ], [ 8569633.372130542993546, 1039120.40021250594873 ], [ 8569633.372130542993546, 1039089.391555607086048 ], [ 8569571.354816745966673, 1039089.391555607086048 ], [ 8569571.354816745966673, 1039151.408869404694997 ], [ 8569478.328846048563719, 1039151.408869404694997 ], [ 8569478.328846048563719, 1039182.417526303557679 ], [ 8569571.354816745966673, 1039182.417526303557679 ], [ 8569571.354816745966673, 1039337.46081079763826 ] ] ] } },
{ "type": "Feature", "properties": { "raster_val": 743 }, "geometry": { "type": "Polygon", "coordinates": [ [ [ 8572052.047368651255965, 1039182.417526303557679 ], [ 8572052.047368651255965, 1039151.408869404694997 ], [ 8572083.056025549769402, 1039151.408869404694997 ], [ 8572083.056025549769402, 1039089.391555607086048 ], [ 8572176.081996247172356, 1039089.391555607086048 ], [ 8572176.081996247172356, 1038996.365584910614416 ], [ 8572362.133937640115619, 1038996.365584910614416 ], [ 8572362.133937640115619, 1039027.374241809477098 ], [ 8572207.090653145685792, 1039027.374241809477098 ], [ 8572207.090653145685792, 1039120.40021250594873 ], [ 8572114.064682448282838, 1039120.40021250594873 ], [ 8572114.064682448282838, 1039182.417526303557679 ], [ 8572052.047368651255965, 1039182.417526303557679 ] ] ] } },
{ "type": "Feature", "properties": { "raster_val": 742 }, "geometry": { "type": "Polygon", "coordinates": [ [ [ 8569695.389444341883063, 1039182.417526303557679 ], [ 8569757.406758138909936, 1039182.417526303557679 ], [ 8569757.406758138909936, 1039120.40021250594873 ], [ 8569788.415415037423372, 1039120.40021250594873 ], [ 8569788.415415037423372, 1039089.391555607086048 ], [ 8569757.406758138909936, 1039089.391555607086048 ], [ 8569757.406758138909936, 1039027.374241809477098 ], [ 8569881.441385734826326, 1039027.374241809477098 ], [ 8569881.441385734826326, 1038996.365584910614416 ], [ 8569726.3981012403965, 1038996.365584910614416 ], [ 8569726.3981012403965, 1039089.391555607086048 ], [ 8569633.372130542993546, 1039089.391555607086048 ], [ 8569633.372130542993546, 1039120.40021250594873 ], [ 8569726.3981012403965, 1039120.40021250594873 ], [ 8569726.3981012403965, 1039151.408869404694997 ], [ 8569695.389444341883063, 1039151.408869404694997 ], [ 8569695.389444341883063, 1039182.417526303557679 ] ] ] } },
{ "type": "Feature", "properties": { "raster_val": 738 }, "geometry": { "type": "Polygon", "coordinates": [ [ [ 8570036.484670227393508, 1039306.452153898891993 ], [ 8570067.493327125906944, 1039306.452153898891993 ], [ 8570067.493327125906944, 1039151.408869404694997 ], [ 8569912.450042633339763, 1039151.408869404694997 ], [ 8569912.450042633339763, 1039089.391555607086048 ], [ 8569788.415415037423372, 1039089.391555607086048 ], [ 8569788.415415037423372, 1039120.40021250594873 ], [ 8569881.441385734826326, 1039120.40021250594873 ], [ 8569881.441385734826326, 1039182.417526303557679 ], [ 8570036.484670227393508, 1039182.417526303557679 ], [ 8570036.484670227393508, 1039306.452153898891993 ] ] ] } },
{ "type": "Feature", "properties": { "raster_val": 744 }, "geometry": { "type": "Polygon", "coordinates": [ [ [ 8567989.913314905017614, 1039120.40021250594873 ], [ 8567989.913314905017614, 1039089.391555607086048 ], [ 8568051.930628703907132, 1039089.391555607086048 ], [ 8568051.930628703907132, 1038717.287672821315937 ], [ 8568082.939285602420568, 1038717.287672821315937 ], [ 8568082.939285602420568, 1039120.40021250594873 ], [ 8567989.913314905017614, 1039120.40021250594873 ] ] ] } },
{ "type": "Feature", "properties": { "raster_val": 745 }, "geometry": { "type": "Polygon", "coordinates": [ [ [ 8569881.441385734826326, 1039027.374241809477098 ], [ 8569881.441385734826326, 1038996.365584910614416 ], [ 8570036.484670227393508, 1038996.365584910614416 ], [ 8570036.484670227393508, 1038872.330957315396518 ], [ 8570222.536611620336771, 1038872.330957315396518 ], [ 8570222.536611620336771, 1038903.339614214142784 ], [ 8570067.493327125906944, 1038903.339614214142784 ], [ 8570067.493327125906944, 1039027.374241809477098 ], [ 8569881.441385734826326, 1039027.374241809477098 ] ] ] } },
{ "type": "Feature", "properties": { "raster_val": 746 }, "geometry": { "type": "Polygon", "coordinates": [ [ [ 8572362.133937640115619, 1039027.374241809477098 ], [ 8572362.133937640115619, 1038996.365584910614416 ], [ 8572393.142594538629055, 1038996.365584910614416 ], [ 8572393.142594538629055, 1038872.330957315396518 ], [ 8572486.168565234169364, 1038872.330957315396518 ], [ 8572486.168565234169364, 1038779.304986618924886 ], [ 8572610.203192830085754, 1038779.304986618924886 ], [ 8572610.203192830085754, 1038810.313643517671153 ], [ 8572517.177222134545445, 1038810.313643517671153 ], [ 8572517.177222134545445, 1038903.339614214142784 ], [ 8572424.151251437142491, 1038903.339614214142784 ], [ 8572424.151251437142491, 1039027.374241809477098 ], [ 8572362.133937640115619, 1039027.374241809477098 ] ] ] } },
{ "type": "Feature", "properties": { "raster_val": 747 }, "geometry": { "type": "Polygon", "coordinates": [ [ [ 8566904.610323447734118, 1038934.348271113005467 ], [ 8566904.610323447734118, 1038872.330957315396518 ], [ 8566997.636294143274426, 1038872.330957315396518 ], [ 8566997.636294143274426, 1038779.304986618924886 ], [ 8567121.670921739190817, 1038779.304986618924886 ], [ 8567121.670921739190817, 1038686.279015922453254 ], [ 8567152.679578637704253, 1038686.279015922453254 ], [ 8567152.679578637704253, 1038810.313643517671153 ], [ 8567028.644951041787863, 1038810.313643517671153 ], [ 8567028.644951041787863, 1038903.339614214142784 ], [ 8566935.618980346247554, 1038903.339614214142784 ], [ 8566935.618980346247554, 1038934.348271113005467 ], [ 8566904.610323447734118, 1038934.348271113005467 ] ] ] } },
{ "type": "Feature", "properties": { "raster_val": 749 }, "geometry": { "type": "Polygon", "coordinates": [ [ [ 8572610.203192830085754, 1038903.339614214142784 ], [ 8572610.203192830085754, 1038779.304986618924886 ], [ 8572641.211849728599191, 1038779.304986618924886 ], [ 8572641.211849728599191, 1038872.330957315396518 ], [ 8572703.229163525626063, 1038872.330957315396518 ], [ 8572703.229163525626063, 1038779.304986618924886 ], [ 8572765.246477324515581, 1038779.304986618924886 ], [ 8572765.246477324515581, 1038686.279015922453254 ], [ 8572796.255134223029017, 1038686.279015922453254 ], [ 8572796.255134223029017, 1038810.313643517671153 ], [ 8572734.237820426002145, 1038810.313643517671153 ], [ 8572734.237820426002145, 1038903.339614214142784 ], [ 8572610.203192830085754, 1038903.339614214142784 ] ] ] } },
{ "type": "Feature", "properties": { "raster_val": 748 }, "geometry": { "type": "Polygon", "coordinates": [ [ [ 8570222.536611620336771, 1038903.339614214142784 ], [ 8570222.536611620336771, 1038872.330957315396518 ], [ 8570253.545268518850207, 1038872.330957315396518 ], [ 8570253.545268518850207, 1038779.304986618924886 ], [ 8570346.571239216253161, 1038779.304986618924886 ], [ 8570346.571239216253161, 1038562.244388327118941 ], [ 8570377.579896114766598, 1038562.244388327118941 ], [ 8570377.579896114766598, 1038810.313643517671153 ], [ 8570284.553925419226289, 1038810.313643517671153 ], [ 8570284.553925419226289, 1038903.339614214142784 ], [ 8570222.536611620336771, 1038903.339614214142784 ] ] ] } },
{ "type": "Feature", "properties": { "raster_val": 750 }, "geometry": { "type": "Polygon", "coordinates": [ [ [ 8567152.679578637704253, 1038717.287672821315937 ], [ 8567152.679578637704253, 1038686.279015922453254 ], [ 8567431.75749072805047, 1038686.279015922453254 ], [ 8567431.75749072805047, 1038562.244388327118941 ], [ 8567493.774804525077343, 1038562.244388327118941 ], [ 8567493.774804525077343, 1038593.253045225981623 ], [ 8567462.766147626563907, 1038593.253045225981623 ], [ 8567462.766147626563907, 1038717.287672821315937 ], [ 8567152.679578637704253, 1038717.287672821315937 ] ] ] } },
{ "type": "Feature", "properties": { "raster_val": 753 }, "geometry": { "type": "Polygon", "coordinates": [ [ [ 8567493.774804525077343, 1038593.253045225981623 ], [ 8567493.774804525077343, 1038562.244388327118941 ], [ 8567741.844059715047479, 1038562.244388327118941 ], [ 8567741.844059715047479, 1038593.253045225981623 ], [ 8567493.774804525077343, 1038593.253045225981623 ] ] ] } },
{ "type": "Feature", "properties": { "raster_val": 751 }, "geometry": { "type": "Polygon", "coordinates": [ [ [ 8568051.930628703907132, 1038717.287672821315937 ], [ 8568082.939285602420568, 1038717.287672821315937 ], [ 8568082.939285602420568, 1038562.244388327118941 ], [ 8567741.844059715047479, 1038562.244388327118941 ], [ 8567741.844059715047479, 1038593.253045225981623 ], [ 8568051.930628703907132, 1038593.253045225981623 ], [ 8568051.930628703907132, 1038717.287672821315937 ] ] ] } },
{ "type": "Feature", "properties": { "raster_val": 754 }, "geometry": { "type": "Polygon", "coordinates": [ [ [ 8570377.579896114766598, 1038593.253045225981623 ], [ 8570377.579896114766598, 1038562.244388327118941 ], [ 8570563.631837507709861, 1038562.244388327118941 ], [ 8570563.631837507709861, 1038500.227074529509991 ], [ 8570780.69243579916656, 1038500.227074529509991 ], [ 8570780.69243579916656, 1038531.235731428372674 ], [ 8570594.640494406223297, 1038531.235731428372674 ], [ 8570594.640494406223297, 1038593.253045225981623 ], [ 8570377.579896114766598, 1038593.253045225981623 ] ] ] } },
{ "type": "Feature", "properties": { "raster_val": 755 }, "geometry": { "type": "Polygon", "coordinates": [ [ [ 8571710.952142763882875, 1038593.253045225981623 ], [ 8571897.004084156826138, 1038593.253045225981623 ], [ 8571897.004084156826138, 1038500.227074529509991 ], [ 8571865.995427258312702, 1038500.227074529509991 ], [ 8571865.995427258312702, 1038562.244388327118941 ], [ 8571741.960799662396312, 1038562.244388327118941 ], [ 8571741.960799662396312, 1038500.227074529509991 ], [ 8571555.908858269453049, 1038500.227074529509991 ], [ 8571555.908858269453049, 1038531.235731428372674 ], [ 8571710.952142763882875, 1038531.235731428372674 ], [ 8571710.952142763882875, 1038593.253045225981623 ] ] ] } },
{ "type": "Feature", "properties": { "raster_val": 756 }, "geometry": { "type": "Polygon", "coordinates": [ [ [ 8570780.69243579916656, 1038531.235731428372674 ], [ 8570780.69243579916656, 1038500.227074529509991 ], [ 8570842.709749598056078, 1038500.227074529509991 ], [ 8570842.709749598056078, 1038376.192446934292093 ], [ 8570997.75303409062326, 1038376.192446934292093 ], [ 8570997.75303409062326, 1038531.235731428372674 ], [ 8570966.744377192109823, 1038531.235731428372674 ], [ 8570966.744377192109823, 1038407.20110383303836 ], [ 8570873.718406496569514, 1038407.20110383303836 ], [ 8570873.718406496569514, 1038531.235731428372674 ], [ 8570780.69243579916656, 1038531.235731428372674 ] ] ] } },
{ "type": "Feature", "properties": { "raster_val": 757 }, "geometry": { "type": "Polygon", "coordinates": [ [ [ 8570997.75303409062326, 1038531.235731428372674 ], [ 8570997.75303409062326, 1038500.227074529509991 ], [ 8571245.82228928245604, 1038500.227074529509991 ], [ 8571245.82228928245604, 1038376.192446934292093 ], [ 8571338.848259977996349, 1038376.192446934292093 ], [ 8571338.848259977996349, 1038407.20110383303836 ], [ 8571276.830946180969477, 1038407.20110383303836 ], [ 8571276.830946180969477, 1038531.235731428372674 ], [ 8570997.75303409062326, 1038531.235731428372674 ] ] ] } },
{ "type": "Feature", "properties": { "raster_val": 759 }, "geometry": { "type": "Polygon", "coordinates": [ [ [ 8571897.004084156826138, 1038531.235731428372674 ], [ 8571897.004084156826138, 1038500.227074529509991 ], [ 8571990.030054854229093, 1038500.227074529509991 ], [ 8571990.030054854229093, 1038376.192446934292093 ], [ 8572176.081996247172356, 1038376.192446934292093 ], [ 8572176.081996247172356, 1038345.183790035429411 ], [ 8572207.090653145685792, 1038345.183790035429411 ], [ 8572207.090653145685792, 1038407.20110383303836 ], [ 8572021.038711752742529, 1038407.20110383303836 ], [ 8572021.038711752742529, 1038531.235731428372674 ], [ 8571897.004084156826138, 1038531.235731428372674 ] ] ] } },
{ "type": "Feature", "properties": { "raster_val": 752 }, "geometry": { "type": "Polygon", "coordinates": [ [ [ 8572765.246477324515581, 1038686.279015922453254 ], [ 8572796.255134223029017, 1038686.279015922453254 ], [ 8572796.255134223029017, 1038562.244388327118941 ], [ 8572734.237820426002145, 1038562.244388327118941 ], [ 8572734.237820426002145, 1038500.227074529509991 ], [ 8572641.211849728599191, 1038500.227074529509991 ], [ 8572641.211849728599191, 1038376.192446934292093 ], [ 8572610.203192830085754, 1038376.192446934292093 ], [ 8572610.203192830085754, 1038531.235731428372674 ], [ 8572703.229163525626063, 1038531.235731428372674 ], [ 8572703.229163525626063, 1038593.253045225981623 ], [ 8572765.246477324515581, 1038593.253045225981623 ], [ 8572765.246477324515581, 1038686.279015922453254 ] ] ] } },
{ "type": "Feature", "properties": { "raster_val": 758 }, "geometry": { "type": "Polygon", "coordinates": [ [ [ 8571400.865573776885867, 1038531.235731428372674 ], [ 8571555.908858269453049, 1038531.235731428372674 ], [ 8571555.908858269453049, 1038500.227074529509991 ], [ 8571431.874230675399303, 1038500.227074529509991 ], [ 8571431.874230675399303, 1038376.192446934292093 ], [ 8571338.848259977996349, 1038376.192446934292093 ], [ 8571338.848259977996349, 1038407.20110383303836 ], [ 8571400.865573776885867, 1038407.20110383303836 ], [ 8571400.865573776885867, 1038531.235731428372674 ] ] ] } },
{ "type": "Feature", "properties": { "raster_val": 761 }, "geometry": { "type": "Polygon", "coordinates": [ [ [ 8572176.081996247172356, 1038345.183790035429411 ], [ 8572176.081996247172356, 1038252.157819338957779 ], [ 8572269.107966942712665, 1038252.157819338957779 ], [ 8572269.107966942712665, 1038283.166476237820461 ], [ 8572207.090653145685792, 1038283.166476237820461 ], [ 8572207.090653145685792, 1038345.183790035429411 ], [ 8572176.081996247172356, 1038345.183790035429411 ] ] ] } },
{ "type": "Feature", "properties": { "raster_val": 760 }, "geometry": { "type": "Polygon", "coordinates": [ [ [ 8572486.168565234169364, 1038407.20110383303836 ], [ 8572610.203192830085754, 1038407.20110383303836 ], [ 8572610.203192830085754, 1038376.192446934292093 ], [ 8572517.177222134545445, 1038376.192446934292093 ], [ 8572517.177222134545445, 1038252.157819338957779 ], [ 8572269.107966942712665, 1038252.157819338957779 ], [ 8572269.107966942712665, 1038283.166476237820461 ], [ 8572486.168565234169364, 1038283.166476237820461 ], [ 8572486.168565234169364, 1038407.20110383303836 ] ] ] } }
]
}
