{

    "prob_food_forest" : 0.5074238681837308,
    "prob_drink_water_wet" : 0,
    "prob_drink_water_dry" : 0,
    "percent_memory_elephant" : 0.3751343983531148,
    "radius_food_search" :734.477987351556, 
    "radius_water_search" : 734.477987351556, 
    "terrain_radius" : 734.477987351556,
    "fitness_threshold" : 0.41537867141795937,
    "discount" : 0.9897053928720914,
    "tolerance" : 426.33824780381
}