targetID,row,col,reward,penalty
1,1,1,0.4903498301412977,0.32208788868844085
2,4,2,-0.0030306703559741244,-0.16715004275434214
3,4,4,0.11753238455290184,0.016574612477907813
4,5,4,0.38393026894495047,0.04701768936850759
